fighter,sig_str_landed,total_str_landed,td_landed,head_landed,body_landed,leg_landed,distance_landed,clinch_landed,ground_landed,sig_str_attempts,total_str_attempts,td_attempts,kd,sub_att,rev,ctrl_seconds,sig_str_acc,td_acc
AJ Cunningham,26.0,27.5,0.0,13.0,5.5,7.5,25.0,1.0,0.0,63.5,66.0,0.0,0.0,0.5,0.0,13.0,0.39384615384615385,0.0
AJ Dobson,48.0,62.5,1.25,26.25,7.25,14.5,41.75,4.5,1.75,107.75,127.0,1.5,0.0,0.0,0.25,106.0,0.4410282953761214,0.8333333333333333
AJ Fletcher,38.25,60.5,1.0,26.75,4.25,7.25,32.75,3.0,2.5,78.25,104.25,3.0,0.0,0.75,0.75,153.0,0.47846844193478494,0.2222222222222222
Aalon Cruz,1.0,1.0,0.0,1.0,0.0,0.0,1.0,0.0,0.0,7.5,7.5,1.5,0.0,0.0,0.0,8.0,0.08333333333333333,0.0
Aaron Brink,0.0,0.0,0.0,0.0,0.0,0.0,0.0,0.0,0.0,5.0,5.0,1.0,0.0,0.0,0.0,4.0,0.0,0.0
Aaron Phillips,19.75,106.25,0.75,9.0,9.5,1.25,11.0,5.5,3.25,37.0,134.0,1.5,0.0,0.5,0.25,108.5,0.49740028490028493,0.3
Aaron Pico,13.0,13.0,2.0,7.0,5.0,1.0,7.0,3.0,3.0,29.0,30.0,3.0,0.0,0.0,0.0,121.0,0.4482758620689655,0.6666666666666666
Aaron Riley,29.6,66.8,1.0,12.8,9.6,7.2,17.0,10.0,2.6,104.0,143.6,3.0,0.0,0.0,0.0,157.8,0.2866551593104598,0.25833333333333336
Aaron Rosa,44.0,135.66666666666666,0.0,27.0,14.0,3.0,26.666666666666668,17.333333333333332,0.0,96.66666666666667,199.33333333333334,0.3333333333333333,0.0,0.0,0.0,20.333333333333332,0.33459360833662505,0.0
Aaron Simpson,46.4,82.4,1.8,27.6,9.8,9.0,18.0,18.0,10.4,80.8,122.4,7.0,0.8,0.6,0.0,302.0,0.6085281385281386,0.3904761904761905
Aaron Wilkinson,0.0,0.0,1.0,0.0,0.0,0.0,0.0,0.0,0.0,1.0,1.0,1.0,0.0,0.0,1.0,64.0,0.0,1.0
Abdul Rakhman Yakhyaev,6.0,11.0,1.0,6.0,0.0,0.0,3.0,0.0,3.0,10.0,16.0,1.0,1.0,1.0,0.0,24.0,0.6,1.0
Abdul Razak Alhassan,22.8,27.8,0.6,18.6,2.6,1.6,10.2,4.2,8.4,42.6,48.4,1.6,0.4,0.2,0.0,105.8,0.5542359767891682,0.25
Abdul-Kareem Al-Selwady,38.0,50.0,3.0,15.0,8.0,15.0,34.0,4.0,0.0,68.0,84.0,7.0,0.0,0.0,0.0,164.0,0.5588235294117647,0.42857142857142855
Abdul-Kerim Edilov,77.0,150.0,2.0,59.0,16.0,2.0,9.0,6.0,62.0,125.0,210.0,2.0,0.0,1.0,0.0,333.0,0.616,1.0
Abel Trujillo,15.8,22.0,1.0,12.6,2.4,0.8,13.4,1.2,1.2,43.0,49.4,3.2,0.0,0.2,0.0,99.4,0.3632877539127539,0.3416666666666667
Abner Lloveras,94.0,99.0,2.0,55.0,33.0,6.0,76.0,18.0,0.0,189.0,194.0,10.0,0.0,0.0,0.0,173.0,0.4973544973544973,0.2
Abu Azaitar,65.66666666666667,121.33333333333333,1.0,33.0,24.0,8.666666666666666,47.666666666666664,11.333333333333334,6.666666666666667,151.0,213.33333333333334,2.6666666666666665,0.0,0.0,0.3333333333333333,117.0,0.4183143792538985,0.5
Abubakar Nurmagomedov,33.25,61.5,1.0,22.5,5.0,5.75,29.75,3.25,0.25,62.5,94.5,4.5,0.0,0.0,0.0,304.75,0.5196241017136539,0.39375
Abus Magomedov,35.0,56.6,2.4,20.6,10.6,3.8,29.6,1.0,4.4,71.2,104.0,4.0,0.0,0.4,0.0,229.8,0.5589148743846111,0.6517857142857143
Adam Cella,2.0,4.0,0.0,1.0,0.0,1.0,2.0,0.0,0.0,12.0,14.0,0.0,0.0,0.0,0.0,0.0,0.16666666666666666,0.0
Adam Fugitt,37.6,43.0,1.0,16.8,14.4,6.4,34.2,2.2,1.2,81.2,88.6,4.0,0.0,0.0,0.0,70.0,0.486585262033136,0.17410714285714285
Adam Milstead,31.75,39.0,0.0,26.25,3.25,2.25,25.25,5.5,1.0,67.75,75.75,0.0,0.0,0.0,0.0,5.0,0.6030701754385965,0.0
Adam Wieczorek,20.666666666666668,39.333333333333336,0.3333333333333333,9.333333333333334,7.0,4.333333333333333,14.333333333333334,4.0,2.3333333333333335,53.333333333333336,74.0,1.0,0.0,0.3333333333333333,0.0,88.33333333333333,0.3692657569850552,0.25
Adam Yandiev,1.0,1.0,0.0,0.0,0.0,1.0,1.0,0.0,0.0,12.0,12.0,0.0,0.0,0.0,0.0,0.0,0.08333333333333333,0.0
Adlan Amagov,26.5,40.0,3.0,11.0,4.0,11.5,14.5,7.5,4.5,62.5,76.0,5.5,0.5,0.0,0.0,137.0,0.48038073038073037,0.3
Adrian Serrano,6.0,55.0,0.0,2.0,4.0,0.0,3.0,3.0,0.0,23.0,79.0,2.0,0.0,0.0,1.0,187.0,0.2608695652173913,0.0
Adrian Yanez,39.0,40.4,0.0,28.6,5.2,5.2,33.0,0.8,5.2,86.4,88.4,0.2,0.4,0.0,0.0,21.2,0.46753598647408284,0.0
Adriano Martins,14.8,16.0,0.6,6.6,1.6,6.6,14.6,0.0,0.2,36.6,38.2,0.8,0.4,0.2,0.0,26.4,0.40902569774611425,0.75
Adriano Santos,11.0,21.0,2.0,8.0,2.0,1.0,4.0,0.0,7.0,36.0,47.0,3.0,0.0,0.0,1.0,0.0,0.3055555555555556,0.6666666666666666
Aiemann Zahabi,73.8,76.4,0.0,56.0,12.2,5.6,66.2,2.2,5.4,147.8,150.6,0.2,0.2,0.0,0.0,34.8,0.5231085740757777,0.0
Ailin Perez,42.6,84.2,4.4,26.0,7.6,9.0,21.4,5.6,15.6,76.6,128.6,9.2,0.2,0.2,0.4,365.4,0.5757051550821558,0.4424242424242424
Aisling Daly,34.0,89.33333333333333,1.6666666666666667,23.666666666666668,8.333333333333334,2.0,5.333333333333333,9.333333333333334,19.333333333333332,65.33333333333333,125.33333333333333,4.0,0.0,0.6666666666666666,0.0,422.6666666666667,0.5308913308913309,0.43333333333333335
Akbarh Arreola,24.25,39.25,0.75,12.75,6.5,5.0,17.5,1.0,5.75,53.5,70.25,0.75,0.5,0.25,0.0,43.5,0.4610379867646824,1.0
Akihiro Gono,30.0,38.333333333333336,1.3333333333333333,11.0,8.666666666666666,10.333333333333334,24.666666666666668,3.0,2.3333333333333335,57.0,65.66666666666667,1.6666666666666667,0.3333333333333333,0.3333333333333333,0.3333333333333333,113.66666666666667,0.49566694987255727,0.875
Akira Corassani,18.8,20.8,0.4,10.2,3.2,5.4,16.0,2.8,0.0,42.8,45.0,1.4,0.0,0.0,0.0,58.4,0.4247333777017922,0.16666666666666666
Al Iaquinta,57.8,58.8,0.0,36.8,12.6,8.4,57.6,0.0,0.2,147.6,148.6,3.2,0.0,0.0,0.0,7.2,0.3667017083256061,0.0
Alan Baudot,41.75,48.75,0.0,30.75,7.25,3.75,28.0,8.75,5.0,71.25,78.25,0.0,0.25,0.0,0.0,41.25,0.5191731710656944,0.0
Alan Belcher,21.4,33.8,0.2,13.4,4.4,3.6,11.4,0.8,9.2,61.0,74.2,0.8,0.0,0.8,0.2,132.8,0.42371939877822234,0.5
Alan Jouban,58.4,58.8,0.2,37.4,11.0,10.0,50.2,7.0,1.2,122.8,123.2,0.6,0.4,0.4,0.2,11.4,0.47429028603188145,0.25
Alan Omer,46.5,77.0,1.5,30.0,7.5,9.0,23.0,15.5,8.0,83.5,118.5,3.5,0.0,0.0,0.0,193.5,0.5522802280228023,0.41666666666666663
Alan Patrick,20.8,40.0,2.0,11.2,6.8,2.8,15.0,2.2,3.6,51.0,75.6,6.8,0.0,0.0,0.0,175.8,0.4162790907794787,0.15333333333333332
Alatengheili,35.0,55.2,1.4,22.4,7.6,5.0,32.8,0.2,2.0,106.0,134.6,2.2,0.2,0.0,0.0,129.8,0.36306184585770895,0.5625
Albert Cheng,5.0,5.0,0.0,4.0,1.0,0.0,5.0,0.0,0.0,12.0,12.0,1.0,0.0,0.0,0.0,6.0,0.4166666666666667,0.0
Albert Duraev,39.25,68.0,1.5,24.0,4.5,10.75,28.75,0.25,10.25,97.5,141.75,5.75,0.0,0.25,0.0,189.25,0.3688984795692113,0.375
Albert Morales,39.8,59.8,0.6,25.6,4.2,10.0,34.6,1.6,3.6,114.6,144.2,1.4,0.0,0.0,0.2,144.0,0.33135103482929573,0.4583333333333333
Albert Tumenov,47.4,48.0,0.0,37.2,8.2,2.0,44.8,2.6,0.0,112.0,113.0,0.8,0.2,0.0,0.0,5.2,0.4469041621584496,0.0
Alberta Cerra Leon,1.0,9.0,0.0,1.0,0.0,0.0,1.0,0.0,0.0,3.0,11.0,0.0,0.0,0.0,0.0,0.0,0.3333333333333333,0.0
Alberto Crane,4.0,13.0,0.0,1.5,1.5,1.0,4.0,0.0,0.0,16.0,26.0,5.5,0.5,2.5,1.0,134.5,0.41025641025641024,0.0
Alberto Mina,32.75,41.25,1.25,23.25,3.25,6.25,24.0,3.5,5.25,84.0,96.5,6.0,0.75,0.0,0.25,62.5,0.3889054438447587,0.3333333333333333
Alberto Uda,9.5,24.5,1.0,7.5,2.0,0.0,2.0,5.5,2.0,18.0,33.5,2.0,0.0,0.0,0.5,148.0,0.5,0.5
Alden Coria,42.0,77.0,2.0,34.0,1.0,7.0,29.0,0.0,13.0,95.0,131.0,2.0,0.0,0.0,1.0,198.0,0.4421052631578947,1.0
Alejandro Perez,34.0,38.2,0.4,20.4,6.0,7.6,30.8,1.6,1.6,110.0,114.6,1.2,0.2,0.4,0.0,21.6,0.2864562599561028,0.375
Aleksa Camur,66.75,92.5,0.5,37.5,21.5,7.75,51.25,15.25,0.25,119.75,146.75,2.25,0.0,0.0,0.0,96.75,0.5601760851760852,0.1875
Aleksandar Rakic,36.6,48.2,0.2,13.2,5.6,17.8,32.0,2.6,2.0,82.8,95.6,1.8,0.0,0.0,0.0,104.2,0.47002002568754325,0.0625
Aleksandra Albu,47.75,60.25,1.5,34.5,11.25,2.0,28.0,15.5,4.25,101.25,118.0,3.0,0.0,0.25,0.0,95.0,0.4861176919313405,0.3194444444444444
Aleksandre Topuria,44.0,60.0,1.5,31.5,10.0,2.5,39.5,3.0,1.5,80.0,99.5,4.5,0.0,0.0,0.0,221.0,0.5496171276761994,0.39285714285714285
Aleksei Kunchenko,55.0,102.25,0.25,31.25,8.5,15.25,43.0,9.5,2.5,124.0,174.25,0.75,0.0,0.0,0.0,32.25,0.4538585298460469,0.25
Aleksei Oleinik,20.4,36.6,0.4,9.8,4.8,5.8,18.6,1.0,0.8,45.8,63.0,0.8,0.0,0.8,0.4,84.4,0.4169146005509642,0.5
Alen Amedovski,5.0,5.0,0.0,3.25,0.5,1.25,4.25,0.0,0.75,16.5,16.5,0.0,0.0,0.0,0.25,3.25,0.25660650623885917,0.0
Alessandro Costa,38.8,52.4,0.4,22.6,7.0,9.2,28.4,4.2,6.2,80.2,98.2,2.4,0.4,0.4,0.0,50.2,0.45191856002956116,0.13888888888888887
Alessio Di Chirico,28.2,29.2,0.0,19.8,4.6,3.8,26.0,1.6,0.6,84.2,85.4,1.6,0.2,0.0,0.0,21.2,0.39748532571788947,0.0
Alessio Sakara,18.2,22.4,0.2,11.8,5.0,1.4,9.8,4.6,3.8,35.0,39.4,0.2,0.4,0.0,0.2,12.8,0.5550361291783455,1.0
Alex Andrade,12.0,30.0,0.0,8.0,3.0,1.0,6.0,6.0,0.0,27.0,45.0,1.0,1.0,0.0,0.0,93.0,0.4444444444444444,0.0
Alex Caceres,57.2,64.0,0.4,30.4,19.2,7.6,52.6,3.2,1.4,126.4,133.8,1.0,0.2,0.0,0.2,60.8,0.48058921656582215,0.41666666666666663
Alex Chambers,27.0,42.8,1.4,15.6,5.8,5.6,17.6,6.4,3.0,50.0,68.2,3.4,0.0,0.6,0.0,124.4,0.585853836882531,0.4928571428571429
Alex Da Silva,28.5,55.5,1.75,18.0,6.25,4.25,21.75,2.25,4.5,61.5,95.5,4.0,0.25,0.25,0.25,415.75,0.44990481010217853,0.47222222222222215
Alex Garcia,18.0,26.4,2.0,13.6,2.8,1.6,13.6,3.0,1.4,63.6,72.6,5.0,0.2,0.2,0.0,147.0,0.3196765708389367,0.37857142857142856
Alex Gorgees,10.0,22.0,0.0,5.0,3.0,2.0,5.0,5.0,0.0,31.0,43.0,0.0,0.0,0.0,0.0,0.0,0.3225806451612903,0.0
Alex Hunter,9.0,18.0,1.0,6.0,2.0,1.0,2.5,1.5,5.0,15.0,27.5,3.0,0.0,0.0,0.5,0.0,0.5972222222222223,0.6
Alex Karalexis,14.0,24.666666666666668,0.3333333333333333,11.666666666666666,1.6666666666666667,0.6666666666666666,3.6666666666666665,7.333333333333333,3.0,46.0,57.0,1.6666666666666667,0.0,1.0,0.0,87.0,0.3575757575757576,0.2
Alex Morono,57.6,67.8,0.4,43.8,9.0,4.8,55.0,2.0,0.6,168.8,181.4,1.0,0.0,0.2,0.0,17.8,0.3438649442548336,0.375
Alex Nicholson,29.25,30.25,0.0,16.75,5.75,6.75,27.25,1.25,0.75,67.0,68.0,0.0,0.25,0.25,0.0,0.25,0.3987300255089629,0.0
Alex Oliveira,29.4,35.4,0.6,12.0,8.8,8.6,24.8,2.8,1.8,55.8,62.2,1.4,0.2,0.2,0.0,73.2,0.5249668342410277,0.38888888888888884
Alex Pereira,58.6,65.4,0.0,31.4,10.2,17.0,46.2,3.6,8.8,94.2,101.2,0.2,0.8,0.0,0.0,5.8,0.6689244500324024,0.0
Alex Perez,29.8,42.8,0.8,15.6,7.2,7.0,24.0,3.0,2.8,69.4,84.6,1.4,0.2,0.0,0.0,77.6,0.4788220590898728,0.5333333333333333
Alex Reyes,29.666666666666668,36.666666666666664,0.6666666666666666,13.0,9.0,7.666666666666667,22.333333333333332,7.0,0.3333333333333333,63.666666666666664,71.0,2.3333333333333335,0.0,0.0,0.0,91.66666666666667,0.44093888567572775,0.2
Alex Ricci,24.5,52.0,0.0,9.5,9.5,5.5,17.0,7.5,0.0,59.5,88.5,1.0,0.0,0.0,0.0,44.0,0.4112994350282486,0.0
Alex Schoenauer,1.0,1.0,0.0,0.0,0.0,1.0,1.0,0.0,0.0,4.0,4.0,0.0,0.0,0.0,0.0,0.0,0.25,0.0
Alex Soto,23.5,26.0,1.5,9.5,10.5,3.5,20.5,2.0,1.0,93.0,96.5,5.0,0.0,0.0,0.0,27.0,0.4901685393258427,0.3
Alex Stiebling,4.0,38.0,0.0,3.0,1.0,0.0,0.0,1.0,3.0,7.0,42.0,0.0,0.0,1.0,0.0,0.0,0.5714285714285714,0.0
Alex Torres,37.0,40.0,2.0,22.0,8.0,7.0,26.0,11.0,0.0,99.0,102.0,9.0,0.0,0.0,0.0,195.0,0.37373737373737376,0.2222222222222222
Alex White,44.4,60.0,0.6,31.8,11.6,1.0,24.8,16.2,3.4,94.2,112.2,3.0,0.6,0.6,0.0,67.6,0.4609669446283773,0.5555555555555555
Alexa Grasso,71.8,168.8,0.4,44.4,13.0,14.4,60.6,10.2,1.0,186.8,292.6,2.0,0.2,0.8,0.2,66.0,0.3470924752524493,0.1875
Alexander Gustafsson,41.4,44.8,0.4,25.6,5.2,10.6,35.0,2.0,4.4,97.8,101.4,1.2,0.4,0.0,0.0,45.4,0.47425347958582326,0.3333333333333333
Alexander Hernandez,43.4,56.4,0.8,26.6,9.0,7.8,37.0,0.6,5.8,110.6,127.2,1.4,0.6,0.0,0.0,119.0,0.399682513865971,0.4
Alexander Munoz,53.666666666666664,58.333333333333336,2.6666666666666665,36.333333333333336,9.666666666666666,7.666666666666667,45.666666666666664,3.0,5.0,141.33333333333334,146.33333333333334,8.0,0.3333333333333333,0.0,0.0,143.0,0.3755712073019765,0.3326719576719577
Alexander Volkanovski,69.0,107.2,1.6,48.4,9.0,11.6,54.4,4.2,10.4,122.4,168.8,5.4,0.2,0.0,0.0,147.0,0.5771760947596769,0.22474747474747478
Alexander Volkov,50.2,89.0,0.6,29.2,12.2,8.8,39.2,3.0,8.0,83.0,125.8,1.0,0.2,0.4,0.2,133.4,0.6821093785005558,0.375
Alexander Yakovlev,12.2,20.0,1.2,5.4,4.0,2.8,7.6,1.8,2.8,25.0,33.8,2.6,0.0,0.2,0.0,126.2,0.6234726188293032,0.59375
Alexandr Romanov,34.2,57.4,2.0,22.6,4.2,7.4,27.0,3.4,3.8,67.2,95.4,4.8,0.0,0.2,0.2,193.2,0.499124788255223,0.39999999999999997
Alexandre Barros,8.0,13.0,1.0,1.0,1.0,6.0,4.0,3.0,1.0,20.0,25.0,2.0,0.0,0.0,0.0,136.0,0.4,0.5
Alexandre Dantas,7.5,12.5,1.0,7.0,0.0,0.5,0.5,0.5,6.5,23.5,29.5,7.5,0.0,0.5,0.5,250.5,0.2877906976744186,0.125
Alexandre Ferreira,6.0,9.0,0.0,1.0,3.0,2.0,3.0,3.0,0.0,10.0,13.0,3.0,0.0,0.0,0.0,0.0,0.6,0.0
Alexandre Pantoja,84.6,106.6,5.8,54.6,18.0,12.0,68.8,6.8,9.0,160.0,188.0,11.4,0.2,0.8,0.0,511.6,0.5528644797268413,0.5038277511961722
Alexia Thainara,27.5,63.5,3.0,18.0,4.0,5.5,14.5,4.5,8.5,64.0,117.0,6.0,0.0,1.5,0.0,403.0,0.4675122385402759,0.7272727272727273
Alexis Davis,81.2,137.4,1.2,41.4,14.6,25.2,63.0,7.0,11.2,142.6,213.8,2.2,0.0,0.0,0.2,325.2,0.5822210985697657,0.7
Alexis Dufresne,20.0,49.0,1.5,6.0,4.0,10.0,15.5,1.0,3.5,72.0,104.0,3.0,0.0,0.0,0.5,334.5,0.33497536945812806,0.5
Alfonso Alcarez,34.0,69.0,1.0,21.0,6.0,7.0,9.0,21.0,4.0,62.0,101.0,2.0,0.0,0.0,0.0,126.0,0.5483870967741935,0.5
Ali AlQaisi,36.5,56.0,3.5,20.0,5.0,11.5,31.5,4.5,0.5,86.0,110.5,12.0,0.0,1.0,0.0,237.5,0.4259417199715707,0.2777777777777778
Ali Bagautinov,48.4,71.8,3.0,23.8,18.4,6.2,23.2,10.6,14.6,108.6,135.2,8.6,0.0,0.2,0.2,325.6,0.4476533780314117,0.325
Aliaskhab Khizriev,21.5,27.5,1.0,15.5,4.5,1.5,17.0,0.5,4.0,34.5,40.5,1.5,0.0,0.5,0.0,83.0,0.5634328358208955,0.6666666666666666
Alibi Idiris,28.0,50.0,0.0,9.0,17.0,2.0,22.0,6.0,0.0,56.0,82.0,1.0,0.0,0.0,1.0,64.0,0.5,0.0
Alice Ardelean,110.25,122.0,1.0,79.75,19.0,11.5,107.0,2.25,1.0,240.25,256.5,2.25,0.0,0.0,0.25,117.0,0.47098214285714285,0.4583333333333333
Alice Pereira,37.0,43.0,0.0,29.0,7.0,1.0,35.0,2.0,0.0,117.0,123.0,3.0,0.0,0.0,0.0,19.0,0.3162393162393162,0.0
Alistair Overeem,54.6,69.0,1.2,37.0,11.6,6.0,19.2,7.6,27.8,71.4,87.2,3.2,0.4,0.0,0.0,235.0,0.7381134654818865,0.44000000000000006
Aljamain Sterling,65.4,99.4,4.2,30.0,18.8,16.6,50.2,7.8,7.4,113.8,152.8,8.8,0.0,0.0,0.4,305.6,0.5371322342731414,0.4264102564102564
Allan Goes,36.0,43.0,0.0,16.0,4.0,16.0,29.0,6.0,1.0,49.0,56.0,0.0,1.0,0.0,0.0,0.0,0.7346938775510204,0.0
Allan Nascimento,22.8,40.2,1.0,8.8,4.6,9.4,18.0,0.8,4.0,47.8,68.4,3.2,0.0,1.0,1.0,234.0,0.5077377499116629,0.2333333333333333
Allan Zuniga,59.0,93.0,0.0,33.0,18.0,8.0,44.0,14.0,1.0,112.0,147.0,0.0,0.0,1.0,0.0,0.0,0.5267857142857143,0.0
Allen Berube,4.0,26.0,2.0,4.0,0.0,0.0,0.0,0.0,4.0,5.0,28.0,2.0,0.0,1.0,0.0,159.0,0.8,1.0
Allen Crowder,9.0,11.0,0.3333333333333333,6.0,0.3333333333333333,2.6666666666666665,7.0,1.0,1.0,23.0,25.333333333333332,1.0,0.0,0.3333333333333333,0.0,47.666666666666664,0.2649122807017544,0.3333333333333333
Alonzo Menifield,26.8,33.8,0.0,19.4,5.4,2.0,25.0,1.8,0.0,63.6,72.2,0.2,0.0,0.0,0.0,18.8,0.33349260508728945,0.0
Alptekin Ozkilic,47.5,57.25,3.5,36.0,7.5,4.0,38.5,6.25,2.75,147.0,159.0,6.0,0.0,0.0,0.0,187.0,0.30809264858424124,0.5565476190476191
Alvaro Herrera Mendoza,6.25,6.5,0.0,4.25,1.75,0.25,5.0,0.75,0.5,16.25,16.5,0.0,0.25,0.25,0.0,2.75,0.37401125444603706,0.0
Alvin Hines,82.0,83.0,1.0,56.0,21.0,5.0,80.0,2.0,0.0,259.0,260.0,10.0,0.0,0.0,0.0,5.0,0.3166023166023166,0.1
Alvin Robinson,14.25,61.75,0.75,13.25,0.75,0.25,3.25,1.25,9.75,28.25,84.0,1.5,0.0,0.75,1.0,167.25,0.4240613553113553,0.5
Amanda Cooper,34.6,63.0,1.0,26.6,4.6,3.4,22.2,1.4,11.0,78.0,114.4,2.6,0.0,0.8,0.0,198.8,0.40870874861572537,0.3333333333333333
Amanda Lemos,20.4,30.0,1.0,13.4,3.4,3.6,13.8,1.4,5.2,41.2,51.4,1.4,0.2,0.8,0.4,167.8,0.4768145743145743,0.8
Amanda Nunes,83.0,106.2,3.8,61.0,10.4,11.6,63.4,1.2,18.4,151.4,176.8,5.8,0.6,0.8,0.0,373.4,0.5710262898582423,0.7671703296703296
Amanda Ribas,50.4,90.4,1.8,29.0,8.0,13.4,46.0,2.6,1.8,139.2,186.8,3.4,0.2,0.0,0.0,127.6,0.37780226655226656,0.5
Amar Suloev,17.5,17.5,0.5,10.5,1.0,6.0,16.5,0.0,1.0,42.0,42.0,0.5,0.0,0.5,0.0,1.5,0.48840579710144927,1.0
Amaury Bitetti,4.0,20.0,0.0,2.5,0.5,1.0,2.0,2.0,0.0,7.5,25.0,3.0,0.0,0.0,0.0,6.5,0.5,0.0
Amilcar Alves,7.0,18.5,0.0,4.0,2.0,1.0,3.5,1.5,2.0,15.0,30.0,0.5,0.0,0.0,0.0,0.0,0.45,0.0
Amir Albazi,44.6,61.2,1.4,30.8,7.6,6.2,38.4,0.6,5.6,129.6,149.6,4.8,0.4,0.4,0.0,221.4,0.4180920969099383,0.3555555555555555
Amir Sadollah,59.2,76.2,0.6,31.6,12.6,15.0,41.2,11.6,6.4,138.2,157.6,3.0,0.0,0.2,0.0,83.6,0.44116173688579935,0.3333333333333333
Anderson Dos Santos,31.0,42.0,0.75,21.75,3.75,5.5,26.75,2.5,1.75,121.5,133.25,5.25,0.0,0.5,0.0,109.0,0.3202154254162862,0.09722222222222221
Anderson Silva,30.4,36.6,0.0,14.0,9.2,7.2,26.0,3.4,1.0,63.6,69.8,0.0,0.0,0.0,0.0,6.2,0.47846759183968485,0.0
Andre Ewell,69.8,72.2,0.4,32.2,26.6,11.0,68.4,1.4,0.0,172.8,176.6,0.4,0.0,0.2,0.0,18.8,0.40041766284754854,1.0
Andre Fialho,25.0,28.6,0.2,16.2,5.8,3.0,20.8,4.0,0.2,59.0,63.4,0.2,0.2,0.0,0.0,15.4,0.4490736894934496,1.0
Andre Fili,33.2,36.8,1.2,25.6,5.2,2.4,27.4,3.4,2.4,84.4,88.6,3.4,0.2,0.0,0.0,74.2,0.3794154258439973,0.593939393939394
Andre Gusmao,25.5,32.0,0.0,7.0,9.5,9.0,16.0,9.5,0.0,58.5,66.0,0.5,0.0,0.0,0.0,55.0,0.45995670995670995,0.0
Andre Lima,51.75,73.5,1.25,23.5,11.0,17.25,45.5,5.75,0.5,88.5,114.25,1.75,0.0,1.25,0.0,215.75,0.5482432872039248,0.625
Andre Muniz,22.4,28.8,2.8,12.4,4.2,5.8,20.4,0.2,1.8,51.2,59.4,4.6,0.0,0.0,0.2,142.8,0.4579553049289891,0.4238095238095238
Andre Pederneiras,10.0,17.0,0.0,3.0,1.0,6.0,4.0,5.0,1.0,19.0,26.0,1.0,0.0,0.0,0.0,4.0,0.5263157894736842,0.0
Andre Petroski,26.2,41.4,1.6,12.4,6.0,7.8,24.2,0.4,1.6,54.4,74.2,3.4,0.0,0.2,0.0,271.6,0.521077121077121,0.4208333333333333
Andre Roberts,6.0,6.5,0.0,6.0,0.0,0.0,3.0,1.5,1.5,11.5,12.0,0.0,0.5,0.0,0.0,14.0,0.5833333333333333,0.0
Andre Soukhamthath,35.4,46.2,1.6,14.2,13.0,8.2,20.4,11.0,4.0,76.2,87.4,2.8,0.6,0.2,0.0,143.6,0.4401218224550222,0.6428571428571428
Andre Winner,24.6,31.8,0.0,12.2,7.0,5.4,17.0,7.0,0.6,83.8,91.0,0.2,0.4,0.0,0.0,20.6,0.3613085744664692,0.0
Andrea Lee,49.2,68.0,1.6,17.2,18.6,13.4,43.8,4.2,1.2,131.4,153.8,2.8,0.0,0.4,0.4,107.2,0.37437202973166783,0.47916666666666663
Andreas Gustafsson,51.5,78.0,4.0,35.5,11.0,5.0,15.5,26.5,9.5,73.5,102.0,7.0,0.0,0.0,0.0,287.0,0.514391447368421,0.5714285714285714
Andreas Michailidis,29.25,39.25,0.75,16.0,7.75,5.5,24.5,3.25,1.5,56.75,67.25,2.75,0.0,0.0,0.25,101.5,0.4627571333775713,0.3214285714285714
Andreas Stahl,27.5,41.5,1.0,16.5,6.5,4.5,20.0,6.5,1.0,72.5,89.0,1.5,0.0,0.0,0.0,99.5,0.39056703762586115,0.5
Andrei Arlovski,49.8,58.0,0.0,24.8,14.4,10.6,44.0,5.6,0.2,94.2,103.2,0.2,0.0,0.0,0.0,59.8,0.4923982260467083,0.0
Andrei Semenov,5.0,20.0,0.5,4.0,0.0,1.0,4.0,0.5,0.5,37.5,52.5,1.0,0.5,0.5,0.0,125.5,0.14055472263868066,0.5
Andrew Craig,29.2,63.2,0.4,20.4,4.4,4.4,21.0,4.6,3.6,72.2,109.6,1.0,0.2,0.0,0.2,88.8,0.4312739554805054,0.2222222222222222
Andrew Holbrook,15.6,36.2,0.4,9.4,4.6,1.6,7.6,5.4,2.6,31.6,54.2,2.2,0.0,1.0,0.2,75.4,0.5194753534376175,0.3333333333333333
Andrew Sanchez,44.0,63.4,1.8,29.6,9.0,5.4,38.4,3.0,2.6,116.4,139.0,5.0,0.2,0.0,0.0,189.2,0.4338910495474124,0.16666666666666669
Andrey Pulyaev,20.5,33.0,0.0,11.5,7.5,1.5,13.0,6.5,1.0,43.0,58.0,2.0,0.5,0.0,0.0,55.5,0.5346041055718476,0.0
Andy Anderson,2.0,6.0,0.0,2.0,0.0,0.0,0.0,0.0,2.0,2.0,6.0,2.0,0.0,0.0,1.0,0.0,1.0,0.0
Andy Enz,37.333333333333336,40.333333333333336,0.0,24.666666666666668,7.333333333333333,5.333333333333333,36.666666666666664,0.6666666666666666,0.0,160.66666666666666,164.0,0.3333333333333333,0.0,0.0,0.0,0.0,0.17526235530602344,0.0
Andy Ogle,22.2,68.6,1.2,12.6,7.0,2.6,16.6,1.2,4.4,51.6,100.6,3.0,0.0,0.0,0.2,374.0,0.44741862262146237,0.5083333333333333
Andy Wang,4.0,4.0,0.0,3.0,1.0,0.0,1.0,3.0,0.0,11.0,11.0,1.0,0.0,0.0,0.0,0.0,0.36363636363636365,0.0
Ange Loosa,73.4,116.2,3.0,46.8,14.8,11.8,50.8,11.2,11.4,145.6,195.6,7.0,0.2,0.0,0.0,244.2,0.49422247225451105,0.36725274725274726
Angel Pacheco,88.0,95.0,0.0,44.0,32.0,12.0,80.0,8.0,0.0,234.0,241.0,0.0,0.0,0.0,0.0,9.0,0.37606837606837606,0.0
Angela Hill,69.2,85.4,0.8,40.2,25.2,3.8,53.6,12.4,3.2,136.6,155.6,3.8,0.0,0.4,0.2,115.0,0.49314750884371134,0.16666666666666666
Angela Magana,19.0,24.666666666666668,0.3333333333333333,4.333333333333333,6.333333333333333,8.333333333333334,16.0,2.6666666666666665,0.3333333333333333,66.66666666666667,73.33333333333333,1.3333333333333333,0.0,0.3333333333333333,0.0,160.33333333333334,0.32520084043999503,0.3333333333333333
Anistavio Medeiros,8.0,8.0,0.0,2.0,0.0,6.0,8.0,0.0,0.0,18.0,18.0,0.0,0.0,0.0,0.0,0.0,0.4444444444444444,0.0
Anna Elmose,34.5,52.5,0.0,20.5,7.5,6.5,24.0,3.5,7.0,69.5,91.0,2.5,0.5,0.0,0.0,124.0,0.5441860465116279,0.0
Ansar Chalangov,2.0,2.0,0.0,1.5,0.0,0.5,1.0,0.5,0.5,3.0,3.0,1.0,0.0,1.5,0.5,26.0,0.75,0.0
Anshul Jubli,47.0,59.333333333333336,0.6666666666666666,33.0,9.333333333333334,4.666666666666667,34.333333333333336,2.0,10.666666666666666,82.0,98.33333333333333,3.3333333333333335,0.0,0.3333333333333333,0.0,144.0,0.42534195808907754,0.2
Ante Delija,14.5,16.5,0.0,13.0,1.0,0.5,12.0,0.5,2.0,32.0,34.0,0.5,0.5,0.0,0.0,16.5,0.45436507936507936,0.0
Anthony Birchak,23.8,38.8,0.0,12.4,6.4,5.0,16.4,5.4,2.0,65.4,81.4,1.2,0.4,0.2,0.2,39.0,0.3796062271062271,0.0
Anthony Christodoulou,20.0,26.5,0.0,14.5,3.0,2.5,16.5,3.5,0.0,75.0,81.5,0.5,0.0,0.0,0.0,23.0,0.2568139097744361,0.0
Anthony Hamilton,11.0,14.6,0.6,4.0,6.0,1.0,4.6,3.4,3.0,22.8,27.8,2.2,0.2,0.0,0.0,97.6,0.30045637743006165,0.3611111111111111
Anthony Hernandez,74.0,105.4,6.4,61.0,7.2,5.8,28.4,8.2,37.4,114.2,151.6,15.4,0.0,1.4,0.4,541.6,0.6374837178710069,0.4554590237348858
Anthony Ivy,20.0,29.0,2.5,13.0,5.0,2.0,11.5,5.5,3.0,47.5,58.0,12.0,0.0,0.0,0.0,175.0,0.39610389610389607,0.20833333333333334
Anthony Johnson,17.0,20.8,0.8,11.0,2.8,3.2,8.4,5.2,3.4,29.8,34.0,1.4,0.6,0.0,0.0,95.0,0.6025006105006105,0.611111111111111
Anthony Lapsley,5.0,37.0,0.0,3.5,1.0,0.5,2.5,0.0,2.5,14.5,47.5,2.5,0.0,0.0,0.5,160.0,0.31052631578947365,0.0
Anthony Macias,4.0,6.0,0.0,2.0,1.0,1.0,1.0,1.5,1.5,4.5,7.0,0.5,0.0,0.0,0.0,0.0,0.8888888888888888,0.0
Anthony Njokuani,39.0,42.8,0.0,16.6,12.4,10.0,36.4,2.4,0.2,90.6,94.6,0.4,0.2,0.0,0.0,1.6,0.4329090784803718,0.0
Anthony Perosh,7.4,11.0,0.2,6.8,0.0,0.6,4.0,0.0,3.4,20.8,24.8,0.8,0.2,0.2,0.0,33.4,0.4586373364314541,0.25
Anthony Pettis,47.2,61.4,0.0,28.2,9.4,9.6,40.4,5.0,1.8,85.2,101.4,0.4,0.2,0.2,0.6,76.4,0.5544052374164158,0.0
Anthony Rocco Martin,35.0,46.6,0.2,21.0,3.2,10.8,32.4,1.4,1.2,111.0,122.8,0.4,0.0,0.6,0.4,116.2,0.31906012905206865,0.5
Anthony Smith,28.0,29.8,0.0,16.6,5.0,6.4,27.4,0.6,0.0,52.8,54.6,1.4,0.0,0.2,0.0,5.6,0.5181246243237828,0.0
Anthony Torres,12.0,31.5,0.0,8.5,2.0,1.5,7.0,3.5,1.5,24.5,45.0,0.0,0.0,0.5,0.0,57.0,0.4891304347826087,0.0
Anton Kuivanen,28.333333333333332,41.0,1.0,17.0,10.0,1.3333333333333333,17.333333333333332,5.666666666666667,5.333333333333333,74.33333333333333,88.33333333333333,1.0,0.0,0.3333333333333333,0.6666666666666666,165.33333333333334,0.40162577373405917,1.0
Anton Turkalj,24.25,38.75,1.25,14.5,4.75,5.0,19.5,3.25,1.5,59.5,76.0,5.75,0.0,0.0,0.25,74.5,0.5682343797391568,0.16666666666666666
Anton Zafir,11.0,23.0,1.5,4.5,3.5,3.0,4.5,3.0,3.5,17.0,29.5,2.5,0.0,0.0,0.0,125.5,0.6177777777777778,0.6666666666666666
Antoni Hardonk,27.4,30.0,0.0,15.0,4.2,8.2,14.0,8.4,5.0,46.6,49.4,0.4,0.4,0.4,0.2,28.4,0.597344901802529,0.0
Antonina Shevchenko,36.4,61.2,0.2,23.4,8.2,4.8,24.4,5.2,6.8,68.4,100.2,1.0,0.0,0.0,0.0,175.8,0.5481634482155984,0.1111111111111111
Antonio Arroyo,31.666666666666668,49.0,0.3333333333333333,17.666666666666668,8.666666666666666,5.333333333333333,28.333333333333332,0.0,3.3333333333333335,51.666666666666664,70.33333333333333,0.3333333333333333,0.0,0.0,0.3333333333333333,118.0,0.5997831557796943,1.0
Antonio Banuelos,10.0,10.0,0.0,9.0,0.0,1.0,8.0,2.0,0.0,135.0,135.0,0.0,0.0,0.0,0.0,1.0,0.07407407407407407,0.0
Antonio Braga Neto,13.333333333333334,35.0,2.0,10.0,2.0,1.3333333333333333,8.333333333333334,1.0,4.0,40.0,65.33333333333333,5.333333333333333,0.0,0.3333333333333333,0.3333333333333333,231.33333333333334,0.3821917808219178,0.36944444444444446
Antonio Carlos Junior,22.6,46.6,2.0,16.4,2.4,3.8,17.4,1.4,3.8,56.0,85.8,6.8,0.0,0.4,0.2,338.8,0.43134477247499625,0.46439393939393947
Antonio Carvalho,26.0,34.0,0.0,11.25,2.25,12.5,23.0,1.75,1.25,88.25,97.25,0.75,0.25,0.0,0.0,37.0,0.33248650184711565,0.0
Antonio Dos Santos,24.0,26.0,0.0,16.0,2.5,5.5,19.0,4.0,1.0,47.0,49.5,0.5,0.5,0.0,0.0,77.0,0.5153294194390086,0.0
Antonio McKee,25.0,41.0,1.0,14.0,8.0,3.0,17.0,4.0,4.0,55.0,75.0,4.0,0.0,0.0,1.0,168.0,0.45454545454545453,0.25
Antonio Mendes,4.0,8.5,0.5,1.5,2.0,0.5,2.0,1.5,0.5,8.5,13.0,1.0,0.5,0.0,0.0,15.5,0.5083333333333333,0.5
Antonio Rodrigo Nogueira,25.2,45.8,0.4,20.4,3.8,1.0,16.8,7.2,1.2,53.2,76.4,3.8,0.2,0.8,0.2,160.0,0.47647785224270683,0.10119047619047618
Antonio Silva,10.6,17.0,0.0,3.8,3.0,3.8,7.8,2.6,0.2,22.0,29.0,0.6,0.2,0.0,0.0,22.2,0.37535932405749184,0.0
Antonio Trocoli,9.0,20.5,0.0,4.0,4.0,1.0,7.0,2.0,0.0,19.5,41.0,4.0,0.0,0.0,0.0,147.5,0.43529411764705883,0.0
Anying Wang,6.5,8.5,0.0,5.0,0.0,1.5,6.5,0.0,0.0,25.0,27.0,0.0,0.0,0.0,0.0,16.0,0.14444444444444443,0.0
Aoriqileng,24.2,51.2,0.4,13.4,5.8,5.0,20.0,0.6,3.6,45.6,77.4,0.8,0.4,0.0,0.0,76.2,0.634551656920078,0.5
Ariane Carnelossi,22.0,57.2,1.0,17.2,1.6,3.2,16.0,3.0,3.0,57.0,100.2,1.8,0.0,0.2,0.6,143.8,0.43776226279985675,0.2380952380952381
Ariane da Silva,55.4,72.8,0.4,28.4,20.0,7.0,43.4,7.6,4.4,125.0,148.4,1.2,0.0,0.2,0.0,46.8,0.4559769662223485,0.6666666666666666
Ariel Beck,35.0,35.0,0.0,8.0,16.0,11.0,34.0,1.0,0.0,102.0,102.0,0.0,0.0,0.0,0.0,9.0,0.3431372549019608,0.0
Arjan Bhullar,30.25,67.5,1.5,26.0,3.25,1.0,15.75,9.25,5.25,53.5,97.5,2.0,0.25,0.0,0.0,325.25,0.5502035330261137,0.7916666666666666
Arman Tsarukyan,42.6,67.2,3.0,31.2,7.6,3.8,21.6,3.2,17.8,70.8,100.2,6.8,0.2,0.2,0.2,398.4,0.5878200078898524,0.5333333333333333
Armen Petrosyan,67.8,73.4,0.2,22.0,13.6,32.2,62.6,4.8,0.4,129.0,135.0,0.6,0.0,0.0,0.0,44.4,0.5208808969461335,0.25
Arnold Allen,54.6,56.0,0.0,39.2,10.6,4.8,51.2,2.4,1.0,127.6,129.2,0.2,0.0,0.2,0.0,14.0,0.4520900260601753,0.0
Artem Lobov,76.0,85.4,0.6,37.0,13.2,25.8,71.8,3.2,1.0,171.6,182.4,2.4,0.0,0.0,0.0,42.0,0.44795578248726675,0.3125
Asbel Cancio,0.0,0.0,0.0,0.0,0.0,0.0,0.0,0.0,0.0,0.0,0.0,0.0,0.0,0.0,0.0,0.0,0.0,0.0
Ashkan Mokhtarian,27.0,29.0,0.5,11.0,6.5,9.5,25.5,0.5,1.0,62.0,65.5,3.0,0.0,0.0,0.0,75.0,0.46879035729659924,0.16666666666666666
Ashlee Evans-Smith,47.8,51.4,0.6,27.6,12.2,8.0,40.2,6.8,0.8,155.2,159.2,3.4,0.0,0.0,0.0,41.2,0.29770730975677695,0.1125
Ashley Yoder,57.0,98.8,0.8,34.4,13.8,8.8,52.2,2.6,2.2,155.4,204.0,4.4,0.0,0.6,0.0,187.6,0.3915256396364516,0.16666666666666666
Askar Askarov,45.8,60.2,2.6,35.2,4.8,5.8,34.8,4.8,6.2,84.8,102.4,10.6,0.0,0.4,0.4,281.8,0.5445483405483406,0.29463203463203463
Askar Mozharov,2.0,11.0,0.0,1.0,1.0,0.0,2.0,0.0,0.0,11.0,20.0,0.0,0.0,0.0,0.0,0.0,0.18181818181818182,0.0
Aspen Ladd,42.8,71.6,1.4,32.4,7.4,3.0,25.4,7.4,10.0,96.8,129.8,3.2,0.2,0.6,0.2,258.4,0.3622382352941177,0.47916666666666663
Assuerio Silva,19.333333333333332,46.666666666666664,2.3333333333333335,4.666666666666667,7.666666666666667,7.0,16.333333333333332,2.0,1.0,40.0,69.33333333333333,6.0,0.0,0.0,0.0,177.66666666666666,0.5089248779680648,0.5
Asu Almabayev,28.0,59.0,3.2,14.8,7.4,5.8,20.8,3.0,4.2,59.0,103.6,8.8,0.2,1.4,0.2,327.8,0.5041744207261448,0.30992424242424244
Ateba Gautier,17.666666666666668,17.666666666666668,0.3333333333333333,14.666666666666666,2.6666666666666665,0.3333333333333333,14.333333333333334,2.3333333333333335,1.0,33.0,33.0,0.3333333333333333,1.0,0.0,0.0,1.6666666666666667,0.5245045045045046,1.0
Augusto Mendes,27.666666666666668,53.666666666666664,1.3333333333333333,18.0,4.333333333333333,5.333333333333333,21.333333333333332,5.666666666666667,0.6666666666666666,79.33333333333333,108.33333333333333,4.0,0.3333333333333333,0.0,0.3333333333333333,108.66666666666667,0.3348217049327624,0.2222222222222222
Augusto Montano,39.333333333333336,44.0,0.0,13.333333333333334,7.333333333333333,18.666666666666668,28.333333333333332,9.666666666666666,1.3333333333333333,85.33333333333333,90.0,0.0,0.0,0.0,0.0,29.0,0.4694685627571533,0.0
Augusto Sakai,36.8,56.8,0.2,20.0,12.4,4.4,18.6,17.4,0.8,66.8,92.2,0.6,0.0,0.0,0.0,145.8,0.4832797608757879,0.25
Austen Lane,16.4,33.4,0.8,8.4,4.6,3.4,13.8,0.2,2.4,31.2,55.4,2.6,0.2,0.0,0.0,172.0,0.5645318250581408,0.20833333333333334
Austin Arnett,51.5,57.75,0.5,41.5,9.25,0.75,42.25,4.75,4.5,120.75,128.0,2.75,0.0,0.0,0.0,106.5,0.42503573419688506,0.3888888888888889
Austin Bashi,12.5,40.0,2.0,7.0,4.5,1.0,9.5,2.5,0.5,28.5,63.5,9.5,0.0,0.5,0.0,257.0,0.3728571428571429,0.5833333333333334
Austin Hubbard,59.2,72.8,1.8,34.2,20.0,5.0,53.8,4.4,1.0,159.0,177.4,9.2,0.0,0.2,0.0,142.4,0.38002015166145287,0.23015873015873015
Austin Lingo,53.4,57.8,0.4,36.6,13.2,3.6,52.8,0.6,0.0,141.8,147.6,0.6,0.4,0.0,0.0,81.2,0.346271382687304,0.75
Austin Springer,14.0,14.0,0.0,3.0,2.0,9.0,13.0,1.0,0.0,32.0,32.0,1.0,0.0,0.0,0.0,3.0,0.4375,0.0
Austin Vanderford,22.0,57.5,2.5,20.5,0.5,1.0,3.5,0.0,18.5,34.0,72.5,5.0,0.0,0.5,0.0,322.0,0.53125,0.5
Axel Sola,45.0,52.0,1.0,40.0,5.0,0.0,36.0,5.0,4.0,105.0,114.0,4.0,1.0,0.0,0.0,185.0,0.42857142857142855,0.25
Azamat Bekoev,22.666666666666668,39.333333333333336,1.6666666666666667,18.333333333333332,3.0,1.3333333333333333,14.0,2.3333333333333335,6.333333333333333,49.666666666666664,69.33333333333333,3.6666666666666665,0.6666666666666666,0.0,0.0,132.0,0.5397935397935397,0.3333333333333333
Azamat Gashimov,5.5,13.0,0.5,4.0,0.5,1.0,3.5,0.0,2.0,25.5,33.5,2.0,0.0,0.0,0.0,61.0,0.2459514170040486,0.5
Azamat Murzakanov,44.2,49.2,0.2,30.0,12.0,2.2,28.0,2.4,13.8,72.4,78.4,1.4,1.0,0.0,0.0,61.8,0.5854507677383834,0.06666666666666667
Azat Maksum,41.25,48.0,3.5,28.0,9.75,3.5,36.0,5.0,0.25,149.75,158.5,11.0,0.25,0.25,0.25,138.5,0.2705903188923504,0.31613123718386876
Azunna Anyanwu,37.0,37.0,0.0,28.0,9.0,0.0,36.0,1.0,0.0,84.0,84.0,0.0,0.0,0.0,0.0,0.0,0.44047619047619047,0.0
BJ Penn,28.2,42.8,0.0,24.2,3.8,0.2,24.2,3.0,1.0,76.0,92.4,0.0,0.2,0.0,0.0,47.4,0.32961601601313306,0.0
Baergeng Jieleyisi,9.0,48.0,1.0,4.0,4.0,1.0,9.0,0.0,0.0,72.0,114.0,1.0,0.0,0.0,0.0,17.0,0.125,1.0
Baisangur Susurkaev,44.5,82.0,2.0,21.5,16.0,7.0,32.0,6.5,6.0,75.0,116.0,7.0,0.5,0.5,0.0,196.0,0.591458944281525,0.2857142857142857
Barb Honchak,47.5,49.5,0.0,39.0,2.0,6.5,47.5,0.0,0.0,158.0,160.5,0.5,0.0,1.0,0.0,10.5,0.3004237288135593,0.0
Bart Palaszewski,24.5,27.75,0.0,12.25,3.0,9.25,23.0,1.0,0.5,81.25,85.0,0.0,0.25,0.75,0.0,6.75,0.2980390103255378,0.0
Bartosz Fabinski,14.4,37.8,2.8,11.2,2.4,0.8,5.2,2.6,6.6,22.6,50.6,4.6,0.0,0.0,0.0,350.6,0.5313461538461539,0.678030303030303
Bas Rutten,24.5,125.5,0.0,15.5,4.5,4.5,11.0,5.0,8.5,45.0,147.5,0.0,0.5,0.5,0.0,0.0,0.5644431882419446,0.0
Bassil Hafez,50.333333333333336,57.666666666666664,2.0,42.666666666666664,3.6666666666666665,4.0,47.333333333333336,2.0,1.0,131.66666666666666,140.33333333333334,8.333333333333334,0.0,0.0,0.3333333333333333,162.0,0.35785282496885773,0.375
Batgerel Danaa,41.8,55.0,0.4,29.6,5.6,6.6,35.8,2.6,3.4,117.6,134.4,0.6,0.6,0.0,0.2,19.2,0.37525474406059056,0.6666666666666666
Bea Malecki,61.333333333333336,85.0,0.0,39.0,17.0,5.333333333333333,53.333333333333336,3.6666666666666665,4.333333333333333,133.33333333333334,163.33333333333334,0.0,0.0,0.6666666666666666,0.0,90.66666666666667,0.40691689718972796,0.0
Bec Rawlings,57.6,66.2,0.8,40.2,11.4,6.0,49.2,6.0,2.4,145.0,155.0,1.6,0.0,0.2,0.0,112.6,0.3954241518277111,0.5
Bekzat Almakhan,16.666666666666668,18.333333333333332,0.0,11.333333333333334,3.6666666666666665,1.6666666666666667,15.666666666666666,0.3333333333333333,0.6666666666666666,48.666666666666664,52.666666666666664,0.3333333333333333,0.6666666666666666,0.0,0.0,12.333333333333334,0.41416793990323403,0.0
Belal Muhammad,93.6,131.2,2.4,75.8,15.6,2.2,88.2,3.8,1.6,214.0,263.8,5.8,0.0,0.0,0.0,227.6,0.4458323447124667,0.34188034188034183
Ben Alloway,10.333333333333334,17.666666666666668,0.3333333333333333,6.0,2.6666666666666665,1.6666666666666667,6.666666666666667,1.6666666666666667,2.0,21.0,29.333333333333332,0.6666666666666666,0.3333333333333333,0.0,0.0,38.333333333333336,0.5344932844932845,0.5
Ben Askren,21.0,35.0,1.6666666666666667,18.0,1.3333333333333333,1.6666666666666667,15.333333333333334,3.6666666666666665,2.0,42.666666666666664,57.666666666666664,3.0,0.0,0.3333333333333333,0.3333333333333333,77.66666666666667,0.24803149606299213,0.5357142857142857
Ben Earwood,5.0,64.0,2.0,5.0,0.0,0.0,1.0,0.0,4.0,9.0,71.0,2.0,0.0,0.0,0.0,587.0,0.5555555555555556,1.0
Ben Nguyen,34.4,43.6,0.2,23.8,7.2,3.4,28.2,5.8,0.4,89.2,98.8,0.4,0.2,0.4,0.4,44.6,0.40295288177641114,0.5
Ben Rothwell,53.0,65.2,0.4,38.0,10.8,4.2,41.4,10.2,1.4,119.2,134.2,1.2,0.2,0.4,0.0,153.8,0.44997430177800385,0.3333333333333333
Ben Saunders,16.2,32.6,0.0,5.6,7.6,3.0,8.2,6.2,1.8,31.8,48.2,0.0,0.2,0.8,0.0,7.0,0.5061559696342305,0.0
Ben Sosoli,15.5,15.5,0.0,9.5,5.5,0.5,15.5,0.0,0.0,57.0,57.0,0.0,0.0,0.0,0.0,0.0,0.2810794420861128,0.0
Ben Wall,2.5,3.0,0.0,1.5,1.0,0.0,1.0,1.5,0.0,8.5,9.0,0.5,0.0,0.0,0.0,0.0,0.30952380952380953,0.0
Benardo Sopaj,63.0,94.5,2.5,53.0,4.5,5.5,34.5,8.0,20.5,112.5,150.5,3.5,0.5,0.0,0.0,209.0,0.5529948134515643,0.7083333333333333
Beneil Dariush,26.4,36.2,1.0,14.6,5.8,6.0,21.8,1.4,3.2,55.6,68.2,1.0,0.2,0.0,0.0,110.2,0.4511564136797782,1.0
Benito Lopez,39.0,40.25,0.0,17.5,6.5,15.0,35.75,2.25,1.0,89.0,90.25,0.0,0.25,0.25,0.0,28.0,0.5223841354723708,0.0
Benji Radach,14.333333333333334,37.666666666666664,0.0,13.333333333333334,1.0,0.0,2.6666666666666665,1.6666666666666667,10.0,25.333333333333332,50.333333333333336,0.0,0.6666666666666666,0.0,0.0,210.33333333333334,0.5958132045088567,0.0
Benoit Saint Denis,29.8,44.2,1.8,17.2,9.4,3.2,15.0,11.6,3.2,49.4,67.2,4.4,0.2,0.8,0.0,181.6,0.5822278669647091,0.44285714285714284
Benson Henderson,53.0,74.8,1.4,19.0,14.8,19.2,45.4,5.6,2.0,110.4,134.4,4.4,0.2,0.6,0.2,171.8,0.4511617234993285,0.23666666666666666
Bentley Syler,15.0,25.0,0.0,8.0,1.0,6.0,14.0,1.0,0.0,79.0,90.0,0.0,0.0,0.0,0.0,0.0,0.189873417721519,0.0
Bernardo Magalhaes,27.0,28.0,0.0,13.5,4.5,9.0,27.0,0.0,0.0,100.0,101.0,9.0,0.0,0.5,0.5,5.5,0.3043672014260249,0.0
Besam Yousef,35.5,120.0,1.0,22.0,11.5,2.0,12.0,22.5,1.0,66.5,161.0,1.5,0.0,0.0,0.0,137.5,0.5314111579934364,0.6666666666666666
Bethe Correia,54.6,69.4,0.2,29.4,17.6,7.6,50.4,4.0,0.2,135.6,152.4,2.0,0.0,0.0,0.0,46.6,0.38439571302338454,0.05
Bevon Lewis,40.25,69.0,0.0,17.75,9.0,13.5,28.5,11.75,0.0,99.5,131.25,3.5,0.0,0.0,0.0,237.5,0.39696492376661713,0.0
Bharat Kandare,3.0,3.0,0.0,1.0,0.0,2.0,3.0,0.0,0.0,30.0,30.0,1.0,0.0,0.0,0.0,0.0,0.1,0.0
Bia Mesquita,36.0,61.0,2.0,35.0,0.0,1.0,2.0,0.0,34.0,63.0,98.0,3.0,0.0,1.0,0.0,293.0,0.5714285714285714,0.6666666666666666
Bibulatov Magomed,38.0,55.0,2.0,19.666666666666668,15.666666666666666,2.6666666666666665,20.333333333333332,6.0,11.666666666666666,74.33333333333333,94.0,5.0,0.0,0.0,0.0,200.33333333333334,0.5117716651878143,0.39285714285714285
Bill Algeo,60.4,85.8,0.8,30.0,14.0,16.4,56.0,2.0,2.4,126.2,154.6,1.6,0.4,0.2,0.2,61.0,0.4746577194010345,0.6666666666666666
Bill Mahood,1.0,2.0,0.0,0.0,0.0,1.0,1.0,0.0,0.0,1.0,2.0,0.0,0.0,0.0,0.0,0.0,1.0,0.0
Billy Elekana,24.0,27.333333333333332,0.3333333333333333,15.666666666666666,7.0,1.3333333333333333,18.666666666666668,0.0,5.333333333333333,39.666666666666664,43.333333333333336,1.3333333333333333,0.3333333333333333,0.3333333333333333,0.0,80.33333333333333,0.6560406771404214,0.5
Billy Miles,0.0,0.0,0.0,0.0,0.0,0.0,0.0,0.0,0.0,3.0,3.0,2.0,0.0,0.0,0.0,19.0,0.0,0.0
Billy Quarantillo,62.6,90.0,1.0,39.0,17.4,6.2,45.8,14.0,2.8,133.6,166.0,3.4,0.0,0.2,0.0,75.6,0.4339474973634531,0.25757575757575757
Billy Ray Goff,52.333333333333336,58.0,0.3333333333333333,25.666666666666668,10.666666666666666,16.0,48.0,3.6666666666666665,0.6666666666666666,112.33333333333333,119.33333333333333,4.666666666666667,0.3333333333333333,0.0,0.0,103.33333333333333,0.4232616741475707,0.027777777777777776
Blagoy Ivanov,45.2,57.0,0.8,34.8,9.8,0.6,39.2,5.6,0.4,102.4,115.2,2.6,0.0,0.2,0.0,100.4,0.4493966305266608,0.27777777777777773
Blake Bilder,58.333333333333336,82.0,0.3333333333333333,30.333333333333332,5.0,23.0,53.333333333333336,4.333333333333333,0.6666666666666666,121.33333333333333,147.33333333333334,4.333333333333333,0.0,0.0,0.0,195.33333333333334,0.4370207927225471,0.047619047619047616
Blood Diamond,36.0,55.333333333333336,0.0,15.666666666666666,15.333333333333334,5.0,17.666666666666668,18.333333333333332,0.0,65.0,88.33333333333333,1.3333333333333333,0.0,0.0,0.0,30.666666666666668,0.48142519419115165,0.0
Bo Nickal,30.8,44.8,1.2,19.0,6.4,5.4,26.0,2.4,2.4,50.0,67.4,2.2,0.4,0.6,0.0,135.8,0.5935989500695383,0.5416666666666666
Bob Cook,22.0,53.0,1.0,12.0,7.0,3.0,15.0,7.0,0.0,47.0,78.0,5.0,0.0,2.0,0.0,69.0,0.46808510638297873,0.2
Bob Gilstrap,0.0,0.0,0.0,0.0,0.0,0.0,0.0,0.0,0.0,1.0,1.0,0.0,0.0,0.0,0.0,0.0,0.0,0.0
Bobby Hoffman,12.0,36.333333333333336,1.6666666666666667,5.0,6.333333333333333,0.6666666666666666,0.3333333333333333,8.666666666666666,3.0,27.0,55.333333333333336,2.0,0.3333333333333333,0.3333333333333333,0.3333333333333333,231.33333333333334,0.5084697910784867,0.75
Bobby Moffett,39.666666666666664,48.0,2.0,24.666666666666668,7.666666666666667,7.333333333333333,38.0,1.3333333333333333,0.3333333333333333,111.33333333333333,122.33333333333333,3.3333333333333335,0.0,1.0,0.3333333333333333,153.33333333333334,0.31759483454398707,0.5416666666666666
Bobby Nash,21.666666666666668,35.333333333333336,1.0,13.333333333333334,3.0,5.333333333333333,15.0,6.0,0.6666666666666666,57.333333333333336,73.66666666666667,3.0,0.3333333333333333,0.6666666666666666,0.0,133.66666666666666,0.3660277528202056,0.325
Bobby Southworth,21.0,81.0,1.0,6.0,1.0,14.0,19.0,1.0,1.0,84.0,151.0,2.0,0.0,0.0,0.0,81.0,0.25,0.5
Bobby Voelker,47.75,77.5,1.0,30.75,9.0,8.0,30.0,13.75,4.0,137.75,174.5,2.0,0.0,0.0,0.5,119.25,0.3400411600810537,0.26666666666666666
Bogdan Grad,28.0,41.666666666666664,3.3333333333333335,18.333333333333332,5.333333333333333,4.333333333333333,9.333333333333334,6.0,12.666666666666666,47.666666666666664,66.0,8.333333333333334,0.0,0.0,0.0,267.3333333333333,0.5732687451437452,0.4154761904761905
Bogdan Guskov,23.8,34.2,0.0,21.2,1.4,1.2,13.0,2.2,8.6,43.2,54.2,0.0,0.6,0.4,0.2,25.0,0.5015032942912756,0.0
Bojan Mihajlovic,8.666666666666666,13.666666666666666,0.0,2.3333333333333335,3.0,3.3333333333333335,7.0,1.6666666666666667,0.0,24.333333333333332,30.666666666666668,0.3333333333333333,0.0,0.0,0.0,22.0,0.32811016144349475,0.0
Bojan Velickovic,30.0,95.0,0.6,15.4,4.0,10.6,24.6,3.4,2.0,85.0,158.0,2.2,0.2,0.4,0.4,82.6,0.37606907474238593,0.35
Bolaji Oki,65.5,66.5,0.75,48.5,13.0,4.0,62.0,2.0,1.5,151.0,153.0,1.25,0.25,0.0,0.0,50.25,0.446855027608024,0.5555555555555555
Boston Salmon,6.0,8.0,0.0,2.0,3.5,0.5,5.5,0.5,0.0,11.0,13.0,0.5,0.0,0.0,0.0,21.5,0.5454545454545454,0.0
Brad Blackburn,58.8,76.8,0.8,36.2,8.8,13.8,51.0,3.2,4.6,165.4,185.6,1.6,1.0,0.6,0.0,116.4,0.39542621304690273,0.2
Brad Gumm,15.0,65.5,0.0,11.0,3.5,0.5,6.0,7.0,2.0,34.0,87.0,2.0,0.0,0.5,1.0,26.0,0.44415584415584414,0.0
Brad Imes,39.666666666666664,53.333333333333336,1.6666666666666667,32.333333333333336,6.333333333333333,1.0,22.666666666666668,11.0,6.0,124.33333333333333,141.66666666666666,2.3333333333333335,0.0,1.0,0.3333333333333333,129.66666666666666,0.33030297598419395,0.7222222222222222
Brad Katona,76.4,103.0,2.0,58.6,9.6,8.2,54.8,13.2,8.4,144.8,178.2,4.4,0.0,0.0,0.0,228.0,0.48206965288918957,0.4548611111111111
Brad Kohler,7.5,38.5,2.0,6.0,1.5,0.0,2.0,1.0,4.5,13.5,48.0,3.5,0.5,0.0,0.0,4.0,0.75,0.75
Brad Morris,2.5,2.5,0.0,2.0,0.0,0.5,2.5,0.0,0.0,4.0,4.0,0.5,0.0,0.0,0.0,2.5,0.625,0.0
Brad Pickett,25.8,34.0,1.2,16.0,4.2,5.6,21.0,1.4,3.4,74.6,84.0,2.2,0.2,0.0,0.2,96.2,0.34197834807356153,0.525
Brad Riddell,46.2,55.4,1.4,28.4,10.8,7.0,42.8,2.0,1.4,89.2,98.4,4.6,0.0,0.0,0.0,52.4,0.5585919278510424,0.17424242424242425
Brad Scott,43.4,50.6,0.2,27.8,8.4,7.2,36.4,4.8,2.2,103.6,111.4,1.0,0.4,0.4,0.2,99.0,0.35169323130258323,0.125
Brad Tavares,52.2,58.4,0.2,30.0,6.8,15.4,50.4,1.2,0.6,111.8,118.8,0.6,0.0,0.0,0.0,25.0,0.465674163964234,0.3333333333333333
Brady Hiestand,38.0,69.0,4.5,28.0,7.0,3.0,31.75,3.5,2.75,74.75,113.25,9.75,0.0,1.0,0.25,399.75,0.511729099600039,0.45264110889110887
Branden Lee Hinkle,12.0,18.333333333333332,1.3333333333333333,7.666666666666667,4.0,0.3333333333333333,0.0,2.6666666666666665,9.333333333333334,17.333333333333332,24.0,2.3333333333333335,0.0,1.3333333333333333,0.0,132.66666666666666,0.6673976608187134,0.55
Brando Pericic,29.0,30.0,0.0,23.0,2.0,4.0,11.0,12.0,6.0,49.0,50.0,0.0,0.0,0.0,0.0,29.0,0.5918367346938775,0.0
Brandon Davis,45.8,56.2,1.0,23.8,9.0,13.0,38.8,3.0,4.0,116.4,128.6,2.2,0.0,0.2,0.0,74.6,0.3664150168131318,0.5873015873015873
Brandon Jenkins,29.5,47.5,0.0,10.5,5.0,14.0,25.0,3.5,1.0,71.5,93.0,0.0,0.0,0.0,0.5,7.0,0.4320802005012531,0.0
Brandon Melendez,6.0,12.0,0.0,5.0,1.0,0.0,5.0,0.0,1.0,23.0,29.0,0.0,0.0,0.0,2.0,82.0,0.2608695652173913,0.0
Brandon Moreno,105.6,119.6,1.8,78.0,17.4,10.2,96.0,5.6,4.0,204.6,218.8,4.2,0.0,0.0,0.6,182.4,0.5403079879046435,0.36
Brandon Royval,121.6,171.8,0.8,101.0,15.4,5.2,107.6,5.8,8.2,287.0,344.6,1.2,0.2,0.6,0.8,46.4,0.48284173221019255,0.5
Brandon Thatch,20.4,27.6,0.6,10.0,5.4,5.0,15.0,4.4,1.0,50.4,59.0,1.0,0.2,0.4,0.0,14.8,0.4890317229939871,0.5833333333333333
Brandon Vera,33.0,45.0,0.4,11.2,11.8,10.0,22.2,8.6,2.2,57.2,70.6,1.0,0.0,0.2,0.0,113.0,0.5694759224004506,0.3333333333333333
Brandon Wolff,1.0,4.0,0.0,0.0,1.0,0.0,0.5,0.5,0.0,3.0,6.0,0.5,0.0,0.0,0.0,18.5,0.2,0.0
Braxton Smith,14.0,14.0,0.0,13.0,0.0,1.0,14.0,0.0,0.0,29.0,29.0,1.0,0.0,0.0,0.0,0.0,0.4827586206896552,0.0
Brendan Allen,57.8,90.6,2.2,41.0,10.6,6.2,47.8,3.6,6.4,112.2,152.4,5.8,0.0,0.4,1.0,339.0,0.5420038857538858,0.46230769230769225
Brendan Loughnane,75.0,96.0,0.0,36.0,11.0,28.0,67.0,8.0,0.0,119.0,142.0,2.0,1.0,0.0,0.0,114.0,0.6302521008403361,0.0
Brendan O'Reilly,22.5,59.75,1.75,12.25,7.25,3.0,8.0,13.0,1.5,47.5,88.5,4.0,0.0,0.5,0.75,231.25,0.4806501547987616,0.4
Brendan Schaub,15.2,34.2,1.6,12.8,2.2,0.2,8.2,2.2,4.8,35.8,61.2,3.4,0.0,0.4,0.2,204.8,0.4604496136374694,0.5395833333333333
Brendon Marotte,2.0,11.5,0.0,1.0,0.5,0.5,1.5,0.0,0.5,4.0,14.0,0.0,0.0,0.0,0.0,0.0,0.7142857142857143,0.0
Brendson Ribeiro,21.4,25.2,0.6,9.8,5.6,6.0,20.6,0.6,0.2,52.0,57.2,1.4,0.2,0.4,0.4,26.6,0.4126595857419758,0.25
Brett Johns,29.6,46.8,3.0,25.0,3.6,1.0,18.0,6.4,5.2,66.4,85.4,7.8,0.0,1.0,0.2,283.4,0.4387821044762676,0.3219298245614035
Brian Bowles,21.25,27.0,0.5,14.5,6.5,0.25,16.5,3.25,1.5,71.75,78.5,0.5,0.25,0.5,0.25,106.0,0.2932986290208039,1.0
Brian Camozzi,21.666666666666668,23.333333333333332,0.0,11.666666666666666,3.6666666666666665,6.333333333333333,21.333333333333332,0.0,0.3333333333333333,82.0,84.0,1.0,0.0,0.3333333333333333,0.0,10.0,0.27130226095743337,0.0
Brian Cobb,0.0,70.0,2.0,0.0,0.0,0.0,0.0,0.0,0.0,13.0,86.0,4.0,0.0,0.0,0.0,108.0,0.0,0.5
Brian Ebersole,33.4,58.0,0.8,18.6,5.6,9.2,23.6,4.8,5.0,73.6,101.2,6.6,0.0,0.0,0.2,178.0,0.42045760482044575,0.13333333333333336
Brian Foster,16.2,27.0,1.2,12.2,2.8,1.2,6.6,1.0,8.6,40.6,53.6,2.0,0.2,0.6,0.2,81.2,0.3994376387993409,0.625
Brian Gassaway,3.0,3.0,0.0,1.0,1.0,1.0,2.0,1.0,0.0,6.0,6.0,0.0,0.0,0.0,0.0,23.0,0.5,0.0
Brian Geraghty,1.0,7.0,0.0,1.0,0.0,0.0,0.0,1.0,0.0,4.0,10.0,0.0,0.0,0.0,0.0,0.0,0.25,0.0
Brian Houston,15.0,17.0,0.5,10.0,1.5,3.5,12.0,3.0,0.0,42.0,44.0,0.5,0.0,0.0,0.0,44.0,0.18072289156626506,1.0
Brian Johnston,5.4,11.4,0.2,3.2,1.0,1.2,1.6,2.8,1.0,9.6,16.0,0.2,0.0,0.0,0.0,0.0,0.5566666666666666,1.0
Brian Kelleher,12.0,18.6,1.2,7.0,2.6,2.4,9.4,0.6,2.0,27.2,37.4,1.8,0.2,0.0,0.0,86.6,0.41189428115743904,0.375
Brian Melancon,15.5,19.5,0.5,11.0,2.5,2.0,10.0,0.5,5.0,31.5,35.5,0.5,0.5,0.0,0.0,50.0,0.45238095238095233,1.0
Brian Ortega,51.2,68.6,1.2,37.0,9.8,4.4,45.0,3.2,3.0,142.2,163.8,4.0,0.0,0.8,0.2,106.6,0.40547406511506645,0.22000000000000003
Brian Stann,33.4,53.2,0.0,18.0,5.0,10.4,23.4,5.4,4.6,71.4,95.2,0.0,0.8,0.0,0.2,63.6,0.4480493626070333,0.0
Brianna Fortino,53.0,62.5,2.5,28.5,18.0,6.5,34.5,16.5,2.0,127.5,137.5,5.5,0.0,0.0,0.0,277.0,0.4425133689839572,0.5178571428571428
Bristol Marunde,10.5,14.5,1.5,8.5,1.0,1.0,8.5,2.0,0.0,49.0,55.0,4.5,0.0,0.0,0.0,72.5,0.12962962962962962,0.3333333333333333
Brock Jardine,9.5,11.0,0.0,5.5,3.0,1.0,9.5,0.0,0.0,31.5,33.0,1.0,0.0,0.5,0.0,23.0,0.31666666666666665,0.0
Brock Larson,11.2,29.0,1.6,9.4,1.8,0.0,3.8,2.4,5.0,26.4,46.0,5.2,0.0,0.8,0.0,184.8,0.44238095238095243,0.5208333333333333
Brock Lesnar,24.2,52.0,1.4,20.0,2.8,1.4,4.0,1.8,18.4,35.6,65.4,3.4,0.0,0.2,0.0,213.0,0.5883839009287926,0.41666666666666663
Brodie Farber,14.0,16.0,0.5,9.0,3.0,2.0,10.0,3.5,0.5,30.5,32.5,1.0,0.0,0.5,0.0,16.5,0.4536637931034483,0.5
Brogan Walker,27.0,37.666666666666664,1.0,11.333333333333334,7.0,8.666666666666666,22.0,3.3333333333333335,1.6666666666666667,84.33333333333333,97.66666666666667,1.3333333333333333,0.0,0.0,0.3333333333333333,105.0,0.3972222222222222,0.75
Brok Weaver,25.0,30.666666666666668,0.3333333333333333,8.333333333333334,7.666666666666667,9.0,20.666666666666668,3.3333333333333335,1.0,45.666666666666664,52.333333333333336,2.0,0.0,0.3333333333333333,0.3333333333333333,56.0,0.5157407407407407,0.16666666666666666
Bruna Brasil,34.8,52.4,1.2,15.4,13.2,6.2,26.4,6.6,1.8,62.6,84.6,2.0,0.0,0.0,0.2,152.8,0.5654908886158886,0.4333333333333333
Brunno Ferreira,21.2,25.4,0.8,14.4,5.0,1.8,18.8,1.0,1.4,43.0,49.2,2.4,0.4,0.6,0.2,51.8,0.5553796941857866,0.5119047619047619
Bruno Korea,27.0,49.0,0.0,16.0,7.0,4.0,17.0,1.0,9.0,79.0,103.0,0.0,1.0,0.0,0.0,0.0,0.34177215189873417,0.0
Bruno Lopes,18.0,39.0,2.5,11.0,5.5,1.5,5.0,11.5,1.5,39.5,69.0,7.0,0.0,0.0,0.0,279.5,0.4023809523809524,0.35714285714285715
Bruno Santos,17.666666666666668,35.0,3.0,8.666666666666666,4.0,5.0,8.333333333333334,8.333333333333334,1.0,38.333333333333336,60.333333333333336,8.0,0.0,0.3333333333333333,0.0,329.6666666666667,0.4633986928104575,0.47222222222222215
Bruno Silva,44.2,48.2,1.2,25.2,10.8,8.2,40.6,3.6,0.0,88.8,93.8,4.8,0.2,0.2,0.0,59.6,0.5023502655525419,0.14444444444444443
Bruno Souza,56.0,57.5,0.5,32.0,15.0,9.0,52.5,3.5,0.0,140.5,142.0,3.0,0.0,0.0,0.0,28.5,0.4086942293007527,0.25
Bryan Barberena,41.6,66.6,0.0,29.4,4.8,7.4,38.2,2.4,1.0,95.0,121.4,0.2,0.0,0.0,0.0,8.0,0.4402570328221427,0.0
Bryan Battle,45.8,64.2,0.4,25.4,18.4,2.0,32.4,13.2,0.2,88.8,112.2,2.6,0.2,0.2,0.0,192.4,0.46892067736185383,0.25
Bryan Caraway,37.6,64.8,1.2,30.6,3.4,3.6,32.8,4.6,0.2,113.0,145.2,10.8,0.0,0.0,0.0,168.4,0.3367839710162503,0.15869565217391304
Bryce Mitchell,19.6,52.0,2.2,7.4,6.2,6.0,14.8,3.0,1.8,32.6,71.2,8.0,0.0,0.2,0.2,330.6,0.5019444444444444,0.43452380952380953
Bubba Bush,5.0,16.5,1.5,2.0,0.5,2.5,2.5,0.5,2.0,9.0,22.5,3.0,0.0,0.0,0.0,178.5,0.5357142857142857,0.5
Buddy Roberts,25.0,50.5,0.0,18.0,5.0,2.0,21.0,3.5,0.5,73.0,99.0,0.0,0.0,0.5,0.0,4.5,0.3719433719433719,0.0
Byron Bloodworth,12.5,15.0,0.0,6.0,3.0,3.5,9.5,3.0,0.0,44.0,46.5,1.5,0.0,0.0,0.0,27.0,0.474025974025974,0.0
CB Dollaway,26.6,42.2,2.0,17.6,4.6,4.4,16.6,2.4,7.6,55.2,72.0,3.6,0.2,0.8,0.2,150.2,0.48641737932617807,0.47916666666666663
CJ Fernandes,28.0,63.0,1.0,9.0,15.0,4.0,2.0,21.0,5.0,55.0,94.0,1.0,0.0,0.0,0.0,510.0,0.509090909090909,1.0
CJ Keith,4.0,10.5,0.0,2.5,0.0,1.5,1.5,1.0,1.5,8.0,15.0,0.5,0.0,0.0,0.5,44.5,0.5238095238095238,0.0
CJ Vergara,46.2,56.6,0.0,23.0,15.2,8.0,34.0,1.8,10.4,81.4,93.2,0.0,0.0,0.2,0.0,37.6,0.4874614212998972,0.0
CM Punk,9.5,31.0,0.5,5.0,3.5,1.0,5.0,3.5,1.0,41.0,68.5,4.5,0.0,0.0,0.5,85.5,0.11728395061728394,0.1111111111111111
Cain Carrizosa,22.0,26.0,0.0,17.5,4.0,0.5,21.0,1.0,0.0,52.0,56.5,2.5,0.5,0.0,0.0,30.0,0.21782178217821782,0.0
Cain Velasquez,56.0,100.0,1.4,40.2,4.0,11.8,28.8,19.0,8.2,96.0,146.8,4.8,0.6,0.2,0.0,278.0,0.5483504452549199,0.2574358974358974
Caio Borralho,68.0,82.0,0.6,45.2,12.8,10.0,58.2,3.0,6.8,125.8,141.0,2.6,0.6,0.4,0.0,102.8,0.5661835621391125,0.125
Caio Machado,76.0,86.33333333333333,0.0,32.666666666666664,27.333333333333332,16.0,73.0,2.3333333333333335,0.6666666666666666,158.33333333333334,170.33333333333334,0.3333333333333333,0.0,0.0,0.0,7.333333333333333,0.4889294918006977,0.0
Caio Magalhaes,17.2,35.0,0.2,10.0,4.6,2.6,11.2,4.2,1.8,38.4,58.2,1.8,0.4,0.2,0.2,103.2,0.49243318409985076,0.07142857142857142
Cal Worsham,7.666666666666667,18.666666666666668,0.3333333333333333,6.333333333333333,1.0,0.3333333333333333,2.3333333333333335,2.0,3.3333333333333335,17.0,30.0,0.6666666666666666,0.0,0.0,0.0,0.0,0.6017316017316018,0.5
Cale Yarbrough,6.0,6.0,0.0,2.0,2.0,2.0,6.0,0.0,0.0,22.0,22.0,0.0,0.0,0.0,0.0,0.0,0.2727272727272727,0.0
Callan Potter,19.333333333333332,46.0,1.3333333333333333,17.0,1.0,1.3333333333333333,16.333333333333332,2.0,1.0,38.333333333333336,73.0,2.0,0.0,0.0,0.3333333333333333,169.33333333333334,0.5722222222222223,0.5833333333333334
Calvin Kattar,43.2,45.6,0.0,34.8,6.0,2.4,42.4,0.8,0.0,143.8,146.2,0.0,0.0,0.0,0.0,5.2,0.2717744498700777,0.0
Cam Rowston,12.0,20.0,0.0,8.0,1.0,3.0,8.0,0.0,4.0,36.0,48.0,0.0,1.0,0.0,0.0,36.0,0.3333333333333333,0.0
Cameron Dollar,24.0,24.0,0.0,18.0,6.0,0.0,24.0,0.0,0.0,63.0,63.0,1.0,0.0,0.0,0.0,5.0,0.38095238095238093,0.0
Cameron Else,8.5,13.5,0.0,4.5,3.0,1.0,7.5,0.0,1.0,21.0,28.0,0.0,0.0,0.0,0.0,8.0,0.43333333333333335,0.0
Cameron Saaiman,49.6,59.6,0.6,26.6,10.4,12.6,37.8,2.8,9.0,105.8,117.2,2.2,0.2,0.4,0.2,86.0,0.4903035714285714,0.5
Cameron Smotherman,61.0,63.666666666666664,0.0,36.333333333333336,22.666666666666668,2.0,58.0,3.0,0.0,164.0,167.0,0.0,0.0,0.0,0.0,0.6666666666666666,0.3654738281603953,0.0
Cameron VanCamp,17.0,17.0,0.0,8.0,4.0,5.0,17.0,0.0,0.0,35.5,35.5,0.0,0.0,0.0,0.0,0.0,0.4939516129032258,0.0
Caol Uno,30.8,57.8,2.4,10.4,4.4,16.0,12.4,7.6,10.8,56.0,86.0,5.8,0.0,0.2,0.8,330.6,0.5024710644534561,0.4934523809523809
Caolan Loughran,71.0,87.75,3.0,48.75,14.0,8.25,57.25,4.75,9.0,166.25,192.0,8.75,0.0,0.0,0.0,283.25,0.40195204111465344,0.38920454545454547
Carl Deaton,19.0,26.0,0.0,15.0,4.0,0.0,18.5,0.5,0.0,60.0,70.5,1.0,0.0,0.0,0.0,0.0,0.21296296296296297,0.0
Carla Esparza,27.0,90.6,3.0,21.4,2.2,3.4,14.2,0.8,12.0,76.2,148.8,6.8,0.0,0.2,0.2,253.8,0.41966377973759234,0.5117604617604619
Carli Judice,98.33333333333333,107.33333333333333,0.6666666666666666,69.0,23.666666666666668,5.666666666666667,86.66666666666667,10.0,1.6666666666666667,197.0,208.33333333333334,1.3333333333333333,0.6666666666666666,0.0,0.0,48.0,0.46767103196507764,0.5
Carlo Pedersoli Jr.,28.666666666666668,29.0,1.3333333333333333,15.333333333333334,10.666666666666666,2.6666666666666665,27.0,1.0,0.6666666666666666,76.0,76.66666666666667,3.0,0.0,0.0,0.0,35.0,0.41735981791847715,0.475
Carlo Prater,23.0,29.0,0.0,4.666666666666667,10.666666666666666,7.666666666666667,10.0,13.0,0.0,46.666666666666664,52.666666666666664,3.3333333333333335,0.0,1.3333333333333333,0.3333333333333333,55.666666666666664,0.48713426021996264,0.0
Carlos Barreto,11.0,61.0,2.0,6.0,4.0,1.0,2.0,6.0,3.0,32.0,87.0,4.0,0.0,0.0,0.0,0.0,0.34375,0.5
Carlos Candelario,39.0,45.0,1.5,18.5,12.5,8.0,38.0,1.0,0.0,91.0,97.5,3.0,0.0,0.5,1.5,153.5,0.3654610492845787,0.7
Carlos Condit,41.4,74.6,0.6,24.6,8.4,8.4,35.6,1.8,4.0,107.2,141.2,1.8,0.2,0.4,0.6,96.8,0.4117490118577075,0.5
Carlos Eduardo Rocha,13.333333333333334,24.333333333333332,0.0,4.0,3.3333333333333335,6.0,9.0,4.0,0.3333333333333333,39.0,53.0,1.6666666666666667,0.0,1.0,0.6666666666666666,79.66666666666667,0.4119250829777146,0.0
Carlos Felipe,73.2,75.2,0.0,46.4,22.0,4.8,63.8,8.0,1.4,160.8,162.8,0.2,0.0,0.0,0.0,42.6,0.452113957769863,0.0
Carlos Hernandez,33.6,37.2,1.4,24.8,5.0,3.8,26.4,4.8,2.4,78.2,83.0,5.0,0.0,0.0,0.0,129.4,0.41842199540760505,0.26785714285714285
Carlos Huachin,26.0,28.5,0.0,19.5,4.0,2.5,24.5,0.5,1.0,121.0,124.0,0.0,0.0,0.0,0.0,0.0,0.21787059226292366,0.0
Carlos Leal,63.666666666666664,77.33333333333333,0.3333333333333333,42.0,14.666666666666666,7.0,51.0,12.666666666666666,0.0,125.0,141.33333333333334,1.3333333333333333,0.0,0.0,0.0,5.333333333333333,0.5496160794941283,0.25
Carlos Mota,12.0,36.0,0.0,6.0,5.0,1.0,7.0,0.0,5.0,29.0,62.0,0.0,0.0,1.0,1.0,11.0,0.41379310344827586,0.0
Carlos Newton,4.6,19.6,1.4,2.2,1.8,0.6,2.2,1.8,0.6,15.4,31.6,2.6,0.0,0.8,0.6,140.8,0.33318070818070816,0.5166666666666666
Carlos Prates,36.6,37.6,0.2,23.2,5.6,7.8,33.2,0.4,3.0,65.2,66.6,0.2,1.4,0.0,0.0,36.0,0.580829180509413,1.0
Carlos Ulberg,54.4,56.4,0.2,32.6,7.4,14.4,49.0,1.8,3.6,108.6,110.8,0.6,0.6,0.2,0.0,22.8,0.5534991298198492,0.25
Carlos Vera,14.0,36.5,0.0,5.0,2.0,7.0,11.0,0.5,2.5,24.5,52.5,1.0,0.5,1.0,0.0,7.0,0.5733333333333333,0.0
Carls John De Tomas,19.0,31.0,1.0,13.0,0.5,5.5,14.0,4.0,1.0,51.0,65.5,3.0,0.0,0.0,0.5,65.5,0.34555984555984554,0.25
Carlston Harris,33.0,53.2,1.0,21.2,7.8,4.0,27.0,2.6,3.4,76.4,101.2,3.6,0.2,0.2,0.0,130.4,0.4090742368185977,0.1388888888888889
Carlton Minus,52.5,59.0,0.0,39.5,6.0,7.0,52.0,0.5,0.0,131.0,139.0,0.5,0.0,0.0,0.0,0.0,0.3865384615384615,0.0
Carmelo Marrero,6.75,24.25,1.5,3.25,2.5,1.0,2.25,0.0,4.5,20.75,39.25,3.75,0.0,0.0,0.0,151.0,0.34207212517415064,0.19999999999999998
Caros Fodor,47.0,80.0,3.0,24.0,12.0,11.0,32.0,15.0,0.0,92.0,127.0,13.0,0.0,0.0,0.0,127.0,0.5108695652173914,0.23076923076923078
Casey Kenney,83.2,85.0,0.6,46.4,20.2,16.6,81.4,1.6,0.2,189.0,191.2,2.8,0.0,0.2,0.0,30.2,0.4643509995993611,0.13333333333333333
Casey O'Neill,106.4,128.0,0.6,83.6,13.0,9.8,93.0,4.2,9.2,206.8,234.0,3.0,0.0,0.2,0.0,100.4,0.48466692001498,0.075
Cat Zingano,21.2,39.4,1.8,10.6,6.2,4.4,9.8,5.8,5.6,38.6,59.0,3.2,0.0,0.0,0.4,219.0,0.4227624023142352,0.45
Cathal Pendred,34.2,46.4,1.8,9.6,7.0,17.6,26.4,7.8,0.0,73.4,87.0,9.2,0.0,0.2,0.0,174.6,0.4223378883018826,0.1280112044817927
Cesar Almeida,41.0,75.0,0.0,18.5,13.5,9.0,28.75,7.5,4.75,71.25,107.5,0.5,0.25,0.25,0.25,37.5,0.6274046995731624,0.0
Cesar Arzamendia,16.5,20.0,1.5,9.0,6.0,1.5,12.0,4.5,0.0,36.5,40.5,2.0,0.0,0.5,0.0,37.5,0.4887278582930757,0.75
Cezar Ferreira,25.6,40.0,2.4,11.2,5.8,8.6,20.4,2.2,3.0,53.6,69.4,5.8,0.0,0.6,0.0,196.0,0.5237926044066394,0.4242424242424242
Chad Anheliger,45.6,79.6,0.8,31.4,6.2,8.0,34.6,5.8,5.2,103.6,143.8,2.2,0.4,0.4,0.2,110.4,0.45632870728114516,0.16666666666666666
Chad Griggs,1.0,5.0,0.5,0.0,0.5,0.5,1.0,0.0,0.0,3.0,8.0,1.0,0.0,0.0,0.0,3.5,0.3333333333333333,0.5
Chad Laprise,26.8,32.8,0.4,14.6,7.2,5.0,18.2,2.2,6.4,59.6,66.6,0.6,0.6,0.0,0.0,51.0,0.4742783332380712,0.6666666666666666
Chad Mendes,21.6,23.6,1.4,17.0,1.4,3.2,10.0,2.0,9.6,35.0,37.0,2.2,0.8,0.0,0.0,86.2,0.5924700435729848,0.6607142857142857
Chad Reiner,4.0,21.5,0.5,2.0,1.0,1.0,2.5,1.5,0.0,19.5,38.5,1.5,0.0,1.0,0.0,43.5,0.2111111111111111,0.3333333333333333
Chael Sonnen,15.2,66.6,1.4,9.0,5.4,0.8,3.8,5.6,5.8,34.2,91.0,3.0,0.0,0.4,0.0,213.6,0.4386647029945999,0.37202380952380953
Chan Sung Jung,56.4,76.6,0.6,43.0,6.8,6.6,45.4,1.6,9.4,127.6,153.0,1.2,0.2,0.6,0.0,125.0,0.4718890361366304,0.3
Chan-Mi Jeon,93.5,96.0,0.0,60.0,13.5,20.0,90.0,2.5,1.0,295.0,298.0,0.0,0.0,0.0,0.0,1.0,0.3237058823529412,0.0
Chance Rencountre,12.25,25.0,1.0,5.0,4.75,2.5,10.75,1.0,0.5,59.75,85.5,3.75,0.0,0.25,0.0,204.25,0.31013076697032027,0.22916666666666666
ChangHo Lee,47.666666666666664,125.66666666666667,2.3333333333333335,26.666666666666668,19.333333333333332,1.6666666666666667,12.666666666666666,22.666666666666668,12.333333333333334,73.0,182.66666666666666,7.0,0.0,0.3333333333333333,1.0,277.0,0.6258000081529493,0.36574074074074076
Charalampos Grigoriou,23.5,31.0,2.0,19.5,2.5,1.5,14.0,0.5,9.0,51.5,59.0,2.5,0.5,0.0,0.0,224.0,0.5036437246963563,0.8
Charles Byrd,15.25,27.5,0.5,13.25,1.0,1.0,8.25,3.25,3.75,27.0,40.75,1.75,0.0,0.25,0.25,128.25,0.4988888888888889,0.375
Charles Johnson,66.6,80.2,0.6,33.6,16.2,16.8,56.4,6.4,3.8,149.2,166.4,3.2,0.8,0.0,0.0,68.2,0.4554039567826654,0.13333333333333333
Charles Jourdain,31.0,37.0,0.6,13.4,10.8,6.8,24.8,4.4,1.8,65.4,72.6,2.6,0.2,0.8,0.0,46.4,0.5778292395367897,0.14285714285714285
Charles McCarthy,1.0,4.0,1.0,0.3333333333333333,0.3333333333333333,0.3333333333333333,0.6666666666666666,0.3333333333333333,0.0,8.333333333333334,15.0,1.6666666666666667,0.0,1.0,0.0,88.0,0.08333333333333333,0.7777777777777778
Charles Oliveira,30.6,43.0,1.2,19.4,6.2,5.0,19.8,2.8,8.0,48.8,62.2,3.2,0.2,1.4,0.4,262.2,0.570576108895781,0.3541666666666667
Charles Radtke,18.4,49.2,0.6,14.6,0.8,3.0,12.0,0.6,5.8,31.4,71.6,1.4,0.4,0.4,0.0,146.4,0.5717939001813581,0.3
Charles Rosa,39.4,79.0,1.2,20.2,7.8,11.4,33.2,2.4,3.8,113.6,158.4,3.0,0.0,1.2,0.6,101.8,0.4012640283067782,0.4722222222222222
Charlie Brenneman,5.0,13.0,1.2,1.6,2.2,1.2,2.4,1.0,1.6,10.6,20.6,4.0,0.0,0.0,0.0,78.2,0.3738095238095238,0.2544642857142857
Charlie Campbell,37.333333333333336,52.666666666666664,1.3333333333333333,18.0,9.666666666666666,9.666666666666666,29.666666666666668,6.666666666666667,1.0,71.33333333333333,89.0,3.6666666666666665,0.3333333333333333,0.0,0.3333333333333333,120.33333333333333,0.4981216931216932,0.2
Charlie Ontiveros,10.333333333333334,15.0,0.0,8.666666666666666,1.3333333333333333,0.3333333333333333,9.0,1.0,0.3333333333333333,24.0,30.333333333333332,0.0,0.6666666666666666,0.0,0.0,2.6666666666666665,0.5908109774899785,0.0
Charlie Valencia,5.0,5.0,0.0,1.0,3.0,1.0,2.0,3.0,0.0,10.0,10.0,0.0,0.0,0.0,0.0,0.0,0.5,0.0
Charlie Ward,2.5,3.0,0.0,2.0,0.5,0.0,2.0,0.5,0.0,13.0,14.0,0.5,0.0,0.0,0.0,4.0,0.19642857142857142,0.0
Chas Skelly,23.0,47.6,1.2,20.2,2.2,0.6,17.0,4.6,1.4,52.8,80.0,3.4,0.2,0.8,0.6,292.8,0.4373524968440223,0.4
Chase Gormley,5.0,6.0,0.5,3.0,2.0,0.0,1.5,1.0,2.5,14.5,17.0,1.5,0.0,0.5,0.0,44.5,0.3405797101449275,0.5
Chase Hooper,22.2,47.0,2.4,16.8,4.0,1.4,9.4,0.4,12.4,50.6,87.8,4.6,0.2,1.0,0.0,232.2,0.41799650114933173,0.5178571428571428
Chase Sherman,53.4,56.8,0.2,29.0,11.8,12.6,51.2,2.2,0.0,117.4,121.8,0.4,0.2,0.0,0.0,21.4,0.47146688133821,0.5
Che Mills,13.25,24.0,0.5,7.25,1.5,4.5,5.5,4.0,3.75,25.25,37.75,0.75,0.5,0.0,0.25,44.75,0.533902972027972,0.5
Cheick Kongo,20.2,31.6,0.4,8.6,6.4,5.2,10.4,7.0,2.8,43.2,56.4,1.2,0.2,0.0,0.0,140.2,0.5472222222222223,0.3333333333333333
Chelsea Chandler,36.8,60.6,0.6,25.6,10.0,1.2,22.2,7.8,6.8,81.6,111.4,1.0,0.0,0.0,0.0,171.6,0.4472124477274731,0.6666666666666666
Chepe Mariscal,54.8,119.8,1.8,35.2,9.0,10.6,30.2,11.6,13.0,101.0,178.0,4.2,0.0,0.0,0.8,219.6,0.5156284390068309,0.5598214285714286
Cheyanne Vlismas,52.25,68.0,0.25,39.75,9.75,2.75,44.0,4.0,4.25,106.5,124.75,0.25,0.25,0.25,0.75,25.25,0.5262084918796174,1.0
Chico Camus,43.8,59.2,0.6,37.6,4.8,1.4,37.8,3.8,2.2,115.6,132.8,1.8,0.0,0.2,0.2,121.4,0.38125445776021294,0.29166666666666663
Chidi Njokuani,49.8,67.8,0.0,18.0,20.4,11.4,26.6,17.4,5.8,80.0,100.4,0.8,0.2,0.0,0.0,125.6,0.580005649191545,0.0
Chris Avila,35.5,52.0,0.0,25.5,5.0,5.0,30.0,4.5,1.0,116.5,135.5,0.5,0.0,0.0,0.0,11.0,0.3021577380952381,0.0
Chris Barnett,29.0,42.2,0.0,16.6,3.4,9.0,19.0,2.4,7.6,57.8,72.2,0.2,0.2,0.0,0.0,19.2,0.4806824268168806,0.0
Chris Beal,45.2,61.4,1.4,38.4,5.6,1.2,29.2,6.0,10.0,125.8,142.8,2.4,0.2,0.2,0.6,194.2,0.36441264332849543,0.5833333333333334
Chris Brennan,5.0,83.5,0.5,1.5,2.5,1.0,2.0,2.5,0.5,16.5,99.0,1.5,0.0,1.0,0.0,4.5,0.27391304347826084,0.5
Chris Camozzi,25.6,40.2,0.2,20.0,2.0,3.6,19.8,4.2,1.6,50.8,69.6,0.2,0.2,0.2,0.0,72.0,0.5768729696359429,1.0
Chris Cariaso,40.4,55.8,0.4,19.4,13.4,7.6,29.6,8.8,2.0,100.8,119.2,0.8,0.0,1.0,0.2,85.2,0.3752341502239321,0.3333333333333333
Chris Clements,33.0,46.0,0.0,15.4,9.2,8.4,21.6,7.8,3.6,66.2,80.2,0.4,0.4,0.2,0.0,36.4,0.5296627679955219,0.0
Chris Condo,0.0,1.0,0.0,0.0,0.0,0.0,0.0,0.0,0.0,2.0,3.0,0.0,0.0,0.0,0.0,0.0,0.0,0.0
Chris Cope,29.0,36.0,0.0,12.333333333333334,8.0,8.666666666666666,24.666666666666668,4.333333333333333,0.0,110.0,117.66666666666667,0.3333333333333333,0.0,0.0,0.0,34.333333333333336,0.20707112113137938,0.0
Chris Curtis,99.2,107.2,0.0,70.4,23.2,5.6,93.4,5.8,0.0,195.2,203.8,0.2,0.0,0.0,0.4,18.4,0.4880705034353315,0.0
Chris Daukaus,14.0,15.2,0.0,11.8,1.2,1.0,9.4,1.0,3.6,34.4,35.8,0.2,0.4,0.0,0.0,10.4,0.5315951168243188,0.0
Chris Dempsey,12.75,21.75,1.0,10.0,2.0,0.75,8.25,3.0,1.5,39.25,49.0,4.25,0.0,0.0,0.0,99.0,0.2797101449275362,0.16666666666666666
Chris Duncan,40.6,43.8,1.4,27.6,9.8,3.2,37.2,2.2,1.2,99.0,103.0,2.8,0.2,0.4,0.0,90.4,0.4204071547275431,0.32666666666666666
Chris Fishgold,17.5,20.5,1.5,11.0,2.5,4.0,14.75,2.25,0.5,54.25,57.75,3.25,0.0,0.75,0.25,65.75,0.3391716401414677,0.3333333333333333
Chris Gruetzemacher,64.0,94.4,0.2,35.2,20.4,8.4,42.6,17.8,3.6,113.0,146.2,0.4,0.0,0.0,0.0,56.8,0.5281618410585157,0.5
Chris Gutierrez,66.6,83.0,0.2,22.6,4.4,39.6,65.8,0.2,0.6,118.2,137.4,1.0,0.2,0.0,0.2,20.2,0.5632854955590656,0.3333333333333333
Chris Haseman,14.0,49.0,0.0,3.0,6.0,5.0,5.0,5.0,4.0,20.0,56.0,0.0,0.0,2.0,0.0,14.0,0.7,0.0
Chris Heatherly,6.0,8.5,1.0,4.0,1.5,0.5,4.5,1.0,0.5,12.5,15.5,2.0,0.0,0.0,0.0,61.0,0.6000000000000001,0.6666666666666666
Chris Holdsworth,20.5,90.5,2.5,13.5,4.5,2.5,15.5,4.5,0.5,69.0,151.5,4.0,0.0,1.5,0.0,423.0,0.29772727272727273,0.5833333333333333
Chris Indich,13.0,23.5,0.5,3.0,3.5,6.5,7.5,5.5,0.0,42.0,53.5,1.0,0.0,1.0,0.0,67.5,0.3224489795918367,0.5
Chris Kelades,34.75,68.75,1.0,21.75,9.5,3.5,17.5,8.75,8.5,79.5,119.25,5.5,0.0,0.25,0.25,171.5,0.4231960559453139,0.1634920634920635
Chris Leben,20.4,62.8,0.4,10.6,3.0,6.8,15.4,3.8,1.2,47.6,94.0,1.8,0.2,0.4,0.0,77.6,0.49125356912590956,0.5
Chris Liguori,1.0,12.0,0.0,0.0,0.0,1.0,1.0,0.0,0.0,3.0,14.0,0.0,0.0,0.0,0.0,8.0,0.3333333333333333,0.0
Chris Lytle,65.0,80.8,0.0,48.2,16.6,0.2,60.6,4.4,0.0,139.4,157.0,0.2,0.0,2.2,0.6,51.6,0.37560696200654026,0.0
Chris Padilla,45.75,65.75,0.75,23.75,6.25,15.75,37.25,4.5,4.0,84.5,105.0,2.5,0.0,0.25,0.0,125.5,0.5235681640334328,0.3333333333333333
Chris Price,5.0,7.5,0.0,1.5,3.5,0.0,1.5,3.5,0.0,7.5,10.5,0.0,0.0,0.5,0.5,19.5,0.75,0.0
Chris Sanford,1.0,3.0,0.0,0.0,0.0,1.0,1.0,0.0,0.0,2.0,4.0,0.0,0.0,1.0,0.0,0.0,0.5,0.0
Chris Saunders,6.0,6.0,1.0,1.0,0.0,5.0,6.0,0.0,0.0,27.0,27.0,1.0,0.0,0.0,0.0,36.0,0.2222222222222222,1.0
Chris Spang,5.0,24.0,0.0,1.0,1.0,3.0,4.0,1.0,0.0,57.0,76.0,0.0,0.0,0.0,0.0,0.0,0.08771929824561403,0.0
Chris Tickle,16.0,52.0,1.0,11.0,3.0,2.0,11.0,1.0,4.0,40.0,82.0,4.0,0.0,2.0,1.0,303.0,0.4,0.25
Chris Tuchscherer,8.5,17.0,0.5,5.25,0.75,2.5,6.25,2.0,0.25,26.75,36.5,2.75,0.0,0.25,0.0,90.25,0.20456081081081082,0.19642857142857142
Chris Wade,18.0,46.0,1.8,9.6,4.4,4.0,12.2,2.4,3.4,37.6,70.8,3.4,0.2,1.0,1.6,309.0,0.4412109488269982,0.6488095238095238
Chris Weidman,31.6,44.4,1.2,22.0,5.6,4.0,24.2,1.6,5.8,59.4,74.6,5.8,0.4,0.2,0.0,181.6,0.5080302352041483,0.140625
Chris Wilson,33.25,59.25,1.25,16.25,13.0,4.0,17.5,6.5,9.25,65.25,93.75,2.5,0.75,1.5,0.25,205.0,0.4925224335285311,0.611111111111111
Chris de la Rocha,30.25,42.25,1.0,23.0,5.5,1.75,21.0,4.25,5.0,66.25,81.0,3.25,0.0,0.5,0.0,140.0,0.38177382878534494,0.4166666666666667
Christian Aguilera,9.0,10.666666666666666,0.0,5.333333333333333,1.0,2.6666666666666665,9.0,0.0,0.0,24.0,26.0,0.3333333333333333,0.0,0.0,0.0,10.666666666666666,0.3150130063173541,0.0
Christian Colombo,27.0,50.666666666666664,0.0,17.0,7.0,3.0,13.333333333333334,13.0,0.6666666666666666,60.333333333333336,85.0,0.3333333333333333,0.0,0.0,0.0,37.666666666666664,0.3140910452231207,0.0
Christian Leroy Duncan,42.8,62.2,0.4,21.4,7.6,13.8,28.2,9.6,5.0,74.0,96.2,1.0,0.4,0.0,0.0,137.0,0.5773116874269446,0.5
Christian Morecraft,19.5,37.75,1.5,16.0,1.75,1.75,6.5,1.25,11.75,56.75,78.5,2.25,0.0,1.0,0.5,210.0,0.33126112382405287,0.7083333333333333
Christian Rodriguez,54.4,71.4,1.8,37.2,9.8,7.4,36.4,11.4,6.6,101.0,121.4,5.2,0.0,0.6,0.8,184.2,0.5476474063929497,0.34761904761904766
Christian Wellisch,23.0,36.2,0.6,17.8,1.6,3.6,16.6,4.8,1.6,82.4,96.8,1.4,0.2,0.6,0.2,54.6,0.256074494470112,0.5625
Christina Marks,10.0,17.0,1.0,6.0,2.0,2.0,7.0,3.0,0.0,17.0,24.0,1.0,0.0,0.0,0.0,41.0,0.5882352941176471,1.0
Christophe Leninger,2.0,19.5,0.0,2.0,0.0,0.0,2.0,0.0,0.0,9.0,27.5,1.0,0.0,0.5,0.0,0.0,0.34375,0.0
Christos Giagos,13.4,16.4,0.0,7.4,2.2,3.8,12.6,0.6,0.2,30.8,34.2,1.4,0.2,0.0,0.0,14.4,0.3940718157181572,0.0
Chuck Liddell,24.8,25.4,0.8,20.6,2.4,1.8,22.4,2.2,0.2,88.2,89.6,0.8,0.0,0.0,0.0,23.8,0.27738332302913427,1.0
Chuck O'Neil,47.0,48.0,0.0,18.0,9.0,20.0,41.0,6.0,0.0,125.0,126.0,2.0,0.0,0.0,0.0,105.0,0.376,0.0
Cindy Dandois,47.0,100.0,5.0,34.0,6.0,7.0,28.0,8.0,11.0,146.0,212.0,9.0,0.0,0.0,0.0,399.0,0.3219178082191781,0.5555555555555556
Ciryl Gane,59.6,61.0,0.4,27.0,18.0,14.6,57.8,0.8,1.0,86.6,88.0,1.0,0.2,0.4,0.0,46.0,0.7116795772533477,0.25
Claude Patrick,23.25,50.75,2.0,13.5,6.5,3.25,4.75,11.5,7.0,41.75,71.0,3.75,0.0,1.5,0.0,350.25,0.5901772096392892,0.475
Claudia Gadelha,47.0,76.0,1.8,38.8,5.4,2.8,41.0,2.2,3.8,117.8,149.6,6.0,0.0,0.2,0.0,216.2,0.3985163551401869,0.29000000000000004
Claudio Puelles,14.8,32.6,2.4,9.6,4.8,0.4,8.6,1.6,4.6,32.2,52.6,9.0,0.0,0.8,0.0,256.2,0.4042483660130719,0.2283653846153846
Claudio Ribeiro,23.0,37.0,0.25,14.75,2.75,5.5,15.0,1.5,6.5,44.75,61.0,0.5,0.25,0.0,0.0,70.5,0.47410596207753125,0.5
Claudio Silva,29.4,52.0,2.2,15.4,6.2,7.8,22.6,0.8,6.0,73.2,99.0,8.0,0.0,1.0,0.0,212.2,0.5125479618470272,0.44000000000000006
Clay Collard,62.0,81.25,2.75,36.75,12.75,12.5,46.0,9.75,6.25,192.5,214.0,7.0,0.5,0.5,0.25,170.75,0.31524973302458437,0.43636363636363634
Clay Guida,36.0,46.2,1.2,20.4,8.6,7.0,32.2,3.0,0.8,117.2,128.6,6.2,0.0,0.0,0.2,133.6,0.4132333289416724,0.08969696969696969
Clay Harvison,25.0,45.666666666666664,0.3333333333333333,12.666666666666666,9.0,3.3333333333333335,12.666666666666666,8.666666666666666,3.6666666666666665,52.0,74.66666666666667,0.3333333333333333,0.0,0.6666666666666666,0.3333333333333333,76.0,0.4193121693121693,1.0
Clayton Carpenter,21.5,34.25,0.75,11.5,5.0,5.0,13.25,2.0,6.25,38.75,52.75,1.75,0.0,1.0,0.5,150.5,0.5271739130434783,0.4583333333333333
Clifford Starks,15.0,39.666666666666664,1.0,13.333333333333334,1.3333333333333333,0.3333333333333333,11.666666666666666,1.0,2.3333333333333335,45.333333333333336,75.33333333333333,1.0,0.0,0.0,0.3333333333333333,177.33333333333334,0.3093947606142728,1.0
Clint Hester,31.0,34.8,0.8,22.0,5.8,3.2,26.6,1.2,3.2,75.6,79.4,2.4,0.2,0.0,0.4,88.6,0.35460267537027423,0.4666666666666667
Cody Brundage,22.0,35.0,0.6,17.0,1.8,3.2,17.0,4.0,1.0,45.0,58.8,1.8,0.2,0.0,0.0,76.6,0.46299592592054334,0.14285714285714285
Cody Donovan,25.25,33.75,0.5,16.0,8.5,0.75,14.75,9.0,1.5,42.75,52.75,1.75,0.5,0.5,0.0,60.0,0.6188746438746439,0.375
Cody Durden,39.6,42.2,1.2,32.8,4.0,2.8,39.2,0.2,0.2,105.4,109.4,3.2,0.0,0.8,0.0,93.2,0.37354944412502433,0.5208333333333333
Cody East,23.5,33.0,1.5,16.5,1.5,5.5,18.5,4.0,1.0,54.5,65.0,1.5,0.0,0.0,0.0,32.5,0.4330816746739876,1.0
Cody Garbrandt,19.8,25.2,0.4,11.4,3.8,4.6,16.8,2.4,0.6,43.2,48.6,2.2,0.2,0.0,0.2,45.4,0.5238193606634094,0.2222222222222222
Cody Gibson,19.0,37.0,1.8,11.4,3.6,4.0,13.2,3.8,2.0,38.8,63.2,4.6,0.0,0.6,0.0,236.0,0.5872760599014708,0.39404761904761904
Cody Haddon,140.0,148.0,2.0,100.0,38.0,2.0,130.0,10.0,0.0,280.0,288.0,4.0,0.0,0.0,0.0,91.0,0.5,0.5
Cody McKenzie,15.6,32.6,1.2,12.2,2.0,1.4,11.2,2.2,2.2,40.0,58.2,5.2,0.0,1.4,0.2,137.6,0.311672203765227,0.23076923076923078
Cody Pfister,15.0,44.25,2.0,13.0,2.0,0.0,8.75,3.25,3.0,57.75,89.5,6.5,0.0,0.0,0.5,244.5,0.36353412332675006,0.4563492063492064
Cody Stamann,51.2,56.6,0.4,30.6,14.8,5.8,43.8,5.2,2.2,108.4,114.6,2.8,0.4,0.0,0.0,66.0,0.4901031751845838,0.09166666666666667
Colby Covington,72.0,149.8,2.4,51.2,13.8,7.0,56.8,6.2,9.0,175.0,260.4,10.4,0.0,0.2,0.2,466.6,0.40829852022536856,0.22000000000000003
Colby Thicknesse,50.0,83.0,1.0,33.0,10.0,7.0,25.0,3.5,21.5,119.0,165.0,11.0,0.0,0.5,0.0,232.5,0.4288855784918777,0.07142857142857142
Cole Escovedo,27.333333333333332,36.333333333333336,0.6666666666666666,9.333333333333334,13.666666666666666,4.333333333333333,22.0,5.0,0.3333333333333333,58.0,67.66666666666667,1.6666666666666667,0.0,0.0,0.0,55.666666666666664,0.476191466860838,0.25
Cole Miller,30.2,32.6,0.6,18.2,5.8,6.2,27.8,1.6,0.8,97.4,100.2,1.0,0.2,0.4,0.2,54.2,0.3251819571504611,0.5
Cole Smith,26.666666666666668,50.333333333333336,1.6666666666666667,11.0,8.0,7.666666666666667,18.666666666666668,5.666666666666667,2.3333333333333335,75.33333333333333,102.33333333333333,5.0,0.0,1.6666666666666667,0.0,396.3333333333333,0.3358388957804162,0.35555555555555557
Cole Williams,1.5,12.5,0.0,1.5,0.0,0.0,1.5,0.0,0.0,5.5,16.5,0.0,0.0,0.0,0.0,0.0,0.26666666666666666,0.0
Colin Fletcher,46.5,63.5,0.0,16.0,10.0,20.5,43.0,2.5,1.0,134.0,153.0,1.0,0.0,0.0,0.0,55.0,0.34425085162227065,0.0
Colin Robinson,18.0,31.5,0.5,13.0,5.0,0.0,0.0,8.0,10.0,26.0,39.5,0.5,0.0,1.0,0.0,68.0,0.36,1.0
Collin Anglin,16.5,18.0,0.5,9.0,5.5,2.0,13.5,3.0,0.0,45.5,48.5,1.0,0.0,0.0,0.0,15.5,0.34509803921568627,0.5
Collin Hart,95.0,104.0,2.0,67.0,11.0,17.0,75.0,20.0,0.0,212.0,223.0,12.0,0.0,0.0,0.0,214.0,0.4481132075471698,0.16666666666666666
Colton Smith,13.5,34.0,2.25,5.25,2.75,5.5,7.5,4.25,1.75,32.5,58.5,6.25,0.25,0.75,0.0,237.0,0.5212148962148961,0.3680555555555555
Connor Matthews,23.0,24.666666666666668,1.0,14.333333333333334,4.666666666666667,4.0,22.0,0.3333333333333333,0.6666666666666666,57.0,60.333333333333336,2.0,0.0,0.0,0.0,29.0,0.3318840579710145,0.5
Conor McGregor,31.6,50.2,0.0,22.6,6.6,2.4,21.2,3.8,6.6,59.0,78.8,0.2,0.8,0.2,0.0,26.8,0.5782542993069308,0.0
Constantinos Philippou,12.6,23.6,0.0,8.4,1.4,2.8,7.0,2.0,3.6,41.6,54.6,0.2,0.2,0.0,0.0,49.0,0.2810931917979973,0.0
Corey Anderson,37.0,53.8,4.0,28.8,5.8,2.4,24.6,6.6,5.8,80.6,99.8,7.6,0.2,0.0,0.0,195.4,0.4669497941563656,0.4478744939271255
Corey Hill,23.666666666666668,43.333333333333336,1.3333333333333333,16.666666666666668,6.0,1.0,11.0,5.333333333333333,7.333333333333333,51.0,71.0,1.6666666666666667,0.0,0.0,0.0,166.33333333333334,0.4771212121212121,0.8333333333333333
Cortavious Romious,14.0,22.0,3.0,9.5,2.0,2.5,12.5,0.0,1.5,34.5,44.0,4.5,0.0,0.0,0.5,250.5,0.4180555555555555,0.6666666666666666
Cortney Casey,41.0,91.2,0.4,26.6,5.2,9.2,36.2,3.6,1.2,100.4,156.4,1.2,0.0,0.4,0.0,38.0,0.4223650278421555,0.2
Cory Hendricks,47.0,52.0,0.0,23.0,17.0,7.0,37.0,10.0,0.0,118.0,124.0,2.0,0.0,0.0,0.0,18.0,0.3983050847457627,0.0
Cory McKenna,27.8,70.2,2.0,22.4,2.6,2.8,23.2,2.6,2.0,79.6,140.0,4.2,0.0,0.4,0.0,292.6,0.38474620759566996,0.6023809523809524
Cory Sandhagen,73.4,128.0,2.4,43.8,11.2,18.4,58.4,0.4,14.6,158.8,233.4,4.6,0.0,0.2,0.2,385.0,0.4727835812551945,0.5625
Cory Walmsley,2.0,13.0,0.0,1.0,1.0,0.0,1.0,1.0,0.0,2.0,13.0,0.0,0.0,0.0,0.0,2.0,1.0,0.0
Court McGee,24.8,33.6,0.6,6.8,10.4,7.6,22.2,1.0,1.6,73.6,86.6,2.8,0.0,0.2,0.0,96.0,0.372072673340749,0.5416666666666666
Crafton Wallace,2.5,14.0,0.0,1.5,0.0,1.0,2.5,0.0,0.0,13.5,25.0,0.0,0.0,0.0,0.0,22.5,0.16666666666666666,0.0
Craig White,12.0,38.5,0.0,8.5,2.0,1.5,6.5,1.0,4.5,29.5,61.0,1.0,0.5,0.5,0.0,58.5,0.3907563025210084,0.0
Cristian Quinonez,20.333333333333332,25.0,0.6666666666666666,15.0,1.0,4.333333333333333,18.0,1.0,1.3333333333333333,52.666666666666664,58.333333333333336,2.3333333333333335,0.0,0.0,0.0,65.0,0.40206323926775583,0.2857142857142857
Cristiane Justino,70.0,77.8,0.2,38.0,20.0,12.0,50.6,14.0,5.4,128.0,136.8,0.6,0.2,0.0,0.0,43.4,0.5157774349650458,0.3333333333333333
Cristiano Marcello,42.5,56.75,0.5,29.25,8.0,5.25,37.75,4.25,0.5,126.75,145.25,4.25,0.0,0.25,0.0,66.0,0.3565747615927786,0.0875
Cristina Stanciu,22.0,27.5,0.5,8.5,7.5,6.0,17.0,1.0,4.0,44.0,50.0,0.5,0.0,1.0,0.0,99.0,0.4649122807017544,1.0
Cub Swanson,61.4,77.8,0.4,36.8,11.6,13.0,54.2,6.8,0.4,106.8,125.2,1.0,0.4,0.0,0.0,30.6,0.5848600401764958,0.5
Cung Le,33.25,34.0,0.5,13.25,13.75,6.25,31.0,2.25,0.0,80.0,80.75,0.75,0.25,0.0,0.0,18.75,0.4318104843916053,0.5
Curt Warburton,22.666666666666668,46.333333333333336,1.6666666666666667,8.333333333333334,7.0,7.333333333333333,14.333333333333334,6.0,2.3333333333333335,53.666666666666664,93.0,3.3333333333333335,0.0,0.6666666666666666,0.0,320.0,0.363412043978011,0.45238095238095233
Curtis Blaydes,19.0,28.6,0.4,13.6,1.0,4.4,13.4,2.4,3.2,39.4,49.8,3.2,0.0,0.0,0.0,66.2,0.4668038277511962,0.06666666666666667
Curtis Millender,44.4,45.6,0.2,26.4,6.4,11.6,41.4,2.0,1.0,92.4,93.6,0.2,0.4,0.0,0.0,10.4,0.377409096991594,1.0
Curtis Stout,3.5,32.0,0.0,0.0,1.5,2.0,3.0,0.0,0.5,5.0,34.5,0.0,0.0,0.0,0.0,1.5,0.6904761904761905,0.0
Cynthia Calvillo,57.2,61.4,1.2,26.6,19.6,11.0,56.8,0.4,0.0,179.6,184.6,3.0,0.0,0.0,0.0,48.6,0.3254798772866187,0.3958333333333333
Cyril Asker,11.4,29.6,1.0,10.2,1.2,0.0,4.0,0.8,6.6,29.2,54.6,1.6,0.0,0.2,0.0,98.0,0.34492032789905125,0.6666666666666666
Cyrille Diabate,16.0,27.6,0.8,9.4,6.0,0.6,5.6,2.0,8.4,21.6,34.0,0.8,0.2,0.2,0.2,95.2,0.7298648648648649,1.0
Da Woon Jung,27.0,33.8,0.4,12.8,5.0,9.2,22.6,4.2,0.2,75.4,82.6,1.6,0.2,0.0,0.2,74.4,0.35257107971393686,0.2333333333333333
Da'Mon Blackshear,38.4,46.2,0.2,22.6,9.8,6.0,37.0,1.0,0.4,86.2,94.8,1.2,0.0,1.4,0.2,104.6,0.5383400383400383,0.1
DaMarques Johnson,13.2,19.8,0.8,10.0,1.8,1.4,7.4,1.8,4.0,31.8,39.6,1.2,0.2,0.2,0.2,93.2,0.38888778550148956,0.75
Daichi Abe,57.0,58.333333333333336,0.3333333333333333,34.0,4.0,19.0,48.666666666666664,3.6666666666666665,4.666666666666667,169.33333333333334,171.66666666666666,0.6666666666666666,0.3333333333333333,0.0,0.0,7.333333333333333,0.3349637133071128,0.5
Daiju Takase,1.6666666666666667,4.666666666666667,0.0,1.6666666666666667,0.0,0.0,0.0,0.0,1.6666666666666667,8.333333333333334,11.666666666666666,0.3333333333333333,0.0,0.0,0.0,0.0,0.1851851851851852,0.0
Dakota Bush,26.0,32.5,1.5,12.5,4.0,9.5,24.5,1.0,0.5,67.0,76.0,4.5,0.0,0.0,0.5,90.5,0.38044871794871793,0.41666666666666663
Dalcha Lungiambula,35.4,48.2,1.2,23.0,9.8,2.6,21.2,8.4,5.8,81.6,95.8,2.8,0.0,0.0,0.0,132.8,0.466976544960416,0.58
Dale Hartt,4.666666666666667,6.333333333333333,0.3333333333333333,0.3333333333333333,0.3333333333333333,4.0,4.666666666666667,0.0,0.0,13.333333333333334,15.0,0.3333333333333333,0.0,0.6666666666666666,0.0,12.0,0.30787037037037035,1.0
Damacio Page,15.666666666666666,36.0,1.0,9.666666666666666,3.0,3.0,11.333333333333334,2.0,2.3333333333333335,42.666666666666664,65.33333333333333,2.0,0.0,0.3333333333333333,0.6666666666666666,136.33333333333334,0.35620978854061564,0.625
Damian Grabowski,23.333333333333332,24.0,0.0,14.0,5.0,4.333333333333333,19.333333333333332,3.6666666666666665,0.3333333333333333,64.66666666666667,65.66666666666667,2.0,0.0,0.0,0.0,0.3333333333333333,0.34278959810874704,0.0
Damian Stasiak,24.6,28.0,2.4,16.0,5.0,3.6,21.6,1.4,1.6,70.8,74.4,7.0,0.0,0.4,0.2,170.8,0.41763842826993247,0.45055555555555554
Damien Brown,45.4,49.4,0.4,29.2,7.2,9.0,40.4,2.4,2.6,120.4,124.8,1.6,0.4,0.4,0.0,36.2,0.3897348709334911,0.14285714285714285
Damir Hadzovic,31.0,38.4,0.8,25.4,2.6,3.0,26.2,3.8,1.0,65.2,74.2,1.4,0.0,0.0,0.2,49.4,0.3823366907699757,0.5416666666666666
Damir Ismagulov,51.0,76.6,0.4,29.0,14.4,7.6,42.0,3.0,6.0,124.0,153.6,2.8,0.2,0.0,0.2,119.4,0.4232905435388735,0.2222222222222222
Damon Jackson,38.6,52.6,1.4,20.0,14.2,4.4,27.2,10.4,1.0,87.6,104.8,5.8,0.0,0.0,0.2,206.8,0.4821182281601807,0.17186813186813188
Dan Argueta,30.4,49.4,4.0,19.8,6.4,4.2,20.4,4.0,6.0,70.6,94.2,11.2,0.0,1.4,0.4,320.2,0.5371730230553761,0.5280701754385965
Dan Barrera,12.0,59.0,1.0,6.0,0.0,6.0,0.0,6.0,6.0,17.0,64.0,12.0,0.0,0.0,1.0,429.0,0.7058823529411765,0.08333333333333333
Dan Bobish,4.5,9.0,0.5,4.5,0.0,0.0,1.0,1.5,2.0,11.0,15.5,0.5,0.0,0.5,0.0,0.0,0.21428571428571427,1.0
Dan Christison,60.5,87.5,0.0,32.5,9.0,19.0,39.0,18.0,3.5,116.5,145.0,0.0,0.0,1.0,0.5,150.0,0.5289745627980922,0.0
Dan Cramer,14.5,24.0,0.0,13.0,1.0,0.5,1.5,1.5,11.5,48.0,61.5,1.0,0.0,0.5,1.0,373.0,0.2657563025210084,0.0
Dan Evensen,1.0,1.5,0.0,0.0,1.0,0.0,0.0,1.0,0.0,9.5,10.0,0.5,0.0,1.0,0.0,19.0,0.1111111111111111,0.0
Dan Hardy,31.0,40.6,0.8,25.0,2.4,3.6,23.0,3.8,4.2,92.4,102.6,2.4,0.2,0.6,0.0,101.2,0.34226868659006815,0.23214285714285715
Dan Henderson,22.6,25.8,0.2,13.6,1.2,7.8,18.0,1.0,3.6,56.0,59.4,0.8,0.8,0.0,0.0,22.2,0.5902346041055718,0.25
Dan Hooker,48.6,64.4,0.0,28.0,13.6,7.0,38.2,4.8,5.6,97.0,114.4,0.4,0.4,0.8,0.0,83.0,0.4276250540209931,0.0
Dan Ige,38.0,48.4,0.2,25.0,7.4,5.6,29.0,3.0,6.0,86.6,99.8,1.2,0.4,0.0,0.4,85.6,0.46972227787241716,0.1111111111111111
Dan Lauzon,11.666666666666666,14.333333333333334,1.0,8.333333333333334,1.6666666666666667,1.6666666666666667,7.0,2.3333333333333335,2.3333333333333335,40.666666666666664,44.333333333333336,2.3333333333333335,0.3333333333333333,0.0,0.0,103.0,0.32318112633181123,0.4666666666666666
Dan Miller,29.0,41.0,0.6,19.6,7.4,2.0,21.0,6.2,1.8,64.6,77.4,2.4,0.4,1.4,0.2,55.0,0.407347782741283,0.3333333333333333
Dan Moret,32.0,35.666666666666664,1.0,16.666666666666668,9.333333333333334,6.0,18.666666666666668,11.0,2.3333333333333335,73.0,77.33333333333333,3.6666666666666665,0.0,0.3333333333333333,0.0,195.0,0.42928457937905273,0.5555555555555556
Dan Severn,19.8,96.0,0.2,13.8,4.2,1.8,3.6,1.2,15.0,45.2,129.2,1.6,0.0,0.0,0.2,0.0,0.3788107757221681,0.125
Dan Stittgen,28.5,43.0,0.5,8.0,6.0,14.5,23.0,5.5,0.0,61.5,76.0,0.5,0.0,0.0,0.0,6.5,0.4243924392439244,1.0
Daniel Barez,39.333333333333336,43.333333333333336,0.3333333333333333,21.0,11.0,7.333333333333333,37.0,0.3333333333333333,2.0,79.66666666666667,84.0,1.6666666666666667,0.6666666666666666,0.0,0.0,32.666666666666664,0.5110353781239857,0.2
Daniel Cormier,72.4,106.4,1.6,59.6,4.8,8.0,56.2,7.4,8.8,113.8,150.0,2.4,0.2,0.4,0.0,130.8,0.6444498518340069,0.625
Daniel Frunza,24.5,59.0,0.0,17.5,2.5,4.5,21.5,3.0,0.0,70.5,113.0,0.0,0.0,0.0,0.0,0.0,0.3087606837606838,0.0
Daniel Jolly,3.0,5.0,0.0,0.5,2.0,0.5,2.5,0.5,0.0,8.5,12.0,1.0,0.0,0.0,0.0,18.5,0.21428571428571427,0.0
Daniel Kelly,32.4,47.4,1.2,27.6,2.2,2.6,24.4,7.0,1.0,89.4,107.4,3.8,0.0,0.2,0.0,94.6,0.3160116689162712,0.42857142857142855
Daniel Lacerda,16.4,19.6,0.8,10.0,3.6,2.8,13.4,1.2,1.8,39.8,43.6,1.2,0.6,0.4,0.0,38.2,0.417364073834662,0.75
Daniel Marcos,61.8,69.2,1.6,40.2,11.0,10.6,51.6,8.2,2.0,104.6,114.8,3.0,0.2,0.2,0.0,175.2,0.5813417313547292,0.5595238095238095
Daniel Omielanczuk,44.4,74.6,0.2,22.4,13.0,9.0,28.8,12.2,3.4,85.4,116.8,1.4,0.0,0.0,0.4,78.0,0.5413497074787397,0.2
Daniel Pineda,25.8,53.6,1.0,14.8,4.0,7.0,19.0,1.4,5.4,51.4,82.4,5.2,0.2,1.0,0.8,197.8,0.5010652874767627,0.23484848484848483
Daniel Roberts,7.4,24.2,0.8,3.0,3.0,1.4,6.2,1.2,0.0,35.8,55.0,3.0,0.0,1.6,0.2,91.0,0.22558614381399195,0.37857142857142856
Daniel Rodriguez,80.0,89.2,0.2,43.2,25.4,11.4,73.8,2.6,3.6,172.4,183.4,0.4,0.6,0.0,0.0,55.6,0.4304426779488935,0.5
Daniel Santos,57.0,80.2,2.4,36.8,12.8,7.4,41.8,4.8,10.4,140.0,168.0,6.0,0.4,0.0,0.2,238.8,0.44059280549237323,0.41666666666666663
Daniel Sarafian,11.2,15.4,0.2,6.0,2.0,3.2,10.8,0.4,0.0,20.6,24.8,1.6,0.0,0.4,0.0,40.8,0.6594751866490997,0.3333333333333333
Daniel Spitz,26.25,32.0,0.5,14.75,6.0,5.5,23.25,2.0,1.0,73.0,79.0,0.75,0.0,0.0,0.0,16.25,0.4773478835978836,0.75
Daniel Spohn,24.0,52.0,0.0,20.0,1.0,3.0,17.0,6.0,1.0,51.0,80.0,1.0,0.0,2.0,0.0,64.0,0.47058823529411764,0.0
Daniel Teymur,33.0,39.8,0.4,17.4,4.0,11.6,22.8,5.4,4.8,70.6,78.6,2.2,0.0,0.2,0.0,119.0,0.445608275659534,0.2916666666666667
Daniel Zellhuber,81.4,82.6,0.0,54.8,20.6,6.0,73.6,3.2,4.6,214.0,217.6,0.4,0.4,0.2,0.0,29.8,0.37059902738538375,0.0
Danielle Taylor,41.2,47.4,0.2,26.0,6.4,8.8,39.0,2.0,0.2,139.8,146.6,1.0,0.0,0.2,0.0,0.2,0.28187397649377566,0.25
Daniil Donchenko,39.0,42.0,1.0,29.0,8.0,2.0,23.0,6.0,10.0,68.0,71.0,3.0,1.0,0.0,0.0,63.0,0.5735294117647058,0.3333333333333333
Danillo Villefort,43.0,46.0,1.0,18.0,12.0,13.0,30.0,4.0,9.0,114.0,118.0,2.0,0.0,1.0,0.0,62.0,0.37719298245614036,0.5
Danilo Belluardo,6.5,28.0,1.0,4.5,0.0,2.0,4.0,0.0,2.5,10.5,34.5,1.0,0.0,0.0,0.0,131.0,0.325,1.0
Danilo Marques,13.75,27.5,2.5,10.0,3.0,0.75,6.75,0.0,7.0,17.25,36.5,8.75,0.0,0.5,0.0,339.25,0.7609427609427609,0.32936507936507936
Danny Abbadi,29.5,42.5,0.0,25.5,4.0,0.0,21.0,7.0,1.5,77.5,92.5,0.0,0.0,0.0,0.0,55.0,0.35844748858447484,0.0
Danny Barlow,62.5,67.25,0.0,42.0,8.5,12.0,60.25,0.5,1.75,121.25,127.25,0.5,0.25,0.0,0.0,22.25,0.5080301593459489,0.0
Danny Castillo,30.4,36.4,0.8,20.8,4.0,5.6,26.8,2.8,0.8,81.0,87.6,5.0,0.2,0.2,0.4,195.8,0.4368563558792184,0.11666666666666665
Danny Chavez,33.0,37.5,1.5,18.25,5.0,9.75,27.25,2.75,3.0,85.5,90.0,2.5,0.0,0.0,0.0,42.5,0.37416197371949583,0.7333333333333334
Danny Downes,19.0,35.0,0.0,6.5,9.0,3.5,11.0,8.0,0.0,57.5,75.0,0.0,0.0,0.5,0.0,29.5,0.29292929292929293,0.0
Danny Henry,26.25,41.25,0.25,18.5,5.5,2.25,15.25,1.5,9.5,50.5,67.75,0.75,0.5,0.75,0.0,91.5,0.47022783251231526,0.3333333333333333
Danny Martinez,48.25,58.25,3.5,31.75,15.25,1.25,35.75,9.5,3.0,152.0,163.75,7.0,0.25,0.0,0.25,249.5,0.31627824406714566,0.36904761904761907
Danny Mitchell,38.0,76.5,0.0,18.0,9.0,11.0,27.0,7.5,3.5,77.0,124.5,4.5,0.0,3.0,0.0,199.0,0.5063725490196078,0.0
Danny Roberts,31.2,35.4,0.4,14.2,12.0,5.0,21.4,9.6,0.2,87.8,93.0,2.8,0.2,0.0,0.0,71.0,0.3511372939311582,0.11458333333333333
Danny Silva,65.33333333333333,71.33333333333333,2.0,41.333333333333336,12.333333333333334,11.666666666666666,64.33333333333333,0.6666666666666666,0.3333333333333333,136.0,142.66666666666666,7.0,0.0,0.3333333333333333,0.0,133.0,0.4799442003220087,0.2962962962962963
Dante Rivera,34.0,64.0,0.0,11.0,19.0,4.0,9.0,24.0,1.0,64.0,95.0,5.0,0.0,0.0,0.0,150.0,0.53125,0.0
Danyelle Wolf,20.0,44.0,0.0,12.0,7.0,1.0,18.0,2.0,0.0,95.0,120.0,0.0,0.0,0.0,0.0,0.0,0.21052631578947367,0.0
Daria Zhelezniakova,53.666666666666664,62.666666666666664,0.3333333333333333,35.666666666666664,18.0,0.0,51.0,2.3333333333333335,0.3333333333333333,128.33333333333334,140.0,0.3333333333333333,0.0,0.0,0.0,13.333333333333334,0.4135376183358246,1.0
Darian Weeks,67.33333333333333,78.0,2.0,31.0,18.333333333333332,18.0,58.333333333333336,8.0,1.0,131.33333333333334,143.0,6.666666666666667,0.0,0.0,0.0,159.66666666666666,0.4971604094411111,0.3148148148148148
Darko Stosic,31.5,38.5,2.75,18.0,3.25,10.25,21.5,5.25,4.75,69.25,79.25,5.5,0.0,0.0,0.0,147.5,0.4783860055781698,0.4666666666666666
Daron Cruickshank,24.0,31.0,2.2,14.0,5.6,4.4,17.8,3.8,2.4,56.4,64.0,5.6,0.0,0.0,0.0,80.2,0.41209198951807713,0.38541666666666663
Darrel Gholar,4.0,30.0,1.0,3.0,1.0,0.0,0.0,0.0,4.0,26.0,59.0,1.0,0.0,0.0,0.0,0.0,0.15384615384615385,1.0
Darrell Horcher,22.25,38.25,0.25,17.0,3.25,2.0,9.75,6.25,6.25,49.75,67.5,0.5,0.0,0.5,0.25,148.0,0.3958808004860636,0.5
Darrell Montague,13.333333333333334,16.333333333333332,0.3333333333333333,7.666666666666667,2.3333333333333335,3.3333333333333335,13.0,0.3333333333333333,0.0,51.666666666666664,54.666666666666664,1.3333333333333333,0.0,0.6666666666666666,0.0,19.0,0.2751938751938752,0.16666666666666666
Darren Elkins,39.0,89.4,3.2,32.4,6.2,0.4,27.6,8.0,3.4,99.2,164.6,8.4,0.0,0.6,0.4,290.0,0.39757910390229,0.38357142857142856
Darren Stewart,27.2,43.4,1.4,12.2,4.2,10.8,18.4,5.2,3.6,56.2,75.8,3.0,0.0,0.2,0.0,89.2,0.46637000023569897,0.46875
Darren Till,31.8,39.0,0.6,21.0,5.2,5.6,26.6,3.6,1.6,65.8,73.6,0.8,0.2,0.0,0.2,31.4,0.49196538800009815,0.8333333333333334
Darren Uyenoyama,16.5,40.25,1.0,8.5,4.25,3.75,11.25,2.0,3.25,41.25,70.0,3.75,0.0,0.75,0.5,141.5,0.44856152418386286,0.2888888888888889
Darrick Minner,22.0,42.2,1.4,13.2,6.0,2.8,10.0,5.0,7.0,32.4,55.0,1.6,0.2,1.4,0.6,268.0,0.7505975723622782,0.9333333333333332
Darrill Schoonover,16.0,27.0,0.0,13.0,2.0,1.0,6.0,7.0,3.0,48.0,59.0,3.0,0.0,1.0,1.0,126.0,0.3333333333333333,0.0
Darrius Flowers,31.0,39.666666666666664,0.6666666666666666,14.333333333333334,6.666666666666667,10.0,27.0,3.0,1.0,62.666666666666664,73.33333333333333,2.3333333333333335,0.0,0.0,0.3333333333333333,44.666666666666664,0.4927083333333333,0.27777777777777773
Dashon Johnson,9.0,17.5,0.5,6.0,2.0,1.0,4.0,3.5,1.5,13.0,21.5,1.5,0.0,0.5,0.5,38.5,0.6848484848484848,0.25
Dave Beneteau,6.0,17.6,1.0,5.2,0.4,0.4,0.2,2.4,3.4,13.2,25.2,1.0,0.0,0.0,0.0,0.0,0.43402930402930406,1.0
Dave Galera,25.0,89.0,0.0,15.0,6.0,4.0,8.0,5.0,12.0,36.0,109.0,0.0,0.0,2.0,1.0,5.0,0.6944444444444444,0.0
Dave Herman,25.0,26.2,0.6,10.4,6.8,7.8,19.0,2.8,3.2,42.6,43.8,0.6,0.2,0.0,0.0,22.6,0.6086711711711711,1.0
Dave Menne,21.2,46.6,0.4,9.4,4.8,7.0,10.0,7.8,3.4,48.2,74.8,0.8,0.0,2.2,0.6,100.6,0.33998573975044566,0.6666666666666666
Dave Strasser,31.0,59.0,0.5,23.5,6.5,1.0,11.5,7.5,12.0,68.0,98.0,1.5,0.0,0.0,0.0,148.0,0.33090909090909093,0.25
Davey Grant,71.4,74.4,0.0,23.0,23.0,25.4,70.0,1.0,0.4,159.8,163.6,0.4,0.2,0.2,0.0,15.4,0.4314677187345504,0.0
Davi Ramos,22.6,33.8,1.0,15.4,4.0,3.2,16.0,2.2,4.4,58.4,71.2,3.0,0.0,0.4,0.0,104.6,0.4587419167268691,0.48571428571428577
David Abbott,7.8,12.8,0.2,7.8,0.0,0.0,2.2,2.6,3.0,19.0,25.4,0.4,0.0,0.0,0.2,24.6,0.4109775641025641,0.5
David Baron,7.0,22.0,0.0,5.0,2.0,0.0,5.0,2.0,0.0,16.0,31.0,1.0,0.0,1.0,1.0,55.0,0.4375,0.0
David Bielkheden,13.666666666666666,34.0,2.3333333333333335,10.666666666666666,2.0,1.0,0.3333333333333333,6.666666666666667,6.666666666666667,19.666666666666668,40.333333333333336,3.6666666666666665,0.0,0.0,0.0,205.66666666666666,0.8264150943396227,0.6363636363636364
David Branch,16.0,32.6,1.2,8.6,4.6,2.8,10.0,4.0,2.0,44.8,62.4,4.0,0.2,0.0,0.0,114.8,0.33322014051522253,0.27142857142857146
David Dodd,5.0,14.0,0.0,2.5,2.5,0.0,1.5,2.5,1.0,15.5,27.5,3.5,0.0,0.0,0.0,49.5,0.3225806451612903,0.0
David Dvorak,40.4,49.8,0.6,20.4,6.8,13.2,36.0,3.2,1.2,98.4,109.6,1.8,0.0,0.2,0.0,78.2,0.39154071222410974,0.24999999999999997
David Heath,13.6,25.4,0.2,8.2,2.4,3.0,10.2,1.6,1.8,45.2,57.8,0.4,0.0,0.6,0.0,57.8,0.3557014747758086,0.5
David Hood,2.0,2.0,0.0,0.0,0.0,2.0,1.0,1.0,0.0,3.0,3.0,0.0,0.0,0.0,0.0,0.0,0.6666666666666666,0.0
David Kaplan,31.0,56.0,3.5,7.5,4.0,19.5,28.0,2.5,0.5,67.0,95.0,8.0,0.0,0.5,0.5,187.5,0.44499178981937604,0.6785714285714286
David Lee,6.5,12.5,0.0,2.0,3.5,1.0,3.0,3.5,0.0,13.0,19.5,2.0,0.0,0.0,0.0,11.5,0.5,0.0
David Levicki,4.0,95.0,0.0,4.0,0.0,0.0,1.0,2.0,1.0,5.0,102.0,0.0,0.0,0.0,0.0,0.0,0.8,0.0
David Loiseau,15.6,19.4,0.4,10.0,3.4,2.2,7.2,5.2,3.2,40.0,44.0,0.4,0.2,0.0,0.4,60.0,0.35568627450980395,1.0
David Martinez,44.5,71.5,0.0,27.0,5.5,12.0,38.0,2.5,4.0,98.0,126.0,1.5,0.5,0.0,0.0,37.5,0.5292682926829269,0.0
David Michaud,45.0,71.33333333333333,2.3333333333333335,33.0,9.333333333333334,2.6666666666666665,29.333333333333332,7.0,8.666666666666666,104.33333333333333,137.66666666666666,4.0,0.0,0.6666666666666666,0.0,220.66666666666666,0.40525535070989616,0.6875
David Mitchell,23.6,70.8,0.6,15.8,5.6,2.2,13.8,5.6,4.2,72.6,124.2,1.2,0.0,1.8,0.2,92.0,0.38097674861825803,0.38888888888888884
David Onama,56.6,68.8,0.8,43.6,5.6,7.4,44.2,3.2,9.2,104.8,123.6,1.6,0.4,0.4,1.2,189.2,0.4647202400966364,0.3333333333333333
David Roberts,0.0,0.0,0.0,0.0,0.0,0.0,0.0,0.0,0.0,3.0,3.0,0.0,0.0,0.0,0.0,0.0,0.0,0.0
David Terrell,6.333333333333333,10.0,1.0,4.666666666666667,0.3333333333333333,1.3333333333333333,1.0,2.3333333333333335,3.0,10.0,14.333333333333334,2.0,0.3333333333333333,1.0,0.0,34.333333333333336,0.6243386243386243,0.625
David Teymur,52.2,59.0,0.6,23.8,11.6,16.8,47.2,4.2,0.8,126.0,134.6,2.2,0.4,0.0,0.0,28.4,0.42467927195633337,0.20634920634920637
David Velasquez,20.0,44.0,0.0,7.0,8.0,5.0,6.0,12.0,2.0,37.0,64.0,0.0,0.0,0.0,0.0,0.0,0.5405405405405406,0.0
David Zawada,47.6,73.4,0.8,27.2,15.4,5.0,38.0,8.4,1.2,115.6,143.6,2.4,0.2,1.4,0.2,75.0,0.3799318839311235,0.475
DeAnna Bennett,47.0,82.0,0.0,25.0,16.0,6.0,27.0,19.0,1.0,81.0,117.0,11.0,0.0,1.0,0.0,591.0,0.5802469135802469,0.0
Dean Barry,36.0,39.0,0.0,25.0,10.0,1.0,26.0,8.0,2.0,90.0,93.0,0.0,1.0,0.0,0.0,15.0,0.4,0.0
Dean Lister,17.0,29.6,1.6,10.4,2.2,4.4,13.0,0.8,3.2,50.8,65.4,10.6,0.0,0.6,0.2,112.4,0.3257795252323296,0.14882352941176472
Deiveson Figueiredo,28.0,32.8,1.8,11.6,10.0,6.4,25.0,1.8,1.2,56.0,61.0,7.4,0.2,0.4,0.2,144.4,0.5662278130346385,0.2785714285714286
Delson Heleno,3.0,4.0,0.0,1.0,1.0,1.0,1.0,2.0,0.0,4.0,5.0,4.0,0.0,0.0,0.0,67.0,0.75,0.0
Demetrious Johnson,60.4,109.8,3.0,30.8,16.4,13.2,36.4,8.8,15.2,98.4,153.0,3.8,0.2,1.2,0.2,450.8,0.6188736974148072,0.6785714285714286
Demian Maia,19.4,38.6,1.6,14.4,5.0,0.0,15.0,3.6,0.8,39.0,58.8,7.2,0.0,0.6,0.6,184.2,0.35664575140294286,0.47023809523809523
Denis Kang,22.666666666666668,61.333333333333336,2.6666666666666665,16.666666666666668,5.0,1.0,10.333333333333334,2.0,10.333333333333334,57.666666666666664,100.33333333333333,4.0,0.3333333333333333,0.6666666666666666,0.0,350.3333333333333,0.38573250648722346,0.4777777777777778
Denis Stojnic,11.5,22.0,0.0,9.5,1.0,1.0,2.0,1.5,8.0,49.5,63.0,0.0,0.0,0.5,0.0,145.5,0.22307692307692306,0.0
Denis Tiuliulin,27.8,63.6,0.6,17.6,8.4,1.8,22.4,4.2,1.2,66.2,107.0,1.2,0.4,0.0,0.0,41.2,0.3793461162230299,0.3
Denise Gomes,53.2,96.6,1.4,23.0,20.0,10.2,35.4,15.0,2.8,109.0,161.6,4.0,0.2,0.4,0.8,207.0,0.5184032627682513,0.32666666666666666
Dennis Bermudez,59.4,79.4,2.6,34.6,12.2,12.6,41.6,9.6,8.2,125.2,147.6,8.6,0.0,0.4,0.0,134.0,0.4859619986907619,0.24834054834054836
Dennis Buzukja,48.5,52.25,0.0,28.5,11.0,9.0,44.25,2.0,2.25,117.25,121.5,0.5,0.25,0.0,0.25,41.25,0.4146870328162145,0.0
Dennis Hallman,13.2,40.6,1.4,10.4,2.2,0.6,1.2,2.2,9.8,25.2,56.4,2.8,0.2,0.8,0.4,313.6,0.43634199134199136,0.5833333333333333
Dennis Siver,48.8,108.6,1.0,26.4,5.0,17.4,44.2,1.4,3.2,132.0,204.8,1.8,0.0,0.4,0.4,180.0,0.36826433256665814,0.5
Denys Bondar,40.333333333333336,44.0,2.3333333333333335,20.333333333333332,12.333333333333334,7.666666666666667,34.666666666666664,3.3333333333333335,2.3333333333333335,79.33333333333333,86.0,4.0,0.0,0.0,0.3333333333333333,79.33333333333333,0.6326174914410209,0.6888888888888888
Denzel Freeman,49.0,49.0,0.0,19.0,6.0,24.0,45.0,4.0,0.0,79.0,79.0,0.0,0.0,0.0,0.0,0.0,0.620253164556962,0.0
Dequan Townsend,15.0,36.25,0.0,6.0,7.5,1.5,9.0,5.25,0.75,43.0,66.75,0.0,0.0,0.0,0.0,6.0,0.33696060037523456,0.0
Derek Brunson,50.4,105.0,3.4,35.0,9.0,6.4,29.4,5.2,15.8,100.6,165.0,8.2,0.2,0.8,0.2,390.4,0.4882265081531162,0.4461538461538462
Derek Downey,2.0,2.0,1.0,0.0,2.0,0.0,0.0,2.0,0.0,2.0,2.0,6.0,0.0,0.0,0.0,62.0,1.0,0.16666666666666666
Deron Winn,60.6,77.6,3.8,44.2,12.0,4.4,48.4,10.0,2.2,136.0,156.2,7.2,0.0,0.0,0.2,228.4,0.4599483659550927,0.4125
Derrick Krantz,19.5,30.5,2.0,14.0,3.5,2.0,17.5,0.5,1.5,51.5,64.0,4.0,0.0,0.5,0.5,217.0,0.3607843137254902,0.5
Derrick Lewis,17.4,21.0,0.2,14.8,2.6,0.0,4.0,3.0,10.4,33.4,39.0,1.2,0.6,0.0,0.2,60.2,0.4208100918689154,0.125
Derrick Noble,18.0,26.0,0.0,10.0,4.0,4.0,7.0,11.0,0.0,45.0,53.0,0.0,0.0,0.0,0.0,40.0,0.4,0.0
Desmond Green,48.0,52.8,1.6,31.8,10.6,5.6,38.6,4.6,4.8,102.2,107.4,3.2,0.2,0.0,0.0,59.0,0.5184685678599731,0.5
Devin Clark,35.2,74.8,1.2,21.2,6.6,7.4,25.2,8.6,1.4,70.8,115.2,4.4,0.2,0.0,0.0,150.4,0.5175580743021717,0.23068181818181818
Devin Powell,33.75,55.25,0.0,10.75,8.75,14.25,25.5,4.5,3.75,81.0,105.5,1.25,0.25,0.5,0.25,36.75,0.4245271115142939,0.0
Devonte Smith,30.0,38.4,0.2,17.0,7.0,6.0,21.6,6.0,2.4,59.4,68.0,0.8,0.2,0.2,0.0,40.8,0.502886854055874,0.5
Dhiego Lima,38.8,42.8,0.4,20.0,8.0,10.8,37.6,0.8,0.4,109.2,114.0,2.8,0.2,0.0,0.0,50.8,0.33587886799337674,0.08333333333333333
Diana Belbita,68.2,87.6,0.6,37.2,20.0,11.0,56.8,9.6,1.8,173.4,194.4,1.0,0.0,0.0,0.2,44.2,0.38012845475364215,0.5
Diego Brandao,21.4,25.4,1.0,14.4,4.8,2.2,15.2,3.8,2.4,43.8,49.2,2.0,0.2,0.2,0.0,41.4,0.5168944345414934,0.4583333333333333
Diego Ferreira,50.6,65.0,0.6,33.6,13.4,3.6,42.4,1.4,6.8,114.4,131.6,1.0,0.2,0.0,0.0,30.6,0.43923386478147375,0.5
Diego Lopes,63.6,77.8,1.0,48.0,6.2,9.4,41.2,5.0,17.4,133.4,149.8,1.6,0.8,0.2,0.0,122.0,0.5379907045971004,0.6944444444444445
Diego Nunes,40.2,42.4,1.0,16.4,9.6,14.2,28.4,7.2,4.6,97.8,101.0,1.6,0.6,0.0,0.0,109.0,0.4318741718135879,0.75
Diego Rivas,17.25,27.0,1.5,9.0,3.75,4.5,10.5,4.0,2.75,42.75,54.25,2.5,0.25,0.75,1.0,155.5,0.44101989575387746,0.7666666666666666
Diego Sanchez,31.8,46.6,1.6,18.0,7.8,6.0,11.4,2.8,17.6,64.0,82.0,3.4,0.0,0.0,0.0,275.2,0.5153422739988832,0.45
Diego Saraiva,24.666666666666668,69.33333333333333,1.3333333333333333,20.666666666666668,2.0,2.0,19.666666666666668,1.3333333333333333,3.6666666666666665,75.66666666666667,122.0,3.3333333333333335,0.0,0.6666666666666666,0.3333333333333333,160.0,0.3706636892397175,0.25
Dieusel Berto,3.0,9.0,0.0,3.0,0.0,0.0,0.0,3.0,0.0,5.0,11.0,1.0,0.0,0.0,0.0,0.0,0.6,0.0
Dileno Lopes,35.5,54.0,2.5,23.0,10.5,2.0,24.0,10.0,1.5,98.0,122.0,8.0,0.0,1.5,0.0,236.0,0.35468733523146684,0.4583333333333333
Din Thomas,19.8,38.8,0.8,15.2,2.6,2.0,13.0,5.2,1.6,64.8,85.8,1.8,0.2,0.8,0.0,107.0,0.2880801813191194,0.475
Dione Barbosa,29.5,59.0,1.75,18.5,8.0,3.0,25.75,2.5,1.25,65.0,99.75,4.5,0.0,1.0,0.5,164.0,0.46236594189362523,0.6079545454545454
Diyar Nurgozhay,12.0,16.5,1.5,3.0,5.0,4.0,11.5,0.5,0.0,25.0,30.5,1.5,0.0,0.0,0.0,33.5,0.5361305361305362,1.0
Djorden Santos,115.0,121.5,0.5,94.5,9.5,11.0,112.5,0.5,2.0,280.5,290.0,2.0,0.0,0.0,0.0,70.5,0.4190217391304348,0.16666666666666666
Dmitri Stepanov,1.0,1.0,0.0,0.0,0.0,1.0,1.0,0.0,0.0,1.0,1.0,0.0,0.0,0.0,0.0,0.0,1.0,0.0
Dmitrii Smoliakov,6.666666666666667,31.666666666666668,0.0,3.6666666666666665,2.3333333333333335,0.6666666666666666,4.0,2.3333333333333335,0.3333333333333333,15.666666666666666,44.333333333333336,1.3333333333333333,0.0,0.0,0.0,0.0,0.4150326797385621,0.0
Dmitry Sosnovskiy,28.0,53.0,2.0,22.0,5.0,1.0,10.0,5.0,13.0,40.0,71.0,3.0,0.0,2.0,1.0,252.0,0.7,0.6666666666666666
Dokonjonosuke Mishima,3.5,17.0,1.0,2.0,1.0,0.5,1.5,1.0,1.0,20.5,35.5,5.5,0.0,1.0,0.0,100.0,0.18333333333333335,0.55
Domingo Pilarte,5.0,62.333333333333336,0.6666666666666666,2.3333333333333335,2.0,0.6666666666666666,2.3333333333333335,2.3333333333333335,0.3333333333333333,12.0,84.0,1.6666666666666667,0.0,0.3333333333333333,0.3333333333333333,153.0,0.3488455988455989,0.4
Dominic Waters,5.333333333333333,23.666666666666668,3.0,4.333333333333333,1.0,0.0,4.333333333333333,0.3333333333333333,0.6666666666666666,23.0,42.0,5.666666666666667,0.0,0.0,0.0,271.3333333333333,0.21639150943396226,0.6666666666666666
Dominick Cruz,81.0,89.6,1.0,51.4,14.0,15.6,78.6,1.8,0.6,219.4,228.6,7.2,0.0,0.0,0.0,39.8,0.3791594571001691,0.12380952380952381
Dominick Reyes,31.8,42.0,0.0,26.2,3.4,2.2,16.0,3.8,12.0,47.0,61.0,0.0,0.6,0.0,0.0,47.2,0.5389549085627517,0.0
Dominique Steele,27.8,50.0,2.2,19.8,6.6,1.4,11.6,9.6,6.6,57.2,81.0,6.0,0.4,0.0,0.0,252.8,0.5854927807066855,0.37987012987012986
Don Frye,6.8,19.4,0.2,4.2,2.6,0.0,1.8,3.8,1.2,14.0,27.4,0.6,0.0,0.6,0.2,0.0,0.4302083333333333,0.5
Don Madge,21.0,57.0,1.5,12.5,6.0,2.5,10.0,3.0,8.0,40.0,82.0,6.0,1.0,0.5,0.0,303.5,0.5529953917050691,0.25
Don Shainis,26.5,68.5,0.5,13.0,10.0,3.5,15.0,8.0,3.5,52.5,98.0,2.0,0.0,1.0,1.0,73.5,0.7450980392156863,0.16666666666666666
Don'Tale Mayes,35.4,50.2,0.0,20.2,11.0,4.2,30.2,5.2,0.0,82.6,100.4,0.6,0.2,0.0,0.0,15.0,0.4202440157195536,0.0
Donald Cerrone,42.6,43.4,0.4,23.4,14.4,4.8,39.4,3.0,0.2,89.4,90.2,3.0,0.0,0.0,0.2,48.4,0.40646023776458556,0.08333333333333333
Dong Hyun Kim,18.6,74.6,1.4,15.0,3.0,0.6,9.2,4.2,5.2,43.4,104.2,4.4,0.0,0.2,0.0,194.2,0.524023726360175,0.375
Dong Hyun Ma,22.4,24.6,0.2,14.0,2.6,5.8,21.2,0.2,1.0,59.2,61.6,0.6,0.2,0.0,0.0,8.6,0.34854776393315945,0.3333333333333333
DongHun Choi,12.0,12.0,0.0,6.0,2.0,4.0,12.0,0.0,0.0,19.0,19.0,0.0,1.0,0.0,0.0,1.0,0.631578947368421,0.0
Dongi Yang,43.8,70.8,1.4,31.4,6.2,6.2,29.0,2.0,12.8,85.6,120.8,3.4,0.4,0.4,0.2,157.8,0.554475550436571,0.52
Donnie Chappell,0.0,5.0,0.0,0.0,0.0,0.0,0.0,0.0,0.0,2.0,8.0,0.0,0.0,0.0,0.0,0.0,0.0,0.0
Donny Walker,16.0,43.0,0.0,7.5,2.0,6.5,13.5,1.0,1.5,43.0,71.5,0.0,0.0,1.0,0.0,189.0,0.35341365461847385,0.0
Donte Johnson,10.0,18.0,3.0,9.0,0.0,1.0,3.0,6.0,1.0,18.0,27.0,3.0,0.0,1.0,0.0,184.0,0.5555555555555556,1.0
Dooho Choi,47.0,62.8,1.2,28.2,9.4,9.4,36.8,2.8,7.4,80.4,98.8,1.6,0.2,0.6,0.2,167.2,0.5834419940167686,0.7333333333333334
Dorian Price,0.0,0.0,0.0,0.0,0.0,0.0,0.0,0.0,0.0,2.0,2.0,0.0,0.0,0.0,0.0,0.0,0.0,0.0
Doug Evans,21.0,44.0,2.5,13.0,5.5,2.5,11.0,9.0,1.0,58.5,84.5,3.0,0.0,0.5,0.5,112.0,0.3627450980392157,0.9
Douglas Silva de Andrade,34.4,44.2,0.2,12.8,10.8,10.8,31.4,2.0,1.0,90.0,101.2,0.8,0.8,0.4,0.0,66.8,0.45367753653237786,0.25
Drakkar Klose,38.6,75.6,0.6,20.2,11.4,7.0,25.4,12.0,1.2,71.0,113.4,4.0,0.0,0.0,0.2,143.8,0.6315219710528799,0.3
Drako Rodriguez,33.0,36.5,1.5,25.5,1.5,6.0,28.5,4.0,0.5,92.0,95.5,2.5,0.0,0.0,0.0,37.0,0.3487858719646799,0.6
Drew Dober,39.6,42.6,0.2,22.6,10.0,7.0,34.8,2.6,2.2,85.8,89.2,1.4,0.2,0.0,0.0,25.4,0.44121801443704245,0.16666666666666666
Drew Fickett,30.2,60.0,0.8,14.4,10.6,5.2,11.2,9.8,9.2,72.4,106.2,2.6,0.2,1.0,0.2,106.8,0.375922769970057,0.5142857142857143
Drew McFedries,9.6,11.4,0.2,7.8,1.0,0.8,4.4,3.8,1.4,19.2,21.0,0.2,0.6,0.2,0.0,3.0,0.5759963768115941,1.0
Dricus Du Plessis,89.8,101.4,2.6,48.0,19.4,22.4,82.4,3.8,3.6,199.6,213.2,4.8,0.2,0.6,0.0,92.4,0.47128820321210735,0.6979797979797979
Duane Ludwig,53.0,56.6,0.2,33.2,15.4,4.4,38.8,13.8,0.4,130.6,134.8,1.2,0.0,0.0,0.0,33.6,0.3945357960117685,0.25
Duda Santana,42.0,48.0,3.0,36.0,2.0,4.0,40.0,0.0,2.0,106.0,112.0,5.0,0.0,0.0,0.0,156.0,0.39622641509433965,0.6
Dusko Todorovic,23.8,43.2,1.2,16.6,5.6,1.6,11.6,8.0,4.2,36.0,58.0,3.8,0.0,0.4,0.2,108.0,0.6468589743589743,0.4358974358974359
Dustin Hazelett,6.8,7.8,0.2,3.6,2.8,0.4,5.6,1.0,0.2,19.0,20.0,0.6,0.0,1.6,0.2,14.8,0.3107834254209083,0.5
Dustin Jacoby,34.2,38.6,0.0,22.8,4.4,7.0,28.8,5.2,0.2,64.8,70.0,0.0,0.6,0.0,0.0,36.4,0.4705974399164054,0.0
Dustin Kimura,12.8,17.2,0.6,7.2,4.2,1.4,10.0,1.4,1.4,60.2,65.2,1.6,0.0,1.4,0.2,42.0,0.22376408849059617,0.16666666666666666
Dustin Neace,18.0,35.0,0.0,10.0,4.0,4.0,15.0,0.0,3.0,55.0,72.0,1.0,0.0,1.0,0.0,55.0,0.32727272727272727,0.0
Dustin Ortiz,23.4,46.4,2.8,11.2,7.8,4.4,12.0,6.4,5.0,56.0,82.4,6.0,0.4,0.0,0.8,153.2,0.4531863138198343,0.4527777777777778
Dustin Pague,18.6,32.0,0.8,10.6,3.4,4.6,11.0,2.6,5.0,33.8,49.8,1.8,0.0,2.0,0.4,157.4,0.63003003003003,0.6
Dustin Poirier,55.2,66.6,0.0,45.2,6.6,3.4,46.6,7.0,1.6,120.0,133.4,0.4,0.4,1.4,0.0,24.0,0.534916549217417,0.0
Dustin Stoltzfus,36.0,46.2,1.6,15.4,11.4,9.2,29.8,3.8,2.4,73.2,85.8,4.0,0.4,1.2,0.2,177.6,0.5252497870406323,0.4095238095238095
Dwayne Cason,5.5,12.5,0.5,5.5,0.0,0.0,0.0,0.0,5.5,11.0,18.0,0.5,0.0,0.0,0.0,0.0,0.5,1.0
Dwight Grant,40.8,45.0,0.6,28.6,6.2,6.0,34.8,1.4,4.6,113.4,118.8,0.6,0.4,0.0,0.0,21.8,0.3780359846551797,1.0
Dylan Andrews,16.4,23.2,1.4,9.6,3.8,3.0,9.0,3.8,3.6,32.6,40.0,2.8,0.6,0.2,0.0,70.0,0.5429979518689196,0.5166666666666666
Dylan Budka,6.333333333333333,10.0,1.0,5.0,1.3333333333333333,0.0,5.0,1.3333333333333333,0.0,24.666666666666668,28.666666666666668,2.0,0.0,0.0,0.0,117.66666666666667,0.1944182389937107,0.5
Ebenezer Fontes Braga,9.0,17.0,1.0,6.0,1.0,2.0,2.0,5.0,2.0,16.0,26.0,1.0,0.0,1.0,0.0,0.0,0.5625,1.0
Ed Herman,45.4,59.8,0.4,27.8,9.4,8.2,29.4,14.4,1.6,98.2,114.6,1.8,0.2,0.2,0.2,78.6,0.4455475270543764,0.16666666666666666
Eddie Alvarez,55.8,60.4,0.6,38.2,14.2,3.4,42.8,10.4,2.6,135.6,142.2,3.0,0.2,0.2,0.0,64.0,0.38407809730865494,0.21666666666666665
Eddie Gordon,19.75,45.25,1.25,19.0,0.5,0.25,13.5,0.75,5.5,60.5,88.5,1.5,0.25,0.0,0.25,202.75,0.39702380952380956,0.6666666666666666
Eddie Mendez,4.0,5.0,0.0,3.0,0.0,1.0,4.0,0.0,0.0,12.0,13.0,0.0,0.0,0.0,0.0,22.0,0.3333333333333333,0.0
Eddie Ruiz,3.0,30.0,2.0,0.0,1.0,2.0,2.0,1.0,0.0,12.0,43.0,16.0,0.0,0.0,2.0,284.0,0.25,0.125
Eddie Sanchez,34.6,75.8,0.8,28.2,5.0,1.4,13.6,15.4,5.6,77.8,122.6,3.0,0.6,0.0,0.2,153.8,0.4203303049967554,0.3
Eddie Wineland,29.2,29.2,0.2,17.0,9.8,2.4,28.0,0.2,1.0,86.8,86.8,0.6,0.4,0.0,0.0,7.0,0.3905238755109333,0.5
Eddie Yagin,47.0,60.0,0.0,39.0,1.5,6.5,41.0,0.5,5.5,155.0,170.5,0.0,1.0,1.0,0.0,51.5,0.3401950162513543,0.0
Edgar Chairez,26.6,28.4,0.0,14.4,4.2,8.0,25.8,0.6,0.2,57.8,59.6,0.4,0.2,1.2,0.2,16.4,0.5144360902255639,0.0
Edgar Garcia,17.25,20.25,1.0,13.75,2.0,1.5,11.25,1.75,4.25,63.5,66.75,1.75,0.0,0.25,0.0,53.5,0.39124436936936935,0.611111111111111
Edilberto de Oliveira,25.5,25.5,0.0,10.5,7.5,7.5,25.0,0.5,0.0,79.0,79.0,2.5,0.0,0.0,0.0,10.0,0.3182218309859155,0.0
Edimilson Souza,38.75,45.75,0.0,29.75,8.75,0.25,31.75,3.25,3.75,87.0,95.75,0.0,0.5,0.0,0.0,32.25,0.5260504201680672,0.0
Edmen Shahbazyan,32.0,34.0,0.2,22.4,6.8,2.8,22.0,1.4,8.6,71.4,74.4,0.8,0.8,0.0,0.0,49.4,0.4818116573651482,0.16666666666666666
Ednaldo Oliveira,9.5,15.0,0.0,6.5,2.5,0.5,4.5,2.5,2.5,42.5,49.0,0.5,0.0,0.0,0.0,96.5,0.13380281690140844,0.0
Edson Barboza,70.2,74.8,0.6,30.2,29.4,10.6,60.4,8.4,1.4,151.2,158.0,0.8,0.4,0.0,0.0,87.0,0.49861637119212876,0.75
Eduarda Moura,41.25,61.0,3.25,35.25,2.75,3.25,25.0,2.0,14.25,108.75,137.25,9.0,0.0,0.0,0.0,297.0,0.43442103808845134,0.6522435897435898
Eduardo Garagorri,35.666666666666664,41.0,0.3333333333333333,25.666666666666668,7.333333333333333,2.6666666666666665,29.0,3.6666666666666665,3.0,69.66666666666667,75.33333333333333,0.3333333333333333,0.0,0.0,0.0,47.333333333333336,0.46725195094760313,1.0
Edward Faaloloto,8.5,10.5,0.0,1.5,2.5,4.5,5.0,3.5,0.0,23.0,25.0,0.0,0.0,0.0,0.0,9.5,0.19767441860465115,0.0
Edwin DeWees,5.0,11.0,0.6666666666666666,2.0,2.0,1.0,2.3333333333333335,2.6666666666666665,0.0,12.666666666666666,18.666666666666668,0.6666666666666666,0.0,1.0,0.0,39.0,0.5403174603174603,1.0
Edwin Figueroa,29.6,43.2,0.2,22.4,4.6,2.6,16.0,1.4,12.2,78.2,93.4,0.2,0.4,0.6,0.6,119.8,0.40540278558080745,1.0
Efrain Escudero,46.4,84.8,1.0,29.4,8.0,9.0,29.4,7.8,9.2,81.6,126.2,3.2,0.4,0.2,0.0,175.8,0.6298824426943481,0.4761904761904762
Eiji Mitsuoka,18.5,20.0,0.5,17.5,0.5,0.5,18.0,0.0,0.5,38.0,40.0,3.0,0.5,0.5,0.0,47.0,0.49242424242424243,0.125
Elias Garcia,17.5,30.5,0.5,9.5,2.0,6.0,16.0,1.5,0.0,63.5,76.5,3.5,0.5,1.0,0.5,14.0,0.28551496702181633,0.14285714285714285
Elias Silverio,54.6,87.6,1.6,26.2,16.8,11.6,37.6,10.2,6.8,109.4,150.4,4.2,0.2,0.2,0.0,283.0,0.5189678275309875,0.6607142857142857
Elias Theodorou,77.2,104.2,0.6,30.2,26.0,21.0,53.0,23.4,0.8,170.2,198.4,2.2,0.0,0.0,0.2,119.4,0.4525954118713319,0.14285714285714285
Elijah Smith,38.5,56.5,1.5,32.0,2.0,4.5,19.0,1.5,18.0,71.5,92.0,2.0,0.0,0.5,1.5,201.0,0.6083594800537875,0.75
Eliot Marshall,23.0,39.6,0.2,14.6,4.4,4.0,20.0,2.2,0.8,88.0,105.0,1.0,0.2,0.4,0.0,30.6,0.27591293739646766,0.16666666666666666
Elise Reed,40.2,86.6,0.0,23.4,9.2,7.6,35.0,4.2,1.0,74.2,127.0,0.4,0.0,0.0,0.2,52.0,0.480958548665812,0.0
Elisha Ellison,3.0,3.0,0.0,2.0,1.0,0.0,2.0,1.0,0.0,9.0,9.0,2.0,0.0,0.0,0.0,13.0,0.3333333333333333,0.0
Elizabeth Phillips,39.0,59.25,0.75,30.75,3.75,4.5,29.5,2.75,6.75,114.75,138.25,3.0,0.0,0.25,0.75,345.0,0.40935902413770786,0.2333333333333333
Elizeu Zaleski dos Santos,29.8,45.8,1.2,14.4,5.2,10.2,23.2,2.0,4.6,70.8,94.2,3.6,0.0,0.4,0.0,158.2,0.39458825635517364,0.24285714285714285
Elves Brener,58.4,71.2,1.0,35.4,9.2,13.8,53.4,1.6,3.4,120.6,135.4,5.4,0.4,0.0,0.4,73.6,0.4881325561036901,0.19642857142857142
Elvis Mutapcic,43.666666666666664,74.33333333333333,0.0,24.333333333333332,14.0,5.333333333333333,22.0,12.666666666666666,9.0,107.33333333333333,139.66666666666666,0.0,0.0,0.0,0.0,105.33333333333333,0.4012056592864674,0.0
Elvis Sinosic,10.0,55.0,0.0,3.4,1.6,5.0,7.6,2.0,0.4,26.4,75.2,0.2,0.2,0.4,0.0,15.0,0.39686601495112134,0.0
Emil Meek,37.75,84.0,0.25,25.0,8.75,4.0,19.25,7.25,11.25,95.75,149.5,0.75,0.0,1.0,0.0,130.25,0.392626695072539,0.25
Emily Ducote,111.8,115.2,0.2,63.2,22.8,25.8,108.0,3.2,0.6,214.4,218.0,1.4,0.0,0.0,0.0,12.0,0.5232880507674269,0.3333333333333333
Emily Kagan,31.5,54.5,1.5,16.0,7.5,8.0,22.5,9.0,0.0,85.5,112.5,10.5,0.0,0.0,0.0,306.0,0.3627747252747253,0.1388888888888889
Emily Whitmire,14.0,31.4,0.8,8.6,2.6,2.8,10.8,0.8,2.4,47.4,70.6,1.2,0.0,0.2,0.2,136.8,0.3472102105544729,0.625
Emmanuel Yarborough,1.0,4.0,0.0,1.0,0.0,0.0,0.0,0.0,1.0,5.0,9.0,1.0,0.0,0.0,0.0,0.0,0.2,0.0
Enrique Barzola,64.2,92.2,3.0,39.8,15.4,9.0,46.6,3.0,14.6,155.8,189.2,7.4,0.0,0.4,0.2,190.4,0.45973119398471196,0.359047619047619
Enrique Marin,21.5,29.5,2.5,14.0,2.5,5.0,18.0,2.5,1.0,65.0,75.0,6.5,0.0,1.0,1.0,327.5,0.36583924349881797,0.3666666666666667
Enson Inoue,0.0,3.0,0.0,0.0,0.0,0.0,0.0,0.0,0.0,0.0,3.0,0.0,0.0,1.0,0.0,0.0,0.0,0.0
Eric McConico,28.0,50.0,0.0,15.666666666666666,6.0,6.333333333333333,19.0,9.0,0.0,64.0,89.33333333333333,0.0,0.0,0.0,0.0,109.66666666666667,0.41368453284341133,0.0
Eric Nolan,22.0,24.0,0.0,17.0,5.0,0.0,18.0,4.0,0.0,56.0,58.0,1.0,0.0,0.0,0.0,17.0,0.39285714285714285,0.0
Eric Schafer,18.8,44.0,0.8,16.6,1.6,0.6,10.4,2.6,5.8,67.6,94.8,1.8,0.0,0.4,0.4,113.8,0.41722109533468554,0.35555555555555557
Eric Shelton,39.8,78.2,2.6,30.4,6.0,3.4,20.8,0.6,18.4,90.0,131.8,4.2,0.0,0.2,0.2,195.6,0.41263833362214397,0.47857142857142854
Eric Spicely,31.6,46.0,0.6,26.8,3.8,1.0,20.2,7.0,4.4,71.8,88.0,2.8,0.0,0.4,0.0,74.6,0.4435418882193075,0.2583333333333333
Eric Wisely,19.0,60.5,0.0,7.5,6.0,5.5,17.5,1.5,0.0,36.5,81.0,0.5,0.0,0.0,0.0,7.5,0.5108695652173914,0.0
Erick Gonzalez,10.0,14.333333333333334,1.6666666666666667,7.0,1.6666666666666667,1.3333333333333333,9.0,0.6666666666666666,0.3333333333333333,27.333333333333332,32.666666666666664,3.0,0.0,0.0,0.0,65.66666666666667,0.39408589624106866,0.38888888888888884
Erick Montano,24.333333333333332,40.666666666666664,1.3333333333333333,13.666666666666666,2.3333333333333335,8.333333333333334,19.333333333333332,3.3333333333333335,1.6666666666666667,54.666666666666664,73.33333333333333,3.6666666666666665,0.0,0.0,0.3333333333333333,158.33333333333334,0.45439344787536545,0.4583333333333333
Erick Silva,27.4,31.0,0.6,14.0,6.6,6.8,22.8,1.2,3.4,62.2,66.4,1.8,0.2,0.4,0.2,79.4,0.4196207661907545,0.1875
Ericka Almeida,16.0,44.5,0.5,11.5,3.5,1.0,8.0,6.5,1.5,40.5,74.5,1.5,0.0,0.0,0.0,106.5,0.3915847665847666,0.5
Erik Koch,25.2,34.4,1.4,19.4,3.8,2.0,17.4,2.8,5.0,61.8,72.8,3.2,0.0,0.2,0.2,189.2,0.38798217003696456,0.6212121212121212
Erik Perez,36.2,100.0,2.8,18.0,12.8,5.4,20.8,2.6,12.8,98.8,168.2,4.6,0.2,0.0,0.4,266.6,0.35183371379023554,0.5616666666666668
Erik Silva,10.5,16.0,1.5,6.0,3.0,1.5,6.5,3.5,0.5,15.0,21.5,2.0,0.0,0.0,0.5,84.0,0.3620689655172414,0.75
Erin Blanchfield,80.8,113.0,1.0,54.8,13.2,12.8,74.2,5.4,1.2,206.2,249.8,6.2,0.0,0.6,0.2,259.2,0.41561700031378024,0.25
Ernest Chavez,31.333333333333332,55.666666666666664,0.6666666666666666,17.0,5.666666666666667,8.666666666666666,27.0,4.0,0.3333333333333333,77.0,103.0,2.0,0.0,0.0,0.0,142.0,0.4133673706196333,0.5
Ernesta Kareckaite,74.0,113.0,0.5,58.0,13.0,3.0,65.5,4.5,4.0,191.0,243.0,0.5,0.0,0.0,1.5,149.0,0.38004878602223735,1.0
Ernie Verdicia,2.0,7.0,0.0,2.0,0.0,0.0,0.0,0.0,2.0,5.0,11.0,0.0,0.0,0.0,0.0,0.0,0.4,0.0
Eryk Anders,44.8,81.2,1.6,28.2,14.0,2.6,17.4,13.0,14.4,87.2,139.2,6.8,0.2,0.0,0.0,258.8,0.5186815670325045,0.3617715617715618
Esteban Ribovics,109.0,113.6,0.4,81.2,18.0,9.8,102.2,2.6,4.2,254.6,260.2,0.4,0.2,0.0,0.0,28.0,0.44236062566599044,1.0
Estevan Payan,22.333333333333332,39.333333333333336,0.3333333333333333,10.666666666666666,8.0,3.6666666666666665,11.0,8.333333333333334,3.0,60.666666666666664,78.66666666666667,0.3333333333333333,0.0,0.3333333333333333,0.3333333333333333,80.66666666666667,0.3976825826039517,1.0
Ethyn Ewing,85.0,99.0,3.0,70.0,10.0,5.0,67.0,18.0,0.0,163.0,179.0,5.0,0.0,0.0,0.0,79.0,0.5214723926380368,0.6
Eugene Jackson,1.6,19.8,0.4,1.4,0.2,0.0,1.0,0.4,0.2,4.4,24.4,0.6,0.0,0.8,0.0,8.2,0.3211111111111111,0.5
Eugenio Tadeu,6.0,32.0,0.0,2.0,1.0,3.0,5.0,1.0,0.0,24.0,50.0,2.0,0.0,0.0,0.0,0.0,0.25,0.0
Evan Dunham,42.4,57.4,1.0,38.2,4.0,0.2,34.2,5.2,3.0,99.8,117.6,3.6,0.0,0.4,0.0,130.2,0.38180088865840867,0.3253968253968254
Evan Elder,70.6,78.0,0.4,32.4,26.8,11.4,65.2,2.8,2.6,138.6,146.8,2.6,0.4,0.4,0.6,68.6,0.5012280600718204,0.23333333333333334
Evan Tanner,19.2,32.8,1.8,9.0,5.2,5.0,9.8,6.0,3.4,45.4,63.2,4.4,0.2,1.0,0.0,239.0,0.4965358911558108,0.43166666666666664
Fabiano Iha,7.4,14.6,1.0,4.8,0.6,2.0,2.4,2.6,2.4,15.8,24.2,2.2,0.0,1.2,0.0,104.0,0.47675213675213673,0.6964285714285714
Fabiano Scherner,9.0,26.0,0.5,6.5,1.5,1.0,5.0,2.0,2.0,28.5,45.5,1.5,0.0,0.0,0.5,57.0,0.31625000000000003,0.25
Fabio Cherant,9.333333333333334,9.333333333333334,0.0,3.3333333333333335,5.333333333333333,0.6666666666666666,9.333333333333334,0.0,0.0,21.666666666666668,21.666666666666668,0.0,0.0,0.0,0.0,7.333333333333333,0.32308236125839523,0.0
Fabio Gurgel,2.0,15.0,1.0,1.0,1.0,0.0,1.0,1.0,0.0,3.0,16.0,3.0,0.0,1.0,0.0,0.0,0.6666666666666666,0.3333333333333333
Fabio Maldonado,51.0,73.8,0.2,35.0,15.6,0.4,40.0,6.4,4.6,91.8,118.4,0.2,0.0,0.0,0.0,59.2,0.4896944129061941,1.0
Fabricio Camoes,8.8,19.0,0.6,4.8,1.2,2.8,6.2,1.4,1.2,25.8,36.6,4.0,0.0,0.6,0.2,74.6,0.4070630603239299,0.18030303030303033
Fabricio Werdum,52.0,67.2,1.8,32.4,12.0,7.6,39.2,6.4,6.4,88.4,105.4,5.2,0.0,0.6,0.6,194.6,0.5137828845398748,0.4809523809523809
Falaniko Vitale,2.5,8.0,0.0,0.5,0.0,2.0,1.0,0.5,1.0,12.5,19.0,1.0,0.0,0.0,0.0,113.0,0.22619047619047616,0.0
Fares Ziam,49.0,78.4,2.4,31.8,10.8,6.4,32.0,6.4,10.6,83.8,117.4,4.6,0.2,0.4,1.2,296.4,0.5966466348668382,0.55
Farid Basharat,41.0,60.2,3.2,22.0,7.2,11.8,34.8,1.8,4.4,87.6,112.2,7.2,0.0,0.4,0.0,285.0,0.5079502164502164,0.5567857142857143
Fatima Kline,65.25,84.25,1.75,47.75,13.75,3.75,45.25,8.0,12.0,129.25,155.25,3.0,0.25,0.0,0.75,193.25,0.4935534603909338,0.6428571428571428
Felice Herrig,53.8,62.2,0.4,31.6,15.2,7.0,41.2,12.2,0.4,140.2,150.2,2.6,0.0,0.0,0.0,111.6,0.5298088312314316,0.1875
Felicia Spencer,44.6,99.8,1.0,30.8,8.6,5.2,23.8,11.2,9.6,94.2,157.6,6.0,0.0,0.0,0.2,252.0,0.5050730332618878,0.20192307692307693
Felipe Arantes,18.4,21.6,0.0,12.0,2.4,4.0,16.8,0.4,1.2,49.6,53.0,0.8,0.0,0.8,0.4,36.4,0.4157920077034184,0.0
Felipe Bunes,26.0,33.333333333333336,0.6666666666666666,15.333333333333334,5.333333333333333,5.333333333333333,25.333333333333332,0.6666666666666666,0.0,51.333333333333336,62.0,3.0,0.0,1.3333333333333333,0.0,45.333333333333336,0.43315018315018317,0.1111111111111111
Felipe Colares,34.0,63.4,1.6,21.0,11.0,2.0,27.0,2.4,4.6,74.2,110.4,7.4,0.0,0.6,0.6,229.2,0.5169987875668023,0.2435714285714286
Felipe Lima,39.333333333333336,53.0,2.0,23.333333333333332,9.0,7.0,34.666666666666664,4.0,0.6666666666666666,87.33333333333333,102.66666666666667,7.333333333333333,0.0,0.6666666666666666,0.0,148.0,0.462431683944808,0.3666666666666667
Felipe Olivieri,87.0,94.0,0.0,31.0,28.0,28.0,77.0,10.0,0.0,150.0,159.0,1.0,0.0,0.0,0.0,19.0,0.58,0.0
Felipe Silva,27.0,38.666666666666664,0.3333333333333333,18.0,5.333333333333333,3.6666666666666665,12.0,2.3333333333333335,12.666666666666666,54.0,68.33333333333333,0.3333333333333333,0.6666666666666666,0.0,0.0,58.666666666666664,0.3261538461538462,1.0
Felipe dos Santos,56.25,81.0,0.0,29.75,14.75,11.75,46.5,4.5,5.25,142.75,174.75,4.0,0.0,0.5,0.0,39.0,0.43533246661082414,0.0
Felix Lee Mitchell,3.0,21.0,0.0,0.0,1.0,2.0,0.0,3.0,0.0,3.0,22.0,0.0,0.0,0.0,0.0,0.0,1.0,0.0
Feng Xiaocan,48.0,58.0,0.0,29.0,2.0,17.0,47.0,0.0,1.0,102.0,114.0,0.0,0.0,0.0,1.0,65.0,0.47058823529411764,0.0
Fernando Bruno,26.0,44.0,2.0,20.0,5.5,0.5,19.5,6.5,0.0,66.5,86.0,9.0,0.0,0.5,0.0,241.5,0.47091584158415845,0.23376623376623376
Fernando Padilla,37.0,38.0,0.0,24.25,7.25,5.5,29.5,3.0,4.5,91.75,93.5,0.25,0.5,0.25,0.0,16.25,0.478006661864528,0.0
Fernie Garcia,24.75,51.25,0.25,17.0,3.5,4.25,23.75,0.25,0.75,73.0,105.5,0.5,0.0,0.5,0.5,35.0,0.34822066989174033,0.5
Filip Pejic,0.0,2.0,0.0,0.0,0.0,0.0,0.0,0.0,0.0,2.0,4.0,0.0,0.0,0.0,0.0,22.0,0.0,0.0
Flavio Luiz Moura,1.0,15.0,0.0,1.0,0.0,0.0,1.0,0.0,0.0,2.0,18.0,0.0,1.0,0.0,0.0,14.0,0.5,0.0
Floyd Sword,3.0,3.0,0.0,1.0,1.0,1.0,2.0,1.0,0.0,7.0,7.0,0.0,0.0,0.0,0.0,38.0,0.42857142857142855,0.0
Forrest Griffin,42.2,65.6,1.0,25.6,8.6,8.0,36.4,2.4,3.4,136.6,164.4,1.6,0.0,0.0,0.2,94.4,0.2434760553517953,0.35714285714285715
Forrest Petz,26.8,45.4,0.2,12.4,10.8,3.6,20.2,6.2,0.4,104.2,123.4,0.2,0.0,0.0,0.4,64.4,0.2530556570454269,1.0
Francimar Barroso,29.6,39.6,2.2,16.6,5.8,7.2,25.0,3.8,0.8,56.4,68.0,6.6,0.0,0.0,0.0,71.2,0.41544253014011084,0.33730158730158727
Francis Carmont,21.4,41.0,1.6,13.6,3.8,4.0,16.4,0.8,4.2,69.4,94.0,4.4,0.0,0.2,0.2,238.4,0.3141762225197973,0.2863636363636364
Francis Marshall,27.2,44.2,1.4,23.0,1.8,2.4,24.4,1.0,1.8,102.6,124.8,3.8,0.4,0.4,0.0,181.6,0.2672057078723745,0.375
Francis Ngannou,20.0,26.0,1.0,10.6,5.0,4.4,12.4,3.0,4.6,40.4,47.8,1.4,0.8,0.0,0.2,107.4,0.5183082706766917,0.65
Francisco Figueiredo,18.25,27.5,1.5,7.25,4.75,6.25,13.5,2.0,2.75,29.5,39.5,2.0,0.0,0.25,0.25,170.5,0.7256813417190776,0.8333333333333333
Francisco Prado,52.4,58.4,0.8,26.0,11.2,15.2,42.8,3.8,5.8,120.2,126.8,4.2,0.2,0.4,0.2,125.8,0.48407057159345834,0.11666666666666667
Francisco Rivera,32.0,32.8,0.4,24.6,2.6,4.8,28.8,2.2,1.0,84.8,85.8,0.6,0.2,0.0,0.0,7.2,0.4068280453723491,0.5
Francisco Trevino,27.333333333333332,37.666666666666664,0.6666666666666666,12.666666666666666,3.6666666666666665,11.0,18.666666666666668,6.666666666666667,2.0,64.33333333333333,75.33333333333333,3.0,0.0,0.0,0.3333333333333333,83.66666666666667,0.3993217355286321,0.14285714285714285
Francisco Trinaldo,45.0,64.4,0.8,27.8,11.8,5.4,32.6,6.6,5.8,89.4,112.6,2.4,0.2,0.6,0.2,221.0,0.5156781618583548,0.25
Frank Camacho,29.6,33.8,0.0,19.0,8.8,1.8,27.2,2.4,0.0,62.6,67.6,1.4,0.0,0.0,0.0,5.2,0.410447592259416,0.0
Frank Caracci,0.0,0.0,0.0,0.0,0.0,0.0,0.0,0.0,0.0,2.0,2.0,2.0,0.0,1.0,0.0,0.0,0.0,0.0
Frank Hamaker,2.0,14.0,1.0,2.0,0.0,0.0,1.0,0.0,1.0,3.0,15.0,1.0,0.0,3.0,1.0,0.0,0.6666666666666666,1.0
Frank Lester,8.0,10.0,0.0,1.0,3.0,4.0,2.0,6.0,0.0,22.0,24.0,2.0,0.0,0.0,0.0,4.0,0.36363636363636365,0.0
Frank Mir,10.8,17.4,0.4,8.4,2.0,0.4,5.2,3.0,2.6,28.0,35.0,2.2,0.4,0.2,0.0,54.8,0.335992246427029,0.17777777777777778
Frank Shamrock,15.4,74.4,0.2,4.0,6.0,5.4,7.0,4.0,4.4,25.4,85.6,0.2,0.4,1.8,1.0,2.6,0.6838904265133774,1.0
Frank Trigg,10.8,19.6,0.2,8.6,2.0,0.2,2.6,3.0,5.2,22.6,31.8,0.4,0.2,0.2,0.0,82.0,0.38170567662093086,0.5
Frankie Edgar,48.4,57.2,1.0,34.2,9.8,4.4,43.2,0.2,5.0,109.4,118.8,3.8,0.0,0.0,0.0,83.0,0.49090858310799657,0.19444444444444442
Frankie Perez,17.5,29.75,1.25,6.75,4.0,6.75,11.0,1.0,5.5,42.0,55.75,3.0,0.25,0.25,0.0,110.0,0.4879049055519644,0.39444444444444443
Frankie Saenz,41.4,51.0,1.0,17.4,14.0,10.0,24.4,14.4,2.6,82.8,92.8,4.2,0.4,0.0,0.0,98.4,0.48323899371069184,0.1625
Fred Ettish,4.0,7.0,0.0,0.0,2.0,2.0,4.0,0.0,0.0,7.0,11.0,0.0,0.0,0.0,0.0,0.0,0.5714285714285714,0.0
Fredson Paixao,1.0,1.0,0.0,0.0,0.0,1.0,1.0,0.0,0.0,1.0,1.0,0.0,0.0,0.0,0.0,0.0,1.0,0.0
Fredy Serrano,16.75,29.0,2.0,9.0,5.0,2.75,14.25,2.0,0.5,62.5,78.0,8.0,0.25,0.0,0.0,87.75,0.3559054656345297,0.2767857142857143
Gabe Green,45.2,65.2,0.6,19.8,11.4,14.0,38.6,1.8,4.8,101.8,123.8,1.2,0.4,0.4,0.0,100.6,0.45135062484228083,0.625
Gabe Ruediger,8.333333333333334,29.0,0.6666666666666666,5.333333333333333,2.3333333333333335,0.6666666666666666,4.0,3.0,1.3333333333333333,26.666666666666668,48.666666666666664,6.0,0.0,0.0,0.0,65.66666666666667,0.25876220053238685,0.08333333333333333
Gabriel Benitez,68.2,73.0,0.2,43.0,12.4,12.8,60.4,2.2,5.6,148.6,155.2,0.4,0.2,0.2,0.2,27.0,0.492749016520203,0.5
Gabriel Bonfim,50.0,55.6,2.6,26.8,8.2,15.0,43.8,5.4,0.8,104.8,112.8,5.0,0.2,0.6,0.0,140.0,0.49320039682539685,0.6892857142857143
Gabriel Gonzaga,15.8,24.0,1.2,10.4,1.8,3.6,9.6,1.6,4.6,38.6,47.4,5.2,0.0,0.2,0.0,160.2,0.4833288028928921,0.22619047619047616
Gabriel Miranda,12.75,18.0,1.25,7.5,4.0,1.25,11.0,1.75,0.0,29.0,35.25,3.25,0.0,0.5,0.0,51.0,0.4194083180925286,0.3958333333333333
Gabriel Santos,55.75,87.25,3.25,31.25,14.0,10.5,41.75,5.75,8.25,92.0,126.0,6.0,0.25,1.0,0.0,276.25,0.604434009175195,0.6314935064935064
Gabriel Silva,19.5,50.5,1.5,14.5,3.0,2.0,16.5,1.5,1.5,56.5,94.0,6.0,0.0,0.5,0.5,207.0,0.4097938144329897,0.25
Gabriella Fernandes,49.0,61.0,0.4,32.2,10.2,6.6,43.6,5.4,0.0,102.0,115.6,2.2,0.2,0.2,0.0,40.4,0.4569646060744434,0.08333333333333333
Gadzhi Omargadzhiev,25.0,70.0,1.0,14.0,9.0,2.0,16.5,7.0,1.5,68.5,116.0,4.5,0.0,0.0,0.0,45.0,0.34981392876129713,0.3214285714285714
Gadzhimurad Antigulov,8.6,15.2,1.2,5.6,2.0,1.0,3.2,2.4,3.0,14.8,22.6,3.6,0.0,0.2,0.0,115.8,0.5674888517279821,0.41500000000000004
Gaetano Pirrello,5.5,7.5,0.0,2.0,1.0,2.5,4.5,1.0,0.0,10.0,12.0,0.0,0.0,0.0,0.0,0.0,0.6309523809523809,0.0
Galore Bofando,11.5,11.5,0.5,9.5,1.0,1.0,5.5,0.0,6.0,25.5,25.5,0.5,0.5,0.0,0.0,1.5,0.45,1.0
Gan McGee,10.75,15.25,0.5,9.0,1.0,0.75,6.5,0.5,3.75,31.75,36.5,2.0,0.0,0.0,0.0,134.0,0.3601495680731063,0.2
Garett Whiteley,42.0,61.0,0.0,20.0,14.666666666666666,7.333333333333333,24.333333333333332,9.333333333333334,8.333333333333334,87.0,109.66666666666667,0.6666666666666666,0.0,0.6666666666666666,0.0,15.0,0.44231654014262717,0.0
Garreth McLellan,37.0,64.0,0.8,24.0,8.0,5.0,11.6,6.6,18.8,68.0,98.2,3.6,0.0,0.6,0.0,170.8,0.5101301323944263,0.1625
Garrett Armfield,58.2,68.0,0.8,44.6,10.2,3.4,49.2,3.2,5.8,108.4,119.0,1.6,0.4,0.4,0.2,121.6,0.5182887393730767,0.26666666666666666
Gary Goodridge,6.2,14.0,0.2,4.6,0.8,0.8,2.2,2.8,1.2,11.4,20.2,0.2,0.0,0.0,0.2,0.0,0.5243589743589744,1.0
Gasan Umalatov,33.5,44.5,0.75,20.75,6.5,6.25,29.75,3.25,0.5,84.25,97.0,4.25,0.0,0.0,0.0,106.25,0.39969169804340265,0.09821428571428571
Gaston Bolanos,37.25,46.25,0.5,17.25,8.5,11.5,26.25,2.25,8.75,75.75,86.0,0.5,0.0,0.0,0.5,92.25,0.4496021677845825,1.0
Gauge Young,96.5,106.0,1.5,48.5,28.0,20.0,92.0,4.0,0.5,191.5,202.0,3.5,0.0,0.0,0.0,116.5,0.5013114754098361,0.25
Gavin Tucker,46.2,52.2,2.8,30.0,12.2,4.0,36.4,7.6,2.2,89.2,95.8,5.8,0.0,1.2,0.4,160.4,0.5295301370594747,0.6057692307692307
Geane Herrera,20.5,32.0,0.75,17.25,2.0,1.25,14.5,1.75,4.25,65.75,78.0,2.0,0.25,0.5,0.25,29.0,0.40076301648612755,0.5666666666666667
Gegard Mousasi,45.6,54.8,0.8,32.0,4.8,8.8,28.6,8.2,8.8,90.4,101.0,1.8,0.2,0.0,0.0,105.0,0.5236425979559906,0.4375
Genaro Valdez,41.0,45.666666666666664,0.0,28.666666666666668,4.666666666666667,7.666666666666667,36.666666666666664,3.3333333333333335,1.0,144.0,149.33333333333334,0.3333333333333333,0.3333333333333333,0.0,0.0,3.6666666666666665,0.2814903058977631,0.0
Genki Sudo,13.0,26.333333333333332,2.0,7.0,2.6666666666666665,3.3333333333333335,4.666666666666667,2.0,6.333333333333333,33.333333333333336,48.333333333333336,3.3333333333333335,0.0,2.3333333333333335,0.0,210.0,0.4804324028461959,0.7222222222222222
Geoff Neal,55.8,59.6,0.4,45.8,5.2,4.8,46.8,7.8,1.2,104.8,109.2,1.0,0.6,0.0,0.0,77.2,0.5352759597644501,0.4444444444444444
George Roop,35.4,51.2,0.6,23.4,8.4,3.6,20.4,6.0,9.0,83.8,101.6,1.6,0.2,0.0,0.0,205.2,0.3986401679702176,0.4166666666666667
George Sotiropoulos,28.6,29.8,1.0,19.8,5.0,3.8,27.0,1.2,0.4,122.0,123.4,7.4,0.0,0.4,0.0,65.2,0.21863553034501476,0.14556277056277056
George Sullivan,25.6,42.4,0.6,14.4,7.0,4.2,14.6,4.4,6.6,68.6,86.8,2.6,0.0,0.6,0.2,143.6,0.445232702373596,0.3888888888888889
Georges St-Pierre,84.2,133.4,4.8,52.6,17.6,14.0,58.6,5.8,19.8,176.8,230.0,7.4,0.2,0.4,0.0,427.8,0.4932743944694833,0.6708333333333333
Gerald Harris,14.0,17.5,2.0,12.75,1.0,0.25,9.5,1.25,3.25,54.0,58.25,3.5,0.5,0.0,0.25,121.75,0.2800341324931489,0.5952380952380952
Gerald Meerschaert,18.4,25.8,0.2,13.4,3.2,1.8,16.2,1.0,1.2,39.8,48.2,3.8,0.0,0.2,0.2,95.6,0.3356319216258975,0.041666666666666664
Gerald Strebendt,0.0,0.0,0.0,0.0,0.0,0.0,0.0,0.0,0.0,0.0,0.0,0.0,0.0,3.0,0.0,0.0,0.0,0.0
Geraldo de Freitas,55.0,77.66666666666667,3.0,39.333333333333336,12.0,3.6666666666666665,46.666666666666664,6.333333333333333,2.0,105.33333333333333,131.66666666666666,6.666666666666667,0.0,0.0,0.6666666666666666,174.66666666666666,0.5318765664160401,0.40079365079365076
Germaine de Randamie,27.8,73.8,0.0,15.6,8.2,4.0,17.4,8.2,2.2,61.8,116.8,0.0,0.2,0.6,0.0,71.2,0.5263820922814649,0.0
Gerry Harris,0.0,0.0,0.0,0.0,0.0,0.0,0.0,0.0,0.0,2.0,2.0,0.0,0.0,0.0,0.0,0.0,0.0,0.0
Geza Kalman,21.0,48.0,0.0,9.0,7.0,5.0,0.0,18.0,3.0,36.0,64.0,2.0,0.0,1.0,1.0,0.0,0.5833333333333334,0.0
Gian Villante,54.4,58.4,0.0,34.8,10.8,8.8,49.6,0.6,4.2,118.0,122.4,0.2,0.2,0.0,0.0,33.8,0.500662567958246,0.0
Gideon Ray,7.0,7.333333333333333,0.3333333333333333,2.0,1.6666666666666667,3.3333333333333335,4.666666666666667,2.0,0.3333333333333333,17.333333333333332,17.666666666666668,0.3333333333333333,0.0,0.0,0.0,11.666666666666666,0.3859160163507989,1.0
Giga Chikadze,66.8,74.8,0.0,39.0,17.0,10.8,65.2,0.6,1.0,161.4,171.2,0.0,0.4,0.4,0.2,10.0,0.4315118632366778,0.0
Gil Castillo,9.0,77.0,3.3333333333333335,7.333333333333333,1.0,0.6666666666666666,4.333333333333333,0.6666666666666666,4.0,20.0,92.66666666666667,7.333333333333333,0.0,0.0,0.0,493.6666666666667,0.45838383838383834,0.6842105263157895
Gilbert Aldana,17.0,29.0,1.0,12.0,3.0,2.0,3.0,9.5,4.5,31.0,44.0,2.5,0.0,0.0,0.0,141.5,0.6342592592592593,0.3333333333333333
Gilbert Burns,40.4,53.0,2.6,22.8,8.6,9.0,35.6,3.6,1.2,83.8,97.8,5.8,0.0,0.0,0.0,168.2,0.4406187868074009,0.3939393939393939
Gilbert Melendez,31.0,50.2,0.2,26.0,4.0,1.0,27.2,3.0,0.8,115.6,137.6,3.2,0.0,0.0,0.0,53.0,0.2727294315069578,0.03125
Gilbert Smith,14.0,24.0,3.0,6.0,6.0,2.0,12.0,2.0,0.0,34.0,45.0,5.0,0.0,1.0,1.0,229.0,0.4117647058823529,0.6
Gilbert Urbina,29.25,46.0,1.0,17.75,7.0,4.5,15.75,5.5,8.0,51.5,70.5,2.25,0.5,0.25,0.0,88.25,0.5337772785622593,0.4444444444444444
Gilbert Yvel,12.0,24.0,0.0,11.0,0.6666666666666666,0.3333333333333333,2.6666666666666665,1.6666666666666667,7.666666666666667,27.0,40.666666666666664,0.3333333333333333,0.0,0.6666666666666666,1.0,32.0,0.23588342440801457,0.0
Gillian Robertson,48.8,80.0,2.4,32.6,8.0,8.2,24.6,1.2,23.0,102.4,147.4,6.4,0.0,0.6,0.2,392.0,0.5083668540935496,0.5088235294117647
Gina Mazany,33.8,53.2,2.4,19.4,10.0,4.4,23.4,5.0,5.4,65.0,90.0,5.4,0.2,0.2,0.0,179.8,0.550016795865633,0.30694444444444446
Glaico Franca Moreira,35.0,61.666666666666664,2.6666666666666665,22.666666666666668,5.333333333333333,7.0,22.0,10.666666666666666,2.3333333333333335,82.33333333333333,111.66666666666667,6.333333333333333,0.0,0.3333333333333333,0.0,243.33333333333334,0.5018697914932809,0.4222222222222222
Gleison Tibau,14.6,15.4,0.8,9.4,2.6,2.6,11.6,2.4,0.6,66.8,67.6,2.6,0.0,0.2,0.0,41.8,0.33130319384234275,0.25
Gloria de Paula,57.25,72.0,0.75,42.0,8.75,6.5,50.25,7.0,0.0,109.0,128.0,2.0,0.0,0.0,0.0,94.5,0.5431380534670008,0.43333333333333335
Glover Teixeira,78.6,137.6,2.8,65.0,10.8,2.8,37.2,4.6,36.8,129.8,195.6,9.8,0.2,1.0,0.4,426.2,0.6177425565435376,0.3633053221288515
Godofredo Pepey,20.2,31.2,0.2,16.4,3.0,0.8,14.4,3.2,2.6,55.0,69.0,3.6,0.0,1.0,0.2,51.4,0.3947907290274924,0.16666666666666666
Gokhan Saki,22.5,22.5,0.0,18.5,1.0,3.0,22.0,0.5,0.0,38.5,38.5,0.0,1.0,0.0,0.0,4.0,0.5303030303030303,0.0
Goran Reljic,22.5,45.0,1.5,12.5,7.0,3.0,17.75,1.0,3.75,60.75,87.5,3.0,0.25,1.0,0.5,234.5,0.37115508365508365,0.6444444444444444
Grant Dawson,35.2,101.0,2.8,31.2,2.8,1.2,8.0,1.8,25.4,64.2,147.4,4.6,0.0,0.2,0.0,505.8,0.44875522138680035,0.6613636363636364
Gray Maynard,18.4,27.2,3.2,11.4,5.2,1.8,10.4,3.4,4.6,43.8,53.8,7.0,0.0,0.6,0.2,307.6,0.44764316538964427,0.515406162464986
Greg Hardy,32.8,37.0,0.2,18.0,5.0,9.8,26.6,0.8,5.4,63.2,67.6,0.2,0.2,0.0,0.0,41.4,0.5195907783004557,1.0
Greg Soto,32.333333333333336,73.66666666666667,1.0,20.0,9.666666666666666,2.6666666666666665,7.333333333333333,7.333333333333333,17.666666666666668,50.666666666666664,102.0,3.6666666666666665,0.0,0.6666666666666666,0.0,244.33333333333334,0.5666666666666667,0.21428571428571427
Greg Stott,0.0,0.0,0.0,0.0,0.0,0.0,0.0,0.0,0.0,3.0,3.0,0.0,0.0,0.0,0.0,0.0,0.0,0.0
Gregor Gillespie,30.4,41.4,3.6,25.0,3.8,1.6,5.8,3.0,21.6,52.0,64.4,6.2,0.0,0.4,0.2,306.0,0.5515900605725389,0.46464646464646464
Gregory Rodrigues,63.4,72.2,1.2,45.0,14.2,4.2,55.8,6.6,1.0,131.8,143.4,5.0,0.6,0.2,0.0,148.4,0.4747232009494815,0.16666666666666666
Grigory Popov,45.0,56.0,0.0,20.0,17.0,8.0,38.5,3.5,3.0,119.0,130.5,0.5,0.0,0.0,1.0,29.5,0.3821969696969697,0.0
Guangyou Ning,36.5,62.75,1.0,19.25,6.5,10.75,27.75,2.5,6.25,87.75,120.25,2.0,0.0,0.25,0.0,178.5,0.41190376576082105,0.41666666666666663
Guido Cannetti,23.0,24.0,0.4,8.0,4.8,10.2,20.8,1.8,0.4,38.8,39.8,0.4,0.0,0.2,0.2,10.8,0.5471027416938865,1.0
Guilherme Vasconcelos,49.0,49.0,0.0,29.0,9.0,11.0,48.0,1.0,0.0,166.0,166.0,3.0,0.0,0.0,0.0,0.0,0.29518072289156627,0.0
Gunnar Nelson,19.6,48.6,2.0,13.2,4.2,2.2,7.0,3.4,9.2,28.8,62.8,4.2,0.0,0.6,0.0,360.4,0.6779292929292929,0.51
Guram Kutateladze,51.8,69.0,0.6,23.8,18.2,9.8,38.2,11.0,2.6,115.0,138.6,4.0,0.2,0.0,0.0,86.6,0.44368888501127995,0.14523809523809522
Gustavo Lopez,26.75,38.0,1.25,17.0,6.0,3.75,20.75,2.75,3.25,66.5,80.75,3.0,0.0,0.5,0.0,47.75,0.42096357142186336,0.34722222222222215
Guto Inocente,3.5,4.5,0.0,0.5,2.5,0.5,2.0,1.5,0.0,5.5,6.5,0.0,0.0,0.0,0.0,0.0,0.5416666666666666,0.0
Guy Mezger,13.6,26.6,0.2,9.8,1.6,2.2,3.4,4.0,6.2,22.0,36.0,0.4,0.2,0.8,0.0,0.0,0.49747276688453157,0.5
Hacran Dias,31.8,48.0,2.4,22.0,3.8,6.0,28.2,1.2,2.4,78.2,96.8,6.6,0.0,0.6,0.0,208.6,0.4352255106702814,0.2882051282051282
Hailey Cowan,33.0,52.0,1.5,20.0,11.0,2.0,22.5,8.0,2.5,78.5,100.5,5.0,0.0,0.0,0.0,277.0,0.42428571428571427,0.375
Hakeem Dawodu,83.6,107.6,0.0,40.2,24.0,19.4,73.0,10.4,0.2,153.0,183.8,0.2,0.0,0.0,0.6,88.8,0.5266637154289147,0.0
Hamdy Abdelwahab,64.0,95.75,3.25,49.5,6.5,8.0,35.25,3.75,25.0,114.75,153.0,5.0,0.25,0.0,0.0,275.75,0.5481011352703906,0.5982142857142857
Hannah Cifers,36.6,52.4,0.2,19.4,8.0,9.2,28.8,6.6,1.2,86.0,103.6,0.2,0.2,0.2,0.0,30.2,0.39114719268987563,1.0
Hannah Goldy,42.6,52.4,0.6,18.4,15.2,9.0,27.2,12.2,3.2,99.6,114.0,5.0,0.0,0.2,0.0,135.0,0.41176587521546304,0.1349206349206349
Hans Stringer,26.333333333333332,59.333333333333336,1.3333333333333333,13.333333333333334,4.0,9.0,11.333333333333334,6.333333333333333,8.666666666666666,42.666666666666664,78.33333333333333,3.6666666666666665,0.0,0.0,0.0,236.66666666666666,0.5629399585921325,0.5625
Harold Howard,5.0,6.666666666666667,0.3333333333333333,4.0,1.0,0.0,1.3333333333333333,2.3333333333333335,1.3333333333333333,7.666666666666667,10.0,1.0,0.3333333333333333,0.3333333333333333,0.0,0.0,0.6277777777777778,0.25
Harry Hardwick,8.0,8.0,0.0,6.0,0.0,2.0,8.0,0.0,0.0,23.0,23.0,0.0,0.0,0.0,0.0,0.0,0.34782608695652173,0.0
Harry Hunsucker,3.0,3.0,0.0,1.0,0.3333333333333333,1.6666666666666667,3.0,0.0,0.0,6.333333333333333,6.333333333333333,0.3333333333333333,0.0,0.3333333333333333,0.0,0.0,0.46296296296296297,0.0
Harry Moskowitz,12.0,26.0,1.0,2.0,10.0,0.0,0.0,12.0,0.0,22.0,36.0,1.0,0.0,4.0,0.0,0.0,0.5454545454545454,1.0
Hatsu Hioki,28.8,53.6,2.0,17.0,10.2,1.6,24.8,2.2,1.8,74.6,103.6,3.2,0.0,0.6,0.2,183.0,0.39117191462995304,0.7041666666666666
Hayato Sakurai,5.0,14.0,0.0,4.0,0.0,1.0,5.0,0.0,0.0,12.0,22.0,0.0,1.0,0.0,0.0,0.0,0.4166666666666667,0.0
Hayder Hassan,9.0,11.0,0.0,6.0,2.0,1.0,8.0,1.0,0.0,19.5,21.5,0.5,0.0,0.0,0.0,0.0,0.4042207792207792,0.0
Heath Herring,34.4,76.6,1.0,18.6,12.6,3.2,11.0,3.8,19.6,82.4,127.8,1.2,1.0,0.2,1.2,232.0,0.41716379777297935,0.9166666666666666
Heather Clark,55.333333333333336,97.66666666666667,0.3333333333333333,32.0,16.0,7.333333333333333,38.666666666666664,14.666666666666666,2.0,112.66666666666667,160.66666666666666,8.0,0.0,0.3333333333333333,0.3333333333333333,304.0,0.495317665462856,0.06666666666666667
Hector Aldana,38.666666666666664,40.333333333333336,0.6666666666666666,21.333333333333332,4.333333333333333,13.0,36.333333333333336,2.0,0.3333333333333333,100.66666666666667,102.33333333333333,0.6666666666666666,0.0,0.0,0.0,20.666666666666668,0.3432306255835667,1.0
Hector Lombard,38.0,47.4,1.0,18.8,4.2,15.0,31.6,5.0,1.4,78.2,88.0,2.6,0.4,0.4,0.0,89.0,0.5112062226700438,0.5740740740740741
Hector Ramirez,26.5,43.0,2.5,21.5,3.0,2.0,16.0,6.0,4.5,61.0,77.5,4.0,0.0,0.5,0.0,128.5,0.47888513513513514,0.6333333333333333
Hector Sandoval,17.75,25.75,1.25,10.0,5.5,2.25,7.75,7.5,2.5,34.0,42.0,5.0,0.0,0.5,0.25,56.0,0.4209548411787218,0.2708333333333333
Hector Urbina,6.333333333333333,9.333333333333334,0.0,4.666666666666667,0.6666666666666666,1.0,3.3333333333333335,2.3333333333333335,0.6666666666666666,16.333333333333332,19.333333333333332,0.3333333333333333,0.0,1.6666666666666667,0.3333333333333333,35.0,0.4218487394957983,0.0
Henrique da Silva,20.6,25.6,0.2,10.0,8.4,2.2,12.2,7.6,0.8,38.0,43.8,0.8,0.0,0.2,0.2,85.2,0.5403372773017816,0.16666666666666666
Henry Briones,35.6,45.2,0.0,19.8,12.6,3.2,30.0,4.0,1.6,83.4,94.8,0.2,0.2,0.4,0.0,8.8,0.43161997200912294,0.0
Henry Cejudo,67.6,83.8,1.2,37.0,13.2,17.4,52.4,8.0,7.2,127.8,145.2,5.4,0.2,0.2,0.0,121.0,0.5218779587747291,0.19357142857142856
Henry Martinez,35.333333333333336,39.0,0.0,26.333333333333332,1.6666666666666667,7.333333333333333,34.0,1.3333333333333333,0.0,139.0,147.33333333333334,1.0,0.0,0.0,0.0,47.0,0.24187324277202168,0.0
Herbert Burns,12.8,25.2,1.4,7.2,3.8,1.8,8.8,1.8,2.2,36.0,50.0,4.4,0.0,0.6,0.0,83.8,0.4709668301940121,0.49444444444444446
Hermes Franca,24.0,51.2,0.4,14.0,1.2,8.8,20.0,2.2,1.8,66.8,98.0,1.0,0.2,1.2,0.4,55.2,0.33875732637940403,0.4
Hernani Perpetuo,41.0,44.5,0.0,22.5,7.0,11.5,38.0,2.5,0.5,141.0,145.0,2.0,0.0,0.5,0.0,22.5,0.27427888718211296,0.0
Holly Holm,62.2,107.4,1.8,29.2,21.8,11.2,50.4,6.2,5.6,114.4,171.0,5.6,0.0,0.0,0.0,341.6,0.49800074840809544,0.20476190476190476
Homer Moore,4.0,12.0,2.0,4.0,0.0,0.0,2.0,0.0,2.0,8.0,16.0,3.0,0.0,0.0,0.0,273.0,0.5,0.6666666666666666
Horacio Gutierrez,7.5,10.5,0.0,3.5,0.0,4.0,5.5,2.0,0.0,28.0,31.5,0.0,0.0,0.0,0.0,0.0,0.27046783625730997,0.0
Houston Alexander,15.0,20.6,0.2,7.0,1.0,7.0,8.8,2.2,4.0,29.0,34.8,0.2,0.2,0.0,0.0,18.0,0.37314647377938515,1.0
Houston Dorr,1.0,11.0,0.0,0.0,0.0,1.0,1.0,0.0,0.0,2.0,15.0,0.0,0.0,0.0,0.0,0.0,0.5,0.0
Hu Yaozong,41.666666666666664,45.333333333333336,0.0,18.666666666666668,10.0,13.0,33.0,8.0,0.6666666666666666,85.66666666666667,90.66666666666667,0.3333333333333333,0.0,0.3333333333333333,0.0,116.33333333333333,0.45259848708124567,0.0
Hugo Duarte,0.0,1.0,1.0,0.0,0.0,0.0,0.0,0.0,0.0,0.0,1.0,3.0,0.0,0.0,0.0,0.0,0.0,0.3333333333333333
Hugo Viana,28.0,36.4,0.2,20.0,5.8,2.2,23.8,1.8,2.4,78.2,87.0,3.0,0.8,0.0,0.0,81.0,0.3786862066307483,0.06666666666666667
Humberto Bandenay,17.25,24.25,1.5,9.75,5.0,2.5,13.75,3.0,0.5,41.25,48.5,3.25,0.25,0.25,0.0,57.5,0.6294827790271038,0.5333333333333333
Humberto Brown Morrison,18.0,35.0,1.0,13.0,1.0,4.0,8.0,3.0,7.0,36.0,55.0,4.0,0.0,0.0,0.0,367.0,0.5,0.25
Hunter Azure,47.5,68.75,1.25,25.75,10.75,11.0,37.75,5.0,4.75,96.5,120.75,3.75,0.25,0.25,0.5,193.5,0.5324136492039034,0.20833333333333334
Hyder Amil,57.2,79.6,0.4,37.0,12.0,8.2,49.0,4.2,4.0,107.8,137.6,2.2,0.2,0.4,0.2,64.0,0.5521169416941694,0.125
Hyun Gyu Lim,39.6,41.4,0.0,29.6,6.6,3.4,35.4,2.4,1.8,97.6,99.6,0.0,0.2,0.2,0.0,12.8,0.44510019770720693,0.0
HyunSung Park,27.2,42.4,0.6,15.4,5.8,6.0,21.8,3.6,1.8,70.8,92.6,1.8,0.4,0.8,0.0,76.6,0.4155084461536075,0.3958333333333333
Ian Entwistle,0.3333333333333333,0.3333333333333333,0.0,0.0,0.3333333333333333,0.0,0.0,0.3333333333333333,0.0,4.333333333333333,4.333333333333333,1.0,0.0,2.3333333333333335,0.0,11.0,0.037037037037037035,0.0
Ian Freeman,19.8,42.8,0.6,17.2,1.8,0.8,2.2,5.6,12.0,39.2,63.4,1.2,0.0,0.2,0.2,204.6,0.4608315182085674,0.7
Ian Heinisch,36.4,47.6,0.8,18.8,7.6,10.0,29.6,2.8,4.0,78.0,91.6,5.4,0.2,0.4,0.2,59.2,0.5169362097111698,0.11666666666666665
Ian Loveland,40.666666666666664,56.666666666666664,1.0,33.0,6.666666666666667,1.0,30.333333333333332,4.333333333333333,6.0,101.33333333333333,121.66666666666667,2.6666666666666665,0.6666666666666666,0.3333333333333333,0.3333333333333333,183.0,0.40546218487394964,0.21428571428571427
Ian Machado Garry,65.2,96.8,1.4,36.6,11.6,17.0,59.0,4.4,1.8,128.2,166.4,5.6,0.0,0.8,0.0,168.2,0.5029550476745834,0.27763157894736845
Ian McCall,57.0,87.4,1.4,22.8,18.8,15.4,40.2,12.8,4.0,136.4,169.2,6.6,0.0,0.0,0.0,141.8,0.41965019454212127,0.22722943722943723
Iasmin Lucindo,39.8,63.4,2.2,27.0,10.0,2.8,30.2,5.4,4.2,80.0,107.8,4.0,0.0,0.2,0.2,282.0,0.43294817609525893,0.7023809523809523
Ibo Aslan,36.25,37.0,0.0,26.75,3.5,6.0,33.25,2.75,0.25,81.0,82.25,0.0,0.25,0.0,0.0,0.5,0.5119658119658119,0.0
Icho Larenas,2.0,15.0,0.0,1.0,1.0,0.0,0.0,2.0,0.0,13.0,29.0,0.0,0.0,0.0,0.0,0.0,0.15384615384615385,0.0
Ignacio Bahamondes,34.8,43.4,0.0,22.0,6.6,6.2,27.6,3.2,4.0,85.6,97.2,0.8,0.6,0.2,0.0,26.6,0.47944132502914333,0.0
Igor Araujo,20.0,80.5,0.75,9.25,5.75,5.0,12.25,2.5,5.25,47.5,120.5,4.75,0.0,0.5,0.5,246.25,0.40292469657605956,0.11309523809523808
Igor Pokrajac,21.4,35.2,0.0,17.8,2.2,1.4,12.6,7.0,1.8,45.8,60.2,1.6,0.0,0.2,0.2,84.4,0.47051807053337213,0.0
Igor Severino,36.0,40.0,5.0,17.0,9.0,10.0,31.0,4.0,1.0,78.0,85.0,9.0,0.0,0.0,0.0,180.0,0.46153846153846156,0.5555555555555556
Igor Zinoviev,0.0,0.0,0.0,0.0,0.0,0.0,0.0,0.0,0.0,2.0,2.0,0.0,0.0,0.0,0.0,0.0,0.0,0.0
Ihor Potieria,38.4,46.8,0.6,25.8,5.0,7.6,29.8,3.8,4.8,80.4,90.8,2.4,0.4,0.0,0.0,94.0,0.5069322725108799,0.1875
Ike Villanueva,15.2,18.4,0.2,11.8,3.0,0.4,12.4,2.2,0.6,37.0,40.4,0.4,0.2,0.0,0.0,13.0,0.47482053811167735,0.5
Ikram Aliskerov,37.2,46.4,1.0,23.8,9.8,3.6,30.8,1.0,5.4,57.2,67.6,1.4,0.6,0.0,0.0,80.2,0.5975558925515028,0.7142857142857143
Ikuhisa Minowa,3.0,27.0,3.0,3.0,0.0,0.0,2.0,0.0,1.0,19.0,47.0,8.0,0.0,0.0,0.0,447.0,0.15789473684210525,0.375
Ildemar Alcantara,26.2,36.8,1.6,15.8,7.2,3.2,15.4,6.0,4.8,65.2,78.4,2.6,0.0,0.6,0.0,143.8,0.4083318061249096,0.5178571428571428
Ilia Topuria,64.6,72.4,1.0,48.2,8.0,8.4,52.0,1.8,10.8,134.2,143.0,1.0,1.0,0.2,0.0,80.4,0.5321715407020138,1.0
Iliarde Santos,27.0,32.0,1.0,18.333333333333332,5.666666666666667,3.0,23.666666666666668,2.0,1.3333333333333333,90.0,96.0,4.333333333333333,0.0,0.0,0.0,67.0,0.3159090909090909,0.21428571428571427
Ilir Latifi,24.0,56.6,2.2,15.6,5.8,2.6,18.8,1.8,3.4,47.0,86.0,5.6,0.0,0.0,0.0,346.6,0.4815709728867623,0.4161904761904761
Impa Kasanganay,33.0,36.0,0.5,25.25,4.5,3.25,31.5,1.5,0.0,81.75,86.5,1.75,0.0,0.25,0.0,47.25,0.379428364205754,0.16666666666666666
Ion Cutelaba,38.8,73.4,1.2,22.4,7.6,8.8,30.2,4.6,4.0,83.6,121.0,4.4,0.0,0.2,0.0,71.8,0.5014605663707759,0.35
Irene Aldana,65.8,71.8,0.0,49.2,9.2,7.4,56.0,2.2,7.6,154.2,160.2,0.0,0.4,0.4,0.0,31.8,0.44325490179796345,0.0
Irina Alekseeva,33.75,42.25,0.25,17.0,6.25,10.5,31.25,2.0,0.5,88.25,101.0,1.25,0.25,0.25,0.0,38.25,0.36708437575560193,0.125
Irwin Rivera,50.333333333333336,55.0,1.0,33.0,9.666666666666666,7.666666666666667,45.333333333333336,2.0,3.0,114.33333333333333,119.0,6.0,0.0,0.0,0.3333333333333333,27.666666666666668,0.4383600284394513,0.17037037037037037
Isaac Dulgarian,24.5,55.5,2.5,22.5,0.5,1.5,4.75,0.25,19.5,38.5,81.25,5.0,0.0,1.0,0.0,347.0,0.4731300539083558,0.609375
Isaac Vallie-Flagg,71.0,124.25,0.25,43.0,17.5,10.5,46.0,23.75,1.25,154.75,211.5,2.0,0.0,0.0,0.0,135.25,0.463129782032312,0.16666666666666666
Isabela de Padua,15.0,90.0,2.0,15.0,0.0,0.0,6.0,0.0,9.0,42.0,128.0,3.0,0.0,1.0,0.0,278.0,0.35714285714285715,0.6666666666666666
Islam Dulatov,21.0,23.0,0.0,17.0,3.0,1.0,16.0,2.0,3.0,41.0,44.0,0.0,1.0,0.0,0.0,2.0,0.5121951219512195,0.0
Islam Makhachev,41.0,87.8,2.8,29.8,8.2,3.0,29.6,6.8,4.6,71.2,124.4,6.4,0.2,0.6,0.0,467.2,0.5667588068314021,0.45138888888888895
Ismael Bonfim,45.4,47.6,0.6,29.2,9.6,6.6,41.0,3.8,0.6,83.0,85.6,1.8,0.2,0.0,0.0,20.6,0.5820294784580499,0.3611111111111111
Ismail Naurdiev,50.2,76.2,1.4,26.8,13.2,10.2,43.4,4.6,2.2,97.6,128.4,3.8,0.2,0.0,0.0,160.0,0.5077207894652114,0.4326923076923077
Israel Adesanya,68.8,78.2,0.2,30.6,21.0,17.2,65.8,1.4,1.6,156.4,168.6,1.2,0.2,0.0,0.2,81.2,0.46052870236283094,0.08333333333333333
Issei Tamura,10.333333333333334,33.0,0.3333333333333333,8.0,1.3333333333333333,1.0,5.333333333333333,2.3333333333333335,2.6666666666666665,19.333333333333332,44.0,1.3333333333333333,0.6666666666666666,0.0,0.0,83.33333333333333,0.5107142857142858,0.16666666666666666
Istela Nunes,45.0,56.0,0.0,23.4,13.2,8.4,40.0,4.8,0.2,95.0,107.2,0.2,0.2,0.0,0.0,42.0,0.4850675550355966,0.0
Iuri Alcantara,19.8,21.6,0.6,10.2,5.4,4.2,15.2,1.0,3.6,51.2,53.4,1.4,0.2,0.6,0.0,20.0,0.4121486291486291,0.625
Ivan Erslan,28.333333333333332,45.333333333333336,0.3333333333333333,22.0,4.666666666666667,1.6666666666666667,26.333333333333332,1.6666666666666667,0.3333333333333333,61.0,81.33333333333333,1.6666666666666667,0.0,0.0,0.3333333333333333,141.66666666666666,0.5465010351966874,0.25
Ivan Jorge,41.0,52.25,1.25,16.0,15.5,9.5,26.5,14.5,0.0,83.0,96.0,7.75,0.0,0.5,0.25,244.5,0.4968901587381239,0.125
Ivan Menjivar,21.0,45.8,0.2,7.6,7.4,6.0,15.8,3.6,1.6,62.4,89.0,0.6,0.2,0.4,0.0,20.8,0.41684613862981984,0.3333333333333333
Ivan Salaverry,8.0,15.4,0.0,2.0,2.0,4.0,5.6,1.8,0.6,19.6,27.8,1.2,0.2,0.4,0.0,13.8,0.557950937950938,0.0
Ivan Serati,3.0,4.0,0.0,2.0,0.0,1.0,1.0,2.0,0.0,11.0,13.0,2.0,0.0,0.0,0.0,0.0,0.2727272727272727,0.0
Ivana Petrovic,27.0,75.5,2.0,17.0,7.0,3.0,18.5,1.5,7.0,65.75,121.75,5.25,0.0,0.75,1.0,305.0,0.41325521028745166,0.4041666666666667
Izabela Badurek,32.0,42.0,1.0,4.0,9.0,19.0,6.0,26.0,0.0,45.0,55.0,8.0,0.0,0.0,0.0,190.0,0.7111111111111111,0.125
JC Cottrell,7.5,23.5,0.5,5.0,0.5,2.0,7.5,0.0,0.0,29.5,46.5,0.5,0.0,0.0,0.5,122.0,0.21540880503144655,1.0
JJ Aldrich,52.4,61.0,0.4,43.2,6.4,2.8,39.0,5.0,8.4,99.8,109.8,3.4,0.0,0.0,0.2,159.6,0.5336450626961576,0.2222222222222222
JP Buys,9.0,21.75,0.25,4.25,2.5,2.25,7.5,1.25,0.25,30.25,44.25,2.75,0.0,1.0,0.0,35.5,0.35165043290043285,0.03571428571428571
Jacare Souza,39.4,58.6,0.6,24.4,11.0,4.0,31.2,6.4,1.8,75.2,95.2,2.6,0.2,0.0,0.0,136.2,0.6141011619958988,0.29166666666666663
Jack Della Maddalena,90.2,113.8,0.2,55.6,25.0,9.6,78.0,8.8,3.4,170.6,197.2,1.4,0.2,0.0,0.0,27.0,0.5037472491261318,0.125
Jack Hermansson,63.4,77.0,0.6,34.2,11.6,17.6,60.0,2.2,1.2,131.6,150.2,2.4,0.0,0.0,0.0,60.0,0.5107382491677146,0.29166666666666663
Jack Jenkins,54.4,67.6,0.8,27.4,12.6,14.4,43.6,3.2,7.6,94.0,110.8,1.8,0.6,0.2,0.0,112.8,0.596553636745218,0.375
Jack Marshman,20.2,22.6,0.0,10.0,6.4,3.8,19.8,0.4,0.0,104.2,106.8,0.0,0.0,0.0,0.0,0.0,0.13589645254074784,0.0
Jack May,12.5,22.5,0.5,7.0,3.5,2.0,6.5,4.5,1.5,32.5,42.5,1.5,0.0,0.0,0.5,55.5,0.5861581920903955,0.3333333333333333
Jack Nilson,11.0,13.0,0.0,11.0,0.0,0.0,0.0,0.0,11.0,13.0,15.0,0.0,0.0,0.0,0.0,0.0,0.8461538461538461,0.0
Jack Shore,29.8,40.0,1.2,21.6,6.0,2.2,22.0,4.6,3.2,51.0,62.4,3.4,0.4,0.2,0.0,117.4,0.547832777182635,0.38571428571428573
Jackson McVey,30.0,36.0,0.0,15.5,14.0,0.5,6.5,23.5,0.0,44.0,50.5,0.5,0.0,0.0,0.5,75.5,0.5168949771689497,0.0
Jacob Kilburn,33.5,42.0,0.5,23.5,5.5,4.5,31.0,2.0,0.5,103.5,112.5,9.0,0.0,0.5,0.0,41.0,0.4092039800995025,0.05555555555555555
Jacob Malkoun,48.8,88.6,4.6,44.2,4.0,0.6,28.2,1.8,18.8,85.2,133.2,9.8,0.0,0.0,0.0,338.8,0.5898092557848655,0.3801282051282051
Jacob Volkmann,7.8,30.4,2.2,5.6,1.6,0.6,2.8,0.2,4.8,26.4,51.4,6.0,0.0,2.0,0.0,332.0,0.339672268907563,0.37916666666666665
Jacobe Smith,29.0,42.5,1.0,23.5,3.0,2.5,16.5,1.0,11.5,48.5,62.0,1.0,0.5,0.5,0.0,177.0,0.5716803760282021,1.0
Jacqueline Cavalcanti,84.8,93.4,0.0,43.8,14.8,26.2,80.2,4.6,0.0,181.8,192.0,0.4,0.0,0.0,0.2,26.4,0.46151757776975916,0.0
Jafel Filho,14.0,37.6,1.4,7.6,3.8,2.6,8.6,1.4,4.0,33.8,63.2,2.6,0.0,1.4,0.4,165.8,0.4166828366828367,0.7053571428571428
Jai Herbert,49.6,77.2,0.6,20.8,18.8,10.0,40.0,8.0,1.6,117.6,152.4,2.8,0.2,0.0,0.0,163.4,0.4356197973416518,0.2
Jailton Almeida,14.4,38.8,4.8,12.2,1.6,0.6,3.0,2.2,9.2,20.4,49.8,8.0,0.0,1.2,0.4,486.2,0.630768049155146,0.674017094017094
Jairzinho Rozenstruik,49.4,54.0,0.0,31.0,9.0,9.4,47.0,1.8,0.6,95.4,101.0,0.2,0.2,0.0,0.0,1.6,0.39315647446587787,0.0
Jake Collier,69.0,83.2,0.8,50.2,12.6,6.2,55.6,9.4,4.0,145.0,162.4,1.4,0.2,0.8,0.0,139.0,0.47055367917881374,0.5416666666666666
Jake Ellenberger,13.2,15.8,0.2,9.6,2.0,1.6,8.0,2.4,2.8,25.8,28.8,1.0,0.4,0.0,0.0,27.0,0.559963665508165,0.125
Jake Hadley,45.0,57.0,0.2,19.4,11.4,14.2,42.2,1.8,1.0,110.2,123.4,3.4,0.2,0.6,0.2,76.0,0.4108107755698117,0.125
Jake Hecht,24.0,31.333333333333332,1.0,15.0,7.666666666666667,1.3333333333333333,8.333333333333334,6.333333333333333,9.333333333333334,50.333333333333336,58.333333333333336,2.6666666666666665,0.0,0.0,0.0,63.333333333333336,0.4919550111039473,0.21428571428571427
Jake Lindsey,26.333333333333332,68.33333333333333,0.3333333333333333,7.0,10.666666666666666,8.666666666666666,16.666666666666668,9.333333333333334,0.3333333333333333,50.0,92.66666666666667,1.0,0.0,0.0,0.0,62.0,0.458580453363062,0.5
Jake Matthews,42.4,54.8,0.4,24.4,12.6,5.4,37.4,4.2,0.8,109.6,123.0,0.8,0.0,0.8,0.4,107.8,0.3984433830028712,0.5
Jake O'Brien,10.8,31.2,3.4,10.4,0.4,0.0,6.4,1.2,3.2,41.2,63.8,7.4,0.2,0.2,0.4,239.4,0.42195805151328825,0.4277597402597403
Jake Rosholt,9.333333333333334,16.666666666666668,2.3333333333333335,6.666666666666667,0.6666666666666666,2.0,4.0,1.6666666666666667,3.6666666666666665,19.333333333333332,27.666666666666668,3.3333333333333335,0.0,0.6666666666666666,0.0,98.33333333333333,0.47222222222222227,0.6666666666666666
Jake Shields,49.0,110.8,1.2,18.2,18.6,12.2,29.6,14.2,5.2,128.6,196.8,11.8,0.0,0.2,0.2,343.2,0.3823090251910091,0.12023809523809523
Jakub Wiklacz,46.0,107.0,0.0,21.0,22.0,3.0,38.0,4.0,4.0,83.0,147.0,0.0,0.0,3.0,1.0,124.0,0.5542168674698795,0.0
Jalin Turner,39.2,47.0,0.2,25.2,10.2,3.8,29.8,4.6,4.8,78.8,87.0,0.8,0.6,0.0,0.0,33.4,0.45546857708660954,0.16666666666666666
Jamahal Hill,96.6,108.8,0.0,70.2,17.6,8.8,77.6,10.0,9.0,185.0,197.6,0.0,0.0,0.0,0.2,58.4,0.5133770396892915,0.0
Jamal Pogues,50.75,55.25,1.25,34.25,5.5,11.0,44.5,5.25,1.0,110.5,115.75,3.25,0.0,0.0,0.0,107.5,0.47545895620246525,0.15151515151515152
Jamall Emmers,38.6,49.4,1.6,23.8,10.6,4.2,32.2,2.0,4.4,81.6,96.0,2.8,0.6,0.2,0.6,165.0,0.5347805103090955,0.5208333333333334
James Bochnovic,4.0,9.5,0.0,1.0,2.0,1.0,2.5,0.5,1.0,15.0,21.5,1.0,0.0,0.0,0.0,33.5,0.3541666666666667,0.0
James Giboo,9.0,14.0,0.0,4.0,3.0,2.0,9.0,0.0,0.0,33.0,38.0,6.0,0.0,0.0,0.0,28.0,0.2727272727272727,0.0
James Hammortree,29.0,40.0,2.0,21.0,2.0,6.0,14.0,13.0,2.0,95.0,107.0,4.0,0.0,1.0,0.0,143.0,0.30526315789473685,0.5
James Head,20.2,29.6,0.2,13.2,6.4,0.6,10.8,8.6,0.8,41.6,51.0,0.2,0.2,0.4,0.2,57.2,0.3979739022535324,1.0
James Irvin,5.0,5.6,0.0,3.6,0.2,1.2,2.6,0.0,2.4,12.8,13.4,0.4,0.2,0.0,0.2,13.8,0.37763157894736843,0.0
James Krause,66.8,83.0,0.8,48.6,10.0,8.2,58.2,4.4,4.2,117.2,135.8,4.0,0.6,1.2,0.4,222.0,0.5612787396783163,0.13068181818181818
James Lee,0.0,0.0,2.0,0.0,0.0,0.0,0.0,0.0,0.0,1.0,1.0,4.0,0.0,0.0,0.0,43.0,0.0,0.5
James Llontop,67.33333333333333,76.0,0.0,25.333333333333332,22.666666666666668,19.333333333333332,61.666666666666664,5.333333333333333,0.3333333333333333,175.0,184.33333333333334,2.0,0.0,0.0,0.0,28.333333333333332,0.4099499693690014,0.0
James McSweeney,37.666666666666664,56.0,0.3333333333333333,20.666666666666668,10.333333333333334,6.666666666666667,20.333333333333332,7.0,10.333333333333334,68.33333333333333,87.66666666666667,1.0,0.0,0.6666666666666666,0.6666666666666666,168.33333333333334,0.5503101187311713,0.25
James Moontasri,21.4,31.8,0.0,10.2,7.0,4.2,13.4,4.8,3.2,44.6,58.0,0.2,0.2,0.2,0.0,51.0,0.4621656705867232,0.0
James Mulheron,36.0,56.0,0.0,15.0,18.0,3.0,30.0,6.0,0.0,114.0,136.0,0.0,0.0,0.0,0.0,40.0,0.3157894736842105,0.0
James Te Huna,13.0,30.2,0.4,8.0,2.4,2.6,2.0,4.2,6.8,24.8,45.0,1.2,0.0,0.0,0.0,88.6,0.3773839662447257,0.2
James Toney,0.0,4.0,0.0,0.0,0.0,0.0,0.0,0.0,0.0,0.0,6.0,0.0,0.0,0.0,0.0,0.0,0.0,0.0
James Vick,31.0,33.8,0.2,11.8,12.0,7.2,27.8,1.6,1.6,68.0,70.8,0.4,0.2,0.0,0.0,34.8,0.44777196086547166,0.5
James Wilks,21.5,55.0,1.0,12.0,4.5,5.0,10.25,8.75,2.5,47.5,85.0,4.5,0.0,3.0,1.0,188.25,0.4620672227902221,0.325
James Zikic,29.0,55.0,0.0,20.0,8.0,1.0,8.0,11.0,10.0,66.0,93.0,1.0,0.0,1.0,0.0,167.0,0.4393939393939394,0.0
Jamey Simmons,4.5,7.0,0.0,3.0,0.5,1.0,4.0,0.5,0.0,20.5,23.0,1.5,0.0,0.0,0.0,22.0,0.3445945945945946,0.0
Jamey-Lyn Horth,52.8,80.2,1.2,29.0,17.6,6.2,38.8,13.4,0.6,96.6,128.2,2.8,0.0,0.2,0.2,161.6,0.5033651021014226,0.36666666666666664
Jamie Moyle,67.66666666666667,91.33333333333333,1.0,32.333333333333336,21.0,14.333333333333334,52.333333333333336,11.0,4.333333333333333,131.33333333333334,161.66666666666666,4.666666666666667,0.0,0.0,0.0,44.333333333333336,0.514492241764969,0.09999999999999999
Jamie Mullarkey,38.4,39.4,1.2,19.0,8.0,11.4,35.4,3.0,0.0,80.0,81.4,5.4,0.0,0.0,0.0,97.8,0.4480618186767124,0.18382352941176472
Jamie Pickett,20.0,24.2,0.4,12.2,6.2,1.6,16.0,4.0,0.0,45.8,51.2,1.8,0.2,0.0,0.0,49.4,0.4457926457926458,0.2222222222222222
Jamie Varner,23.2,38.6,1.8,18.6,3.8,0.8,13.6,5.8,3.8,61.8,83.4,3.2,0.0,0.6,0.0,106.8,0.3650144691625972,0.5083333333333333
Jamie Yager,29.0,31.0,0.0,17.0,1.0,11.0,24.0,4.0,1.0,74.0,76.0,1.0,0.0,0.0,0.0,0.0,0.3918918918918919,0.0
Jan Blachowicz,45.0,65.2,0.6,21.0,8.0,16.0,41.4,1.8,1.8,89.0,111.2,1.8,0.0,0.6,0.0,93.6,0.5242568797297679,0.1875
Jaqueline Amorim,24.6,46.6,1.2,20.4,3.0,1.2,5.6,0.6,18.4,42.8,72.0,2.4,0.0,2.2,0.6,233.4,0.6136748893105629,0.6666666666666666
Jared Cannonier,101.2,119.4,1.6,68.2,16.6,16.4,83.0,11.2,7.0,206.4,227.4,3.4,0.4,0.0,0.0,237.6,0.4677483389493977,0.5714285714285714
Jared Gooden,43.8,67.4,0.8,19.6,13.4,10.8,37.8,3.8,2.2,79.2,105.4,2.0,0.2,0.4,0.0,49.4,0.5547246990830018,0.75
Jared Gordon,53.2,68.4,0.4,44.2,6.0,3.0,47.4,4.6,1.2,123.4,143.0,3.6,0.4,0.0,0.0,70.6,0.44514101456862576,0.3333333333333333
Jared Hamman,42.8,66.2,0.0,31.0,6.6,5.2,34.4,2.0,6.4,106.8,133.6,1.4,0.0,0.0,0.0,49.0,0.3963246717294025,0.0
Jared Papazian,37.0,54.333333333333336,0.0,25.666666666666668,7.333333333333333,4.0,30.333333333333332,6.0,0.6666666666666666,93.66666666666667,117.0,1.3333333333333333,0.0,0.0,0.3333333333333333,104.33333333333333,0.39669478508114153,0.0
Jared Rollins,40.0,78.0,2.0,40.0,0.0,0.0,3.0,5.0,32.0,70.0,111.0,4.0,1.0,1.0,0.0,221.0,0.5714285714285714,0.5
Jared Rosholt,22.4,40.0,1.6,16.2,3.2,3.0,12.0,5.8,4.6,53.6,72.6,4.0,0.0,0.2,0.0,188.8,0.47477897014661724,0.3261904761904762
Jared Vanderaa,52.6,62.4,0.0,27.0,10.2,15.4,46.4,4.8,1.4,124.6,136.0,0.2,0.0,0.0,0.0,46.2,0.44090137551235953,0.0
Jarjis Danho,33.333333333333336,45.666666666666664,0.3333333333333333,23.666666666666668,7.0,2.6666666666666665,20.0,11.0,2.3333333333333335,66.0,82.0,2.0,0.3333333333333333,0.0,0.0,142.0,0.5985879200164915,0.1
Jarno Errens,40.25,46.0,0.0,19.25,11.5,9.5,38.5,1.75,0.0,90.5,96.75,1.75,0.5,0.25,0.0,30.75,0.3775277350630315,0.0
Jarred Brooks,28.0,59.5,4.0,18.25,8.0,1.75,11.25,5.0,11.75,60.75,96.75,7.0,0.0,0.5,0.0,339.0,0.48378175266762224,0.540340909090909
Jasmine Jasudavicius,29.0,83.2,2.2,17.6,7.0,4.4,21.8,2.6,4.6,62.0,132.6,3.6,0.0,0.6,0.0,263.0,0.43306224362404133,0.5916666666666667
Jason Black,5.0,29.5,0.0,3.5,1.5,0.0,1.0,1.5,2.5,12.0,38.0,0.5,0.0,4.5,1.0,63.0,0.25,0.0
Jason Brilz,23.4,47.4,1.2,17.8,2.2,3.4,13.2,7.8,2.4,62.8,89.0,7.0,0.0,0.8,0.6,189.8,0.43536491095111784,0.2435897435897436
Jason Day,14.0,27.0,0.0,10.333333333333334,1.3333333333333333,2.3333333333333335,7.333333333333333,6.666666666666667,0.0,26.666666666666668,40.0,0.0,0.0,0.0,0.0,1.0,0.49925064599483204,0.0
Jason DeLucia,1.3333333333333333,7.0,0.3333333333333333,0.6666666666666666,0.3333333333333333,0.3333333333333333,1.0,0.0,0.3333333333333333,2.0,8.666666666666666,0.6666666666666666,0.0,1.6666666666666667,1.3333333333333333,3.0,0.8,0.5
Jason Dent,22.25,67.0,0.0,13.25,4.25,4.75,17.5,3.0,1.75,56.75,105.75,0.0,0.0,1.0,0.25,11.5,0.3779805037957212,0.0
Jason Fairn,9.0,12.0,0.0,5.0,2.0,2.0,1.0,4.0,4.0,12.0,15.0,0.0,1.0,0.0,0.0,0.0,0.75,0.0
Jason Gilliam,1.5,3.0,0.0,0.0,1.5,0.0,1.0,0.5,0.0,4.5,6.0,0.0,0.0,0.0,0.5,2.5,0.21428571428571427,0.0
Jason Godsey,1.5,8.5,0.5,0.0,1.0,0.5,1.0,0.5,0.0,7.0,16.0,0.5,0.0,0.0,0.0,39.5,0.21428571428571427,1.0
Jason Gonzalez,11.5,12.75,0.0,7.75,1.75,2.0,9.75,1.5,0.25,29.0,30.75,0.0,0.0,0.25,0.0,1.75,0.3667958656330749,0.0
Jason High,8.4,20.0,1.6,6.8,1.4,0.2,5.8,1.6,1.0,23.8,37.0,2.0,0.0,1.8,0.4,184.0,0.26908602150537636,0.7
Jason Knight,28.8,49.2,0.6,18.0,5.6,5.2,21.0,2.8,5.0,91.0,112.0,2.6,0.6,0.8,0.6,119.2,0.3168021200250406,0.2777777777777778
Jason Lambert,12.2,27.8,0.6,7.4,4.0,0.8,2.4,3.8,6.0,26.4,45.6,1.4,0.4,1.0,0.0,104.6,0.3993271221532091,0.5
Jason MacDonald,1.8,3.8,0.0,0.4,0.8,0.6,0.6,1.2,0.0,4.8,7.2,1.2,0.0,0.2,0.0,18.6,0.425,0.0
Jason Miller,19.0,31.666666666666668,0.6666666666666666,11.333333333333334,6.666666666666667,1.0,14.333333333333334,2.0,2.6666666666666665,64.66666666666667,81.0,5.666666666666667,0.0,0.6666666666666666,0.3333333333333333,83.66666666666667,0.34296645487463273,0.12878787878787878
Jason Novelli,18.5,30.0,0.5,9.5,2.5,6.5,17.0,0.5,1.0,77.0,90.0,1.5,0.0,0.0,0.0,44.5,0.2579365079365079,0.3333333333333333
Jason Reinhardt,1.3333333333333333,1.6666666666666667,0.3333333333333333,1.0,0.0,0.3333333333333333,1.0,0.3333333333333333,0.0,3.3333333333333335,4.0,2.6666666666666665,0.0,0.0,0.0,26.333333333333332,0.5555555555555555,0.125
Jason Saggo,30.2,46.6,1.6,16.2,5.0,9.0,20.2,1.2,8.8,76.2,98.4,4.4,0.2,0.0,0.4,168.2,0.4318777213125039,0.34375
Jason Tan,4.0,13.0,0.0,0.5,0.0,3.5,4.0,0.0,0.0,13.5,22.5,3.0,0.0,0.0,0.0,55.5,0.30219780219780223,0.0
Jason Thacker,1.0,3.0,0.0,1.0,0.0,0.0,0.0,1.0,0.0,3.0,5.0,0.0,0.0,0.0,0.0,0.0,0.3333333333333333,0.0
Jason Von Flue,15.0,29.333333333333332,0.6666666666666666,9.0,5.0,1.0,7.666666666666667,7.333333333333333,0.0,42.333333333333336,56.666666666666664,3.6666666666666665,0.0,1.0,0.3333333333333333,162.33333333333334,0.23667010663914687,0.1111111111111111
Jason Witt,13.6,27.4,3.0,10.2,2.4,1.0,8.4,1.2,4.0,30.4,47.0,6.0,0.2,0.4,0.0,211.0,0.5027635468560459,0.5456349206349206
Jason Young,33.75,69.25,1.5,16.75,6.25,10.75,22.0,5.75,6.0,91.0,128.0,2.25,0.0,0.0,0.0,152.75,0.5359815109056767,0.6666666666666666
Javid Basharat,58.4,70.4,1.2,33.0,18.2,7.2,48.4,4.0,6.0,112.6,126.0,3.4,0.0,0.0,0.0,108.4,0.5695482449799945,0.3375
Javier Vazquez,62.0,107.0,3.0,54.0,8.0,0.0,56.0,1.0,5.0,161.0,209.0,5.0,0.0,1.0,0.0,253.0,0.38509316770186336,0.6
Jay Cucciniello,14.0,18.0,0.0,8.0,5.0,1.0,13.0,1.0,0.0,64.0,68.0,1.0,0.0,0.0,0.0,0.0,0.21875,0.0
Jay Hieron,11.75,19.25,2.25,5.75,2.0,4.0,10.0,0.75,1.0,41.0,49.5,4.25,0.0,0.75,0.0,111.25,0.298034861026987,0.25
Jay Perrin,44.666666666666664,55.666666666666664,1.6666666666666667,27.333333333333332,13.0,4.333333333333333,36.666666666666664,7.333333333333333,0.6666666666666666,94.0,106.0,4.0,0.0,0.0,0.0,154.66666666666666,0.47315649075680416,0.41428571428571426
Jay Silva,17.0,46.5,0.0,13.5,3.5,0.0,12.0,3.5,1.5,49.0,82.5,1.0,0.0,1.0,0.5,63.0,0.3547979797979798,0.0
Jean Matsumoto,70.0,90.0,2.5,41.0,10.75,18.25,63.5,6.25,0.25,162.5,186.0,6.0,0.0,0.75,0.25,162.25,0.454695724759545,0.3357142857142857
Jean Silva,35.0,35.6,0.0,22.2,10.4,2.4,27.6,5.0,2.4,69.0,69.6,0.0,0.8,0.6,0.2,7.4,0.5344371836114956,0.0
Jeff Cox,1.0,2.0,0.5,0.0,0.0,1.0,0.0,1.0,0.0,4.0,5.0,1.0,0.0,0.0,0.0,42.5,0.25,0.5
Jeff Curran,27.0,39.0,0.0,16.0,7.0,4.0,21.666666666666668,3.3333333333333335,2.0,97.66666666666667,111.0,2.3333333333333335,0.0,0.6666666666666666,0.6666666666666666,19.0,0.37644806460595936,0.0
Jeff Hougland,31.0,69.0,0.6666666666666666,14.333333333333334,7.0,9.666666666666666,25.0,3.0,3.0,64.33333333333333,107.66666666666667,5.0,0.0,1.3333333333333333,0.6666666666666666,90.0,0.4773386383731211,0.11428571428571428
Jeff Hughes,29.0,35.25,0.0,16.0,4.25,8.75,26.0,2.25,0.75,62.5,69.25,0.25,0.0,0.0,0.25,34.25,0.36370526025698435,0.0
Jeff Joslin,18.0,83.0,0.0,8.0,1.0,9.0,18.0,0.0,0.0,54.0,119.0,0.0,0.0,1.0,0.0,0.0,0.3333333333333333,0.0
Jeff Molina,97.33333333333333,148.33333333333334,0.0,83.0,10.0,4.333333333333333,78.66666666666667,5.0,13.666666666666666,188.66666666666666,245.0,0.3333333333333333,1.0,0.0,0.0,87.66666666666667,0.5557805903039683,0.0
Jeff Monson,15.8,60.4,1.2,9.0,4.6,2.2,5.0,5.4,5.4,43.4,92.8,5.2,0.2,0.6,0.6,231.4,0.4964615384615384,0.3487179487179487
Jeff Newton,2.0,4.0,0.0,2.0,0.0,0.0,2.0,0.0,0.0,10.0,12.0,0.0,0.0,4.0,0.0,9.0,0.2,0.0
Jeka Saragih,6.0,7.5,0.25,2.25,1.25,2.5,4.25,0.5,1.25,11.5,15.5,0.5,0.25,0.0,0.0,16.75,0.5011111111111111,0.5
Jenel Lausa,19.5,32.5,0.5,17.0,1.75,0.75,16.75,0.0,2.75,46.0,61.0,0.75,0.5,0.75,0.0,40.25,0.3757521949294663,0.75
Jennifer Maia,76.8,88.8,0.6,58.0,8.2,10.6,66.8,9.8,0.2,199.0,212.6,2.8,0.0,0.0,0.0,77.8,0.37242442083462585,0.1875
Jens Pulver,24.2,68.6,0.2,17.8,3.8,2.6,12.8,5.2,6.2,61.6,107.6,0.2,0.0,0.2,0.8,366.4,0.31055356493742536,1.0
JeongYeong Lee,36.5,63.0,0.5,23.5,9.5,3.5,27.0,5.25,4.25,74.75,106.5,0.75,0.0,0.0,0.0,80.75,0.4723727000427899,0.6666666666666666
Jeremiah Wells,25.0,47.2,2.6,20.4,3.8,0.8,14.6,0.8,9.6,55.8,86.6,4.4,0.2,1.0,0.0,341.0,0.452410163737558,0.575
Jeremy Horn,11.0,24.2,0.4,6.6,2.8,1.6,5.6,4.0,1.4,30.2,44.0,1.4,0.0,1.4,0.2,65.0,0.3711259476048208,0.4444444444444444
Jeremy Jackson,7.0,45.5,1.0,4.5,0.5,2.0,0.0,3.0,4.0,25.5,68.0,2.5,0.0,0.0,1.0,204.5,0.3001930501930502,0.4
Jeremy Kennedy,30.5,54.5,5.25,24.25,4.0,2.25,10.5,5.0,15.0,66.0,96.0,10.0,0.0,0.0,0.0,448.5,0.439518381132106,0.45436507936507936
Jeremy Kimball,7.5,8.5,0.25,5.25,0.5,1.75,4.75,0.5,2.25,16.0,17.0,1.25,0.25,0.0,0.0,21.5,0.47269607843137257,0.125
Jeremy Larsen,29.333333333333332,34.0,1.0,24.666666666666668,3.0,1.6666666666666667,24.333333333333332,3.3333333333333335,1.6666666666666667,60.666666666666664,66.0,3.0,0.3333333333333333,0.0,0.0,102.66666666666667,0.480289484887186,0.39285714285714285
Jeremy Stephens,29.8,42.4,0.6,15.6,5.2,9.0,23.2,1.6,5.0,61.6,77.8,0.8,0.0,0.0,0.0,71.0,0.36582040035987407,0.75
Jermaine Andre,27.0,39.0,0.0,13.0,5.0,9.0,9.0,15.0,3.0,47.0,59.0,0.0,1.0,0.0,0.0,16.0,0.574468085106383,0.0
Jerome Rivera,18.5,32.25,0.0,5.75,4.5,8.25,16.0,2.5,0.0,64.25,80.75,1.5,0.0,0.0,0.25,16.75,0.387002487562189,0.0
Jerrod Sanders,6.0,20.75,1.0,4.25,1.5,0.25,1.75,1.0,3.25,9.25,28.5,3.0,0.0,0.75,0.75,191.5,0.6121212121212121,0.23611111111111108
Jerry Bohlander,6.8,46.8,0.6,3.6,1.0,2.2,2.4,1.6,2.8,14.0,55.4,1.0,0.0,0.8,0.2,0.0,0.4022521008403361,0.75
Jess Liaudin,18.0,33.2,1.6,14.0,1.8,2.2,8.0,7.0,3.0,35.0,51.0,3.0,0.4,0.8,0.0,166.0,0.44943283582089555,0.5128205128205128
Jessamyn Duke,57.25,85.25,1.0,37.25,15.75,4.25,42.75,12.5,2.0,107.75,137.0,2.75,0.0,1.5,0.5,74.75,0.4936734811734812,0.4444444444444444
Jesse Bongfeldt,29.0,44.0,1.0,19.5,5.5,4.0,7.5,4.5,17.0,46.5,64.0,3.0,0.0,0.0,1.0,157.5,0.5354938271604939,0.3333333333333333
Jesse Butler,15.5,16.5,0.0,8.5,4.5,2.5,15.5,0.0,0.0,44.5,48.5,0.0,0.0,0.0,0.0,0.0,0.25435540069686413,0.0
Jesse Forbes,14.666666666666666,19.666666666666668,0.3333333333333333,8.333333333333334,5.666666666666667,0.6666666666666666,8.0,6.333333333333333,0.3333333333333333,63.333333333333336,68.33333333333333,0.6666666666666666,0.3333333333333333,0.3333333333333333,0.0,34.0,0.3206349206349206,0.5
Jesse Lennox,32.0,36.0,1.0,17.0,9.333333333333334,5.666666666666667,25.666666666666668,2.6666666666666665,3.6666666666666665,120.66666666666667,127.0,1.6666666666666667,0.0,0.3333333333333333,0.0,89.66666666666667,0.26825657894736843,0.6666666666666666
Jesse Ronson,39.0,41.0,0.2,21.0,9.0,9.0,35.2,2.4,1.4,83.0,85.4,1.2,0.2,0.4,0.0,20.0,0.48940343418952936,0.125
Jesse Sanders,0.0,0.0,0.0,0.0,0.0,0.0,0.0,0.0,0.0,3.0,3.0,0.0,0.0,0.0,0.0,0.0,0.0,0.0
Jesse Strader,39.0,43.5,2.0,10.0,14.5,14.5,31.5,6.5,1.0,75.5,80.0,3.5,0.0,0.0,0.0,100.5,0.533968253968254,0.5714285714285714
Jesse Taylor,12.5,37.5,1.5,11.5,0.5,0.5,0.5,1.5,10.5,18.5,49.5,3.0,0.0,1.0,0.5,234.0,0.5913461538461539,0.5
Jessica Aguilar,62.8,80.4,0.8,33.6,17.6,11.6,38.8,19.2,4.8,124.0,142.8,3.2,0.0,0.2,0.0,135.4,0.5479837582114109,0.16
Jessica Andrade,57.2,68.0,0.2,30.6,11.0,15.6,52.2,3.6,1.4,144.4,157.0,0.6,0.8,0.0,0.0,78.8,0.43210065091305117,0.3333333333333333
Jessica Eye,76.0,90.8,0.8,43.4,21.4,11.2,63.8,11.2,1.0,197.4,217.2,2.4,0.0,0.0,0.0,172.2,0.4243843349628561,0.29166666666666663
Jessica Penne,33.2,60.8,0.6,19.0,12.2,2.0,27.2,4.2,1.8,100.0,131.0,6.0,0.0,0.2,0.0,131.8,0.38361950155207125,0.24395604395604392
Jessica Rakoczy,25.0,34.0,0.5,14.0,9.5,1.5,15.5,6.5,3.0,56.0,67.0,2.5,0.0,0.5,0.5,190.5,0.6149532710280374,0.2
Jessica-Rose Clark,26.2,45.0,1.6,20.4,3.2,2.6,11.4,6.6,8.2,42.6,68.8,4.0,0.0,0.0,0.0,355.0,0.5758962264150943,0.6493506493506493
Jessin Ayari,40.75,44.75,0.0,29.75,5.0,6.0,35.0,4.75,1.0,108.0,112.5,2.0,0.0,0.25,0.0,16.0,0.32837462082912033,0.0
Jesus Aguilar,28.8,34.2,0.8,15.0,6.6,7.2,24.6,3.2,1.0,73.2,80.4,2.8,0.2,0.8,0.2,84.0,0.5116890845357462,0.2833333333333334
Jesus Pinedo,48.5,52.5,2.5,26.5,13.0,9.0,37.5,3.5,7.5,127.5,133.5,2.5,0.0,0.0,0.0,134.0,0.3749844197930948,1.0
Jhonata Diniz,41.4,47.4,0.0,30.8,2.2,8.4,38.8,1.4,1.2,70.4,77.4,0.0,0.2,0.0,0.2,15.4,0.5023004269472298,0.0
Ji Yeon Kim,89.6,101.8,0.0,67.4,12.4,9.8,84.6,4.4,0.6,230.6,244.2,0.6,0.0,0.2,0.2,113.8,0.36698169099900957,0.0
Jianping Yang,21.0,24.0,1.0,4.0,0.0,17.0,21.0,0.0,0.0,78.0,82.0,4.0,0.0,0.0,0.0,31.0,0.2692307692307692,0.25
Jim Alers,33.75,53.0,1.75,21.25,3.5,9.0,25.5,5.25,3.0,83.75,107.0,4.25,0.25,0.25,0.0,170.5,0.409340498551401,0.43333333333333335
Jim Miller,32.6,38.0,0.6,19.6,4.6,8.4,28.0,1.8,2.8,69.6,75.4,0.6,0.2,0.8,0.0,67.2,0.47107142857142853,1.0
Jim Mullen,3.0,4.0,0.0,3.0,0.0,0.0,1.0,2.0,0.0,5.0,7.0,0.0,0.0,0.0,0.0,0.0,0.6,0.0
Jim Wallhead,39.5,43.0,0.0,27.5,6.0,6.0,37.5,1.0,1.0,147.5,151.5,1.0,0.5,0.0,0.0,20.5,0.2740740740740741,0.0
Jimi Manuwa,14.8,15.4,0.0,7.4,6.0,1.4,9.6,4.8,0.4,34.4,35.0,0.8,0.2,0.0,0.0,32.6,0.5214851814851815,0.0
Jimmie Rivera,54.4,66.0,0.6,27.8,11.0,15.6,46.8,6.0,1.6,136.6,149.0,2.8,0.0,0.2,0.0,67.0,0.4076072053022175,0.21666666666666665
Jimmy Crute,36.0,51.2,2.4,26.6,6.0,3.4,23.8,7.2,5.0,71.6,90.4,6.0,0.2,1.2,0.2,209.0,0.5051041698012899,0.33999999999999997
Jimmy Flick,14.6,23.4,1.6,5.4,5.8,3.4,12.0,2.2,0.4,30.4,40.2,5.2,0.0,1.4,0.2,154.8,0.4877489357489358,0.2845238095238095
Jimmy Quinlan,7.0,7.0,1.0,5.0,2.0,0.0,7.0,0.0,0.0,10.0,10.0,4.0,0.0,0.0,0.0,166.0,0.7,0.25
Jimy Hettes,43.6,83.6,3.4,35.0,6.8,1.8,21.8,8.6,13.2,75.4,121.8,8.0,0.0,0.8,0.2,255.2,0.668770358868185,0.3711111111111111
Jin Soo Son,76.5,84.5,1.5,62.5,9.0,5.0,62.5,12.0,2.0,210.0,219.5,6.0,0.0,0.0,0.0,126.5,0.36931818181818177,0.27142857142857146
Jinh Yu Frey,46.2,56.6,0.8,28.2,7.6,10.4,40.8,3.8,1.6,104.8,117.6,2.4,0.0,0.0,0.0,108.4,0.4286902720253424,0.19047619047619047
Jiri Prochazka,54.8,58.4,0.4,39.0,9.8,6.0,41.8,6.0,7.0,99.8,104.2,0.8,0.6,0.0,0.0,61.6,0.5066310080125794,0.6666666666666666
Joachim Christensen,23.25,59.25,0.0,17.0,4.75,1.5,12.25,6.5,4.5,56.25,95.5,0.5,0.5,0.0,0.0,125.0,0.37536785512167514,0.0
Joanderson Brito,18.4,39.6,1.2,8.0,2.8,7.6,11.0,3.4,4.0,36.4,63.2,1.8,0.0,0.8,0.0,191.0,0.4870433546552949,0.875
Joanna Jedrzejczyk,109.8,134.2,0.6,39.4,33.2,37.2,88.2,21.6,0.0,232.2,257.6,1.0,0.0,0.2,0.0,109.4,0.4616085991022915,0.6
Joanne Wood,90.2,118.8,0.6,45.4,24.4,20.4,70.6,18.6,1.0,164.4,195.0,1.0,0.0,0.0,0.0,25.6,0.5502312402449883,0.75
Joao Pierini,1.0,1.0,0.0,1.0,0.0,0.0,1.0,0.0,0.0,7.0,7.0,0.0,0.0,0.0,0.0,0.0,0.14285714285714285,0.0
Joao Roque,5.0,5.0,1.0,2.0,2.0,1.0,5.0,0.0,0.0,59.0,59.0,18.0,0.0,0.0,0.0,15.0,0.0847457627118644,0.05555555555555555
Joao Zeferino,12.5,21.0,0.5,9.0,2.5,1.0,10.0,1.5,1.0,34.0,43.5,9.0,0.0,1.0,0.0,194.0,0.37142857142857144,0.03125
Joaquim Silva,39.6,90.2,0.4,21.4,12.0,6.2,25.8,10.0,3.8,76.2,129.6,0.8,0.6,0.8,0.0,56.8,0.515933319237804,0.3333333333333333
Joaquin Buckley,58.8,72.6,1.6,44.6,10.8,3.4,34.0,2.8,22.0,135.8,152.4,2.4,0.4,0.2,0.2,142.0,0.426141363278988,0.5238095238095238
Joby Sanchez,37.8,49.6,0.4,28.4,8.8,0.6,31.8,2.8,3.2,116.0,128.4,0.8,0.4,0.2,0.2,48.6,0.3016261800724386,0.3333333333333333
Jocelyn Jones-Lybarger,43.0,60.666666666666664,0.3333333333333333,30.0,5.666666666666667,7.333333333333333,38.666666666666664,3.3333333333333335,1.0,138.0,158.33333333333334,1.3333333333333333,0.0,0.0,0.0,84.66666666666667,0.29914211710101574,0.3333333333333333
Jodie Esquibel,61.5,68.25,0.75,40.0,18.25,3.25,54.0,6.0,1.5,196.0,203.0,3.5,0.0,0.0,0.0,94.25,0.33143635639538027,0.09375
Joe Brammer,20.0,28.0,0.5,10.0,7.0,3.0,16.0,4.0,0.0,63.0,71.5,1.0,0.0,0.0,0.0,18.5,0.25184456468273486,0.5
Joe Charles,1.0,1.0,0.0,0.0,0.5,0.5,1.0,0.0,0.0,1.0,1.5,0.0,0.0,0.0,0.5,0.0,1.0,0.0
Joe Doerksen,14.0,44.2,0.4,9.8,2.6,1.6,11.0,1.6,1.4,29.8,62.0,1.8,0.0,1.8,0.2,109.6,0.6044458174048474,0.3
Joe Duffy,21.6,25.6,0.8,13.0,4.6,4.0,19.2,0.6,1.8,64.0,68.6,1.2,0.2,0.2,0.2,69.8,0.3825182064312499,0.7777777777777777
Joe Ellenberger,23.0,42.5,3.0,15.0,6.0,2.0,9.0,7.0,7.0,48.5,72.0,7.5,0.0,1.0,0.0,264.0,0.4972972972972973,0.44999999999999996
Joe Giannetti,29.0,61.0,1.0,3.0,11.0,15.0,27.0,2.0,0.0,75.0,108.0,6.0,0.0,0.0,0.0,170.0,0.38666666666666666,0.16666666666666666
Joe Jordan,20.0,31.0,0.0,6.0,0.0,14.0,12.0,6.0,2.0,78.0,89.0,0.0,0.0,0.0,0.0,67.0,0.2564102564102564,0.0
Joe Lauzon,28.0,37.4,1.4,24.8,3.0,0.2,14.6,5.0,8.4,63.6,73.4,2.6,0.0,0.4,0.0,126.0,0.42310207077225287,0.4285714285714286
Joe Merritt,23.0,34.0,0.0,16.0,3.0,4.0,4.0,8.0,11.0,39.0,50.0,2.0,0.0,0.0,3.0,151.0,0.5897435897435898,0.0
Joe Moreira,9.5,44.0,1.5,6.0,1.0,2.5,4.5,1.5,3.5,18.5,54.0,3.0,0.0,0.0,0.0,0.0,0.6031746031746031,0.5
Joe Pardo,4.0,10.0,0.0,2.0,2.0,0.0,3.0,1.0,0.0,11.0,17.0,5.0,0.0,1.0,0.0,0.0,0.36363636363636365,0.0
Joe Proctor,24.8,26.0,0.0,14.4,4.8,5.6,20.8,2.8,1.2,67.6,69.0,0.0,0.2,0.6,0.0,7.2,0.41154397079034755,0.0
Joe Pyfer,37.8,40.0,0.8,25.0,9.4,3.4,35.4,1.0,1.4,89.2,92.0,3.2,0.8,0.8,0.0,57.0,0.5374709677419355,0.3125
Joe Riggs,12.2,19.8,1.0,10.0,1.2,1.0,5.8,1.8,4.6,21.0,28.8,1.0,0.2,0.0,0.0,103.6,0.5851092896174863,1.0
Joe Slick,5.0,11.5,0.5,3.5,1.5,0.0,1.0,1.0,3.0,9.0,15.5,1.0,0.0,2.0,0.5,84.5,0.75,0.5
Joe Solecki,15.2,45.6,1.0,13.6,0.4,1.2,12.8,0.6,1.8,35.6,71.4,2.4,0.0,1.6,0.0,185.0,0.5391565355282035,0.4833333333333333
Joe Son,0.0,4.0,1.0,0.0,0.0,0.0,0.0,0.0,0.0,0.0,4.0,1.0,0.0,1.0,0.0,0.0,0.0,1.0
Joe Soto,20.8,32.8,0.6,17.4,1.4,2.0,16.2,0.6,4.0,50.6,66.6,2.2,0.0,1.0,0.0,87.4,0.580866085372202,0.42857142857142855
Joe Stevenson,16.0,23.2,1.4,12.6,2.0,1.4,10.0,1.0,5.0,44.8,53.2,4.4,0.0,1.4,0.0,174.8,0.33836552733019404,0.27976190476190477
Joe Vedepo,5.5,10.0,0.5,4.5,1.0,0.0,1.5,4.0,0.0,10.5,15.0,2.0,0.0,0.0,0.0,43.0,0.5555555555555556,0.5
Joe Veres,0.0,0.0,0.0,0.0,0.0,0.0,0.0,0.0,0.0,5.0,5.0,5.0,0.0,0.0,0.0,9.5,0.0,0.0
Joel Alvarez,50.6,88.2,0.2,36.2,10.8,3.6,35.8,6.8,8.0,79.6,125.4,0.6,0.2,0.6,0.0,106.2,0.6736887099865824,0.3333333333333333
Joey Beltran,53.8,99.6,0.6,32.2,13.8,7.8,31.0,20.6,2.2,168.0,219.2,2.8,0.0,0.0,0.0,220.0,0.33343604908512037,0.25
Joey Gambino,22.0,32.0,0.0,12.0,5.0,5.0,18.5,1.5,2.0,62.0,72.0,3.0,0.0,0.5,0.0,31.5,0.345565749235474,0.0
Joey Gilbert,3.0,11.0,0.0,0.0,2.0,1.0,1.0,2.0,0.0,7.0,15.0,1.0,0.0,0.0,0.0,6.0,0.42857142857142855,0.0
Joey Gomez,29.5,42.5,0.5,18.0,4.5,7.0,23.5,6.0,0.0,103.5,117.0,0.5,0.5,0.0,0.0,19.5,0.26739850869925436,1.0
Joey Roberts,17.0,33.0,1.0,14.0,3.0,0.0,0.0,2.0,15.0,42.0,60.0,2.0,0.0,2.0,1.0,0.0,0.40476190476190477,0.5
John Albert,13.4,23.4,0.0,8.8,3.2,1.4,6.8,3.0,3.6,27.0,37.8,0.6,0.2,1.8,0.2,42.0,0.4529233511586453,0.0
John Alessio,19.8,39.0,0.4,16.0,2.2,1.6,16.4,3.0,0.4,66.2,86.8,2.2,0.0,0.6,0.2,77.6,0.33517967389424924,0.1
John Allan,53.666666666666664,67.0,1.6666666666666667,32.0,8.666666666666666,13.0,45.0,3.6666666666666665,5.0,134.33333333333334,153.66666666666666,2.3333333333333335,0.0,1.0,0.0,81.66666666666667,0.3914347365776629,0.8333333333333333
John Campetella,5.0,8.0,0.0,3.0,1.0,1.0,0.0,5.0,0.0,7.0,10.0,1.0,0.0,0.0,0.0,0.0,0.7142857142857143,0.0
John Castaneda,61.8,80.0,2.2,32.8,11.8,17.2,56.4,3.4,2.0,114.6,135.6,5.2,0.4,0.0,0.0,188.0,0.5265330891923894,0.515
John Cholish,31.0,36.333333333333336,0.6666666666666666,21.333333333333332,2.6666666666666665,7.0,23.666666666666668,1.6666666666666667,5.666666666666667,63.333333333333336,69.0,4.333333333333333,0.0,0.0,0.6666666666666666,76.66666666666667,0.4596306471306471,0.1111111111111111
John Cofer,33.5,48.0,1.0,19.5,10.0,4.0,25.5,6.0,2.0,80.0,97.0,2.0,0.0,0.0,1.5,117.0,0.4409296861889579,0.5
John Dodson,42.6,48.0,0.4,25.6,11.8,5.2,38.4,3.2,1.0,108.0,113.6,1.8,0.4,0.0,0.0,31.8,0.39789227081947,0.125
John Dowdy,0.0,2.0,0.0,0.0,0.0,0.0,0.0,0.0,0.0,4.0,7.0,0.0,0.0,0.0,0.0,0.0,0.0,0.0
John Gunderson,15.666666666666666,42.333333333333336,1.6666666666666667,10.0,3.3333333333333335,2.3333333333333335,6.666666666666667,1.3333333333333333,7.666666666666667,57.0,86.0,5.0,0.0,2.0,0.0,273.3333333333333,0.24722796380506176,0.5
John Gunther,14.0,47.5,4.0,11.0,1.0,2.0,10.5,2.5,1.0,37.0,78.0,9.5,0.0,0.0,0.0,335.0,0.3568075117370892,0.42105263157894735
John Halverson,22.5,59.5,0.0,14.5,6.0,2.0,14.5,6.5,1.5,52.0,91.0,0.0,0.0,1.0,0.0,30.5,0.46568627450980393,0.0
John Hathaway,39.4,113.0,1.4,25.8,8.8,4.8,26.4,5.4,7.6,114.0,203.0,4.6,0.2,0.8,0.0,216.4,0.3422626390970842,0.29047619047619044
John Howard,31.0,56.0,1.2,16.2,5.2,9.6,21.0,9.6,0.4,55.2,82.0,2.0,0.2,0.0,0.0,108.2,0.5758465154691569,0.5
John Kolosci,1.0,12.0,0.0,1.0,0.0,0.0,0.0,0.0,1.0,5.0,23.0,2.0,0.0,0.0,0.0,203.0,0.2,0.0
John Lewis,10.0,17.0,0.5,9.0,1.0,0.0,5.5,4.5,0.0,31.0,39.0,0.5,0.0,0.0,0.0,99.5,0.16393442622950818,1.0
John Lineker,83.2,91.4,0.4,44.0,31.4,7.8,73.6,5.0,4.6,214.4,223.6,0.8,0.4,0.4,0.0,39.0,0.4026330472005572,0.5
John Lober,4.0,11.0,3.0,3.0,0.0,1.0,1.0,0.0,3.0,11.0,18.0,4.0,0.0,1.0,0.0,0.0,0.36363636363636365,0.75
John Maguire,19.6,48.0,2.6,14.8,2.4,2.4,12.8,3.0,3.8,47.2,78.2,5.6,0.0,1.0,0.2,293.6,0.5180091086970054,0.48571428571428565
John Makdessi,84.0,89.2,0.0,35.0,19.4,29.6,80.4,3.6,0.0,175.2,181.2,0.2,0.0,0.0,0.0,3.0,0.4851966524795185,0.0
John Marsh,18.0,40.0,1.0,8.0,6.0,4.0,5.0,9.0,4.0,35.0,58.0,1.0,1.0,1.0,0.0,161.0,0.5142857142857142,1.0
John Matua,0.0,0.0,0.0,0.0,0.0,0.0,0.0,0.0,0.0,0.0,0.0,0.0,0.0,0.0,0.0,0.0,0.0,0.0
John Moraga,31.4,42.2,0.6,22.2,5.8,3.4,18.8,3.2,9.4,67.6,80.2,2.0,0.2,1.2,0.4,134.6,0.5068125552608311,0.3
John Phillips,18.8,21.6,0.0,8.4,5.4,5.0,16.2,2.0,0.6,54.6,58.2,0.0,0.4,0.0,0.2,17.4,0.43003075871496926,0.0
John Polakowski,1.0,4.0,0.0,1.0,0.0,0.0,1.0,0.0,0.0,23.0,28.0,0.0,0.0,1.0,0.0,21.0,0.043478260869565216,0.0
John Salter,10.333333333333334,21.0,1.3333333333333333,9.0,1.0,0.3333333333333333,8.333333333333334,1.6666666666666667,0.3333333333333333,43.666666666666664,56.333333333333336,3.3333333333333335,0.0,0.0,0.0,85.33333333333333,0.30987993487993487,0.4166666666666667
John Teixeira,52.0,59.0,1.0,19.0,19.0,14.0,39.0,13.0,0.0,140.0,147.0,6.0,0.0,0.0,0.0,105.0,0.37142857142857144,0.16666666666666666
John Yannis,0.0,2.0,0.0,0.0,0.0,0.0,0.0,0.0,0.0,5.0,9.0,0.0,0.0,0.0,0.0,0.0,0.0,0.0
Johnny Bedford,20.8,26.8,0.2,14.0,5.4,1.4,13.8,2.4,4.6,45.6,52.6,0.4,0.4,0.0,0.2,98.6,0.5402752718019894,0.5
Johnny Case,60.0,74.8,1.8,35.2,13.8,11.0,44.4,3.6,12.0,146.6,165.4,3.8,0.2,0.0,0.6,229.0,0.41522350760732946,0.3845238095238095
Johnny Eduardo,22.8,25.2,0.2,11.8,2.2,8.8,19.8,0.8,2.2,51.0,53.4,0.4,0.2,0.2,0.0,21.8,0.42547195114991726,0.5
Johnny Munoz,23.8,47.0,1.8,14.8,5.6,3.4,21.8,1.2,0.8,76.0,107.2,5.4,0.0,1.4,0.0,126.4,0.2964985250181006,0.33106060606060606
Johnny Rees,21.5,29.5,0.5,10.5,8.0,3.0,3.0,13.5,5.0,33.5,42.0,2.0,0.0,0.0,0.0,197.5,0.5794871794871794,0.25
Johnny Rhodes,9.333333333333334,33.0,0.3333333333333333,7.666666666666667,0.3333333333333333,1.3333333333333333,2.6666666666666665,0.6666666666666666,6.0,18.333333333333332,44.333333333333336,0.3333333333333333,0.3333333333333333,0.3333333333333333,0.0,0.0,0.5132597100142738,1.0
Johnny Walker,39.0,41.6,0.2,16.0,3.4,19.6,29.8,1.6,7.6,78.0,82.0,0.6,0.2,0.0,0.0,22.4,0.5073054930922284,0.5
Johny Hendricks,35.2,49.6,1.4,21.0,3.4,10.8,28.4,5.2,1.6,85.6,101.4,3.2,0.0,0.0,0.0,145.4,0.40861641896673745,0.3523809523809524
Jon Delos Reyes,17.5,22.5,1.25,11.75,3.75,2.0,8.25,5.5,3.75,45.5,51.0,1.5,0.5,0.75,0.25,126.5,0.39852714783749266,0.9166666666666666
Jon Fitch,32.8,102.6,3.8,23.2,5.6,4.0,5.6,7.4,19.8,57.2,138.2,6.2,0.0,0.6,0.6,338.6,0.4186251831289999,0.6161616161616162
Jon Hess,17.0,30.0,0.0,7.0,10.0,0.0,6.0,6.0,5.0,28.0,41.0,0.0,0.0,0.0,0.0,0.0,0.6071428571428571,0.0
Jon Jones,77.8,103.2,1.6,31.8,19.4,26.6,55.8,8.0,14.0,110.4,137.8,4.2,0.2,0.2,0.0,233.4,0.6674574525479094,0.5194444444444445
Jon Madsen,28.0,45.6,1.0,20.0,3.6,4.4,16.0,6.8,5.2,68.2,87.4,1.4,0.0,0.0,0.0,128.0,0.4637310552107975,0.6875
Jon Manley,17.0,35.0,1.0,12.0,2.0,3.0,12.0,5.0,0.0,85.0,112.0,13.0,0.0,0.0,0.0,328.0,0.2,0.07692307692307693
Jon Olav Einemo,32.5,60.5,0.5,23.0,6.5,3.0,20.0,11.5,1.0,56.5,86.0,2.0,0.0,0.0,0.5,58.5,0.6033222591362126,0.25
Jon Tuck,29.0,37.2,0.0,16.4,6.8,5.8,24.2,1.6,3.2,77.2,85.6,0.6,0.4,0.6,0.0,66.2,0.42810733673692514,0.0
Jonathan Brookins,25.2,31.4,1.2,19.6,4.6,1.0,10.8,8.0,6.4,56.4,63.6,7.6,0.0,0.2,0.0,241.2,0.4713291875953146,0.35615384615384615
Jonathan Goulet,9.6,17.4,1.6,6.8,1.2,1.6,5.6,1.8,2.2,22.8,31.6,2.0,0.4,0.2,0.0,97.4,0.42258201357466063,0.7
Jonathan Martinez,47.2,61.8,0.0,24.0,6.8,16.4,38.2,5.6,3.4,88.2,104.4,0.8,0.8,0.2,0.2,147.0,0.5609128587765092,0.0
Jonathan Meunier,45.0,72.5,0.5,24.5,7.0,13.5,31.5,8.0,5.5,89.0,119.0,1.5,0.0,0.0,0.0,39.5,0.5865357643758766,0.3333333333333333
Jonathan Micallef,85.0,89.0,0.0,52.0,28.0,5.0,83.0,2.0,0.0,192.0,197.0,0.0,1.0,0.0,0.0,9.0,0.4427083333333333,0.0
Jonathan Pearce,54.6,99.6,2.4,39.6,9.0,6.0,26.2,11.8,16.6,96.2,149.4,6.0,0.0,0.2,0.6,232.6,0.7231854778366407,0.4232142857142857
Jonathan Wiezorek,10.0,37.0,1.0,10.0,0.0,0.0,0.0,2.0,8.0,10.0,37.0,4.0,0.0,0.0,0.0,112.0,1.0,0.25
Jonathan Wilson,29.25,31.0,0.25,21.75,5.25,2.25,23.75,3.5,2.0,60.75,62.5,0.25,0.5,0.0,0.0,35.25,0.46209027227068467,1.0
Jonavin Webb,22.0,34.5,2.5,16.0,5.0,1.0,15.5,4.5,2.0,72.0,86.5,8.0,0.5,1.0,0.0,106.5,0.30800542740841247,0.3125
Jonny Parsons,63.0,69.0,0.0,42.0,12.0,9.0,51.0,7.0,5.0,124.0,133.0,0.0,2.0,0.0,0.0,86.0,0.5080645161290323,0.0
JooSang Yoo,18.5,28.5,0.0,9.5,2.5,6.5,17.5,0.5,0.5,31.5,41.5,0.0,0.5,0.0,0.0,0.0,0.6568181818181817,0.0
Jordan Espinosa,39.2,53.4,0.4,23.8,6.8,8.6,25.8,9.2,4.2,78.2,94.0,1.0,0.0,0.0,0.0,33.4,0.4993805087138421,0.2222222222222222
Jordan Griffin,33.8,45.8,1.4,29.2,4.2,0.4,25.4,2.2,6.2,71.0,84.8,3.8,0.0,1.6,1.0,226.6,0.49697674527222374,0.36428571428571427
Jordan Johnson,43.75,96.0,2.75,38.0,3.25,2.5,29.5,2.0,12.25,91.75,157.0,6.5,0.0,1.0,0.0,334.25,0.5193038088921608,0.5162878787878789
Jordan Leavitt,21.2,38.0,1.2,4.4,5.4,11.4,17.4,2.6,1.2,33.4,53.8,4.0,0.2,0.2,0.2,159.8,0.724025974025974,0.21666666666666665
Jordan Mein,34.4,49.0,2.0,21.8,4.4,8.2,25.4,2.6,6.4,76.6,93.6,3.8,0.0,0.4,0.4,229.8,0.4605907012108818,0.5666666666666667
Jordan Radev,10.5,25.0,0.0,6.0,1.0,3.5,8.5,1.5,0.5,45.5,60.0,0.0,0.0,0.0,0.0,22.5,0.36235955056179775,0.0
Jordan Rinaldi,16.2,37.0,1.0,7.8,2.2,6.2,13.6,0.2,2.4,46.0,69.2,2.8,0.0,0.8,0.2,191.8,0.407261273209549,0.3452380952380952
Jordan Vucenic,25.0,51.5,0.5,18.0,5.5,1.5,18.0,4.5,2.5,55.5,85.5,3.5,0.5,0.0,0.0,142.0,0.5076923076923077,0.25
Jordan Williams,21.666666666666668,33.0,0.3333333333333333,16.0,2.6666666666666665,3.0,18.666666666666668,3.0,0.0,61.0,75.33333333333333,1.6666666666666667,0.0,0.0,0.0,65.0,0.3725170068027211,0.3333333333333333
Jordan Wright,22.4,67.2,1.0,13.4,7.4,1.6,9.4,8.6,4.4,38.0,85.8,2.0,0.2,0.2,0.0,88.4,0.697271732332708,0.3666666666666667
Jorge Gurgel,52.4,87.6,1.0,36.6,5.4,10.4,32.0,9.4,11.0,141.0,182.0,2.4,0.0,0.0,0.4,291.0,0.36292207143062816,0.48333333333333334
Jorge Lopez,37.0,51.5,3.5,26.5,5.5,5.0,17.5,8.5,11.0,62.0,79.5,8.5,0.0,0.0,0.5,452.5,0.5956284153005464,0.6428571428571428
Jorge Masvidal,63.0,85.0,0.2,33.2,15.4,14.4,42.0,12.0,9.0,117.4,143.2,0.2,0.4,0.0,0.0,88.4,0.5313990054638099,1.0
Jorge Patino,19.0,21.0,1.0,5.0,1.0,13.0,16.0,2.0,1.0,88.0,90.0,6.0,0.0,1.0,0.0,0.0,0.2159090909090909,0.16666666666666666
Jorge Rivera,26.8,61.0,0.2,20.8,4.4,1.6,9.8,8.0,9.0,68.2,112.2,0.4,0.8,0.0,0.4,178.4,0.3584950787281531,0.5
Jorge Santiago,19.0,26.2,0.2,10.8,5.4,2.8,13.2,5.2,0.6,58.6,66.8,1.4,0.0,0.6,0.2,54.2,0.3467783196611177,0.25
Jorge de Oliveira,11.5,36.5,0.0,5.0,4.0,2.5,8.0,3.5,0.0,36.0,65.0,0.0,0.0,0.0,0.0,0.0,0.16911764705882354,0.0
Jose Aldo,64.0,78.4,0.2,39.6,17.0,7.4,58.6,2.4,3.0,130.2,149.4,0.8,0.6,0.2,0.0,130.6,0.4996731137920065,0.16666666666666666
Jose Daniel Medina,19.333333333333332,27.666666666666668,0.3333333333333333,10.333333333333334,4.666666666666667,4.333333333333333,18.666666666666668,0.3333333333333333,0.3333333333333333,44.0,53.0,0.6666666666666666,0.0,0.0,0.0,24.0,0.4358613158613158,0.5
Jose Delgado,54.666666666666664,57.333333333333336,0.0,37.666666666666664,14.333333333333334,2.6666666666666665,39.333333333333336,5.333333333333333,10.0,94.33333333333333,97.33333333333333,1.0,1.0,0.0,0.0,32.666666666666664,0.6402560083594566,0.0
Jose Johnson,21.0,55.75,0.5,13.0,5.25,2.75,10.75,2.75,7.5,38.75,78.25,0.75,0.0,0.5,0.5,92.75,0.5148809523809523,0.75
Jose Maria,31.0,40.0,1.5,11.0,4.0,16.0,23.5,6.0,1.5,58.0,68.0,5.5,0.0,1.5,0.0,64.5,0.5326388888888889,0.26666666666666666
Jose Ochoa,35.333333333333336,76.33333333333333,0.3333333333333333,13.0,11.0,11.333333333333334,30.0,4.333333333333333,1.0,94.0,142.0,0.6666666666666666,0.3333333333333333,1.0,0.0,35.0,0.42466010314111574,0.5
Jose Quinonez,37.2,41.4,1.4,14.4,6.2,16.6,30.4,2.4,4.4,78.6,83.6,3.8,0.2,0.0,0.0,118.6,0.3962712676731368,0.4005952380952381
Jose Torres,25.5,27.5,0.5,18.0,6.0,1.5,18.5,4.5,2.5,69.0,71.0,1.5,0.0,0.0,0.5,21.0,0.36820882852292025,0.3333333333333333
Josefine Knutsson,77.0,119.66666666666667,1.0,45.666666666666664,19.666666666666668,11.666666666666666,53.0,11.333333333333334,12.666666666666666,142.33333333333334,192.33333333333334,1.3333333333333333,0.0,0.0,0.3333333333333333,256.3333333333333,0.5379121646795827,0.75
Joselyne Edwards,36.4,83.4,2.0,18.6,8.8,9.0,30.0,3.0,3.4,65.2,120.4,3.6,0.2,0.8,0.8,230.6,0.5520237691413065,0.5491071428571428
Joseph Benavidez,36.2,47.6,1.4,16.6,10.8,8.8,31.8,3.4,1.0,80.2,93.4,2.8,0.4,0.0,0.4,108.0,0.47810204512205584,0.2916666666666667
Joseph Gigliotti,10.0,15.0,1.0,6.0,3.0,1.0,5.5,4.0,0.5,25.5,30.5,1.0,0.0,0.5,0.0,48.5,0.36693548387096775,1.0
Joseph Holmes,26.0,29.5,0.5,13.25,5.75,7.0,20.5,3.75,1.75,45.0,48.75,1.25,0.25,0.25,0.25,101.25,0.6130931510051426,0.5
Joseph Morales,15.8,22.0,0.6,10.0,4.6,1.2,8.8,2.2,4.8,39.0,47.2,1.4,0.2,1.6,0.2,80.4,0.41995528310826813,0.4666666666666666
Joseph Sandoval,1.5,1.5,0.0,1.5,0.0,0.0,1.5,0.0,0.0,3.5,3.5,0.0,0.0,0.0,0.0,0.0,0.375,0.0
Josh Barnett,53.0,80.2,0.2,33.6,18.0,1.4,20.4,27.6,5.0,80.0,109.6,0.8,0.2,0.2,0.2,200.8,0.6543477416640597,0.16666666666666666
Josh Bryant,9.0,9.0,0.0,7.0,1.0,1.0,9.0,0.0,0.0,45.0,45.0,2.0,0.0,0.0,0.0,0.0,0.2,0.0
Josh Clopton,24.0,70.5,2.0,11.0,7.0,6.0,10.0,10.0,4.0,37.5,87.0,3.0,0.0,0.0,0.0,332.0,0.5390818858560794,0.6666666666666666
Josh Copeland,14.5,19.5,0.0,10.0,4.0,0.5,9.5,5.0,0.0,46.0,51.0,0.0,0.0,0.0,0.0,5.0,0.3035714285714286,0.0
Josh Culibao,49.4,61.2,0.0,31.6,8.8,9.0,43.6,2.6,3.2,108.8,121.8,1.2,0.6,0.2,0.0,51.0,0.43734393903174534,0.0
Josh Emmett,30.4,34.0,1.0,18.0,7.4,5.0,28.4,0.4,1.6,102.0,108.0,3.0,0.2,0.0,0.0,83.8,0.2987590278573885,0.3068181818181818
Josh Ferguson,27.0,41.5,0.5,18.5,7.0,1.5,21.0,3.5,2.5,61.5,79.5,4.5,0.0,0.0,0.5,265.5,0.4469496021220159,0.0625
Josh Fremd,28.4,46.4,0.4,13.6,8.2,6.6,24.0,3.2,1.2,67.0,86.8,2.2,0.0,0.8,0.4,160.8,0.473436184913008,0.25
Josh Grispi,10.0,19.0,1.75,3.5,2.5,4.0,7.5,1.25,1.25,26.75,36.0,4.0,0.0,1.0,0.0,120.0,0.4085452338359315,0.5074074074074074
Josh Haynes,13.333333333333334,21.0,0.6666666666666666,8.0,3.3333333333333335,2.0,7.333333333333333,3.0,3.0,59.333333333333336,68.0,3.6666666666666665,0.3333333333333333,0.0,0.3333333333333333,82.0,0.25166516651665166,0.13888888888888887
Josh Hendricks,1.0,6.0,0.0,1.0,0.0,0.0,0.0,1.0,0.0,5.0,10.0,0.0,0.0,0.0,0.0,0.0,0.2,0.0
Josh Hokit,9.0,11.0,0.0,9.0,0.0,0.0,7.0,1.0,1.0,17.0,19.0,0.0,2.0,0.0,0.0,8.0,0.5294117647058824,0.0
Josh Koscheck,10.2,19.4,0.8,6.8,3.0,0.4,5.6,2.4,2.2,33.8,43.6,3.4,0.0,0.0,0.0,147.4,0.31391920813269125,0.25
Josh Neer,36.0,49.8,0.2,26.2,7.4,2.4,23.4,12.6,0.0,73.2,88.0,1.0,0.0,0.4,0.0,28.8,0.4480591218612569,0.1111111111111111
Josh Parisian,23.4,41.2,0.8,13.8,6.6,3.0,17.0,2.8,3.6,52.6,78.8,1.6,0.0,0.0,0.0,59.0,0.47926203906776693,0.4166666666666667
Josh Quinlan,36.25,36.25,0.25,18.75,7.5,10.0,35.25,0.5,0.5,89.0,89.0,2.25,0.25,0.0,0.0,13.75,0.3736483134920635,0.0625
Josh Rafferty,1.0,2.0,0.0,0.0,1.0,0.0,1.0,0.0,0.0,3.0,4.0,1.0,0.0,1.0,0.0,0.0,0.3333333333333333,0.0
Josh Samman,17.2,37.4,0.6,6.8,7.0,3.4,7.2,7.2,2.8,32.6,55.2,1.8,0.4,0.2,0.2,146.4,0.5265541334726394,0.3333333333333333
Josh Sampo,21.25,48.5,0.75,11.5,5.75,4.0,16.0,2.5,2.75,58.25,86.75,2.25,0.0,1.5,0.25,107.25,0.344606186723724,0.5714285714285714
Josh Shockley,14.0,23.5,0.0,10.0,3.5,0.5,8.5,4.0,1.5,42.0,53.5,1.0,0.0,0.5,0.0,57.0,0.4027777777777778,0.0
Josh Shockman,13.0,50.0,0.0,1.0,2.0,10.0,13.0,0.0,0.0,40.0,83.0,0.0,0.0,0.0,0.0,26.0,0.325,0.0
Josh Stansbury,33.666666666666664,80.33333333333333,0.0,23.0,5.666666666666667,5.0,21.333333333333332,7.333333333333333,5.0,61.666666666666664,110.0,1.6666666666666667,0.0,0.6666666666666666,0.0,240.33333333333334,0.48296044557726797,0.0
Josh Thomson,29.2,38.0,1.6,14.4,7.2,7.6,20.2,5.8,3.2,74.2,83.8,5.2,0.2,0.0,0.0,164.2,0.4261075102653539,0.43939393939393934
Joshua Burkman,20.6,21.4,0.8,6.4,3.6,10.6,18.4,2.2,0.0,51.0,51.8,2.4,0.0,0.0,0.0,57.2,0.5408380851679822,0.1875
Joshua Van,134.2,170.4,0.6,99.0,22.6,12.6,116.8,10.4,7.0,224.6,264.0,0.6,0.8,0.0,0.0,81.2,0.5971799811901979,1.0
Joshua Weems,18.0,22.0,2.0,9.0,6.0,3.0,12.0,6.0,0.0,26.0,32.0,3.0,0.0,0.0,0.0,63.0,0.6923076923076923,0.6666666666666666
Josiane Nunes,66.0,71.6,0.0,45.6,14.0,6.4,57.0,7.2,1.8,151.6,157.8,0.2,0.4,0.0,0.0,39.8,0.4350057319090602,0.0
Josias Musasa,28.0,37.5,0.5,14.5,3.5,10.0,20.0,8.0,0.0,60.0,74.5,1.5,0.0,0.0,0.0,31.0,0.4512504530627039,0.25
Journey Newson,20.6,26.6,0.4,9.2,6.4,5.0,18.2,0.6,1.8,62.0,70.0,2.2,0.2,0.0,0.0,22.0,0.34529862262429944,0.2222222222222222
Juan Adams,44.25,59.5,0.5,34.0,7.75,2.5,24.5,10.75,9.0,86.75,102.5,0.75,0.0,0.0,0.0,90.5,0.5249987812487813,0.5
Juan Espino,14.666666666666666,36.333333333333336,3.6666666666666665,12.0,2.0,0.6666666666666666,3.0,3.0,8.666666666666666,20.666666666666668,45.666666666666664,4.666666666666667,0.0,1.0,0.0,177.0,0.6967371929008758,0.8380952380952381
Juan Manuel Puig,6.5,6.5,0.0,2.0,0.5,4.0,6.5,0.0,0.0,27.5,27.5,0.0,0.0,0.0,0.0,0.0,0.12745098039215685,0.0
Juancamilo Ronderos,6.0,29.0,0.5,2.5,1.0,2.5,4.5,1.5,0.0,19.5,44.5,1.5,0.0,0.0,0.0,41.0,0.24330357142857142,0.5
Jules Bruchez,1.0,3.0,0.0,0.0,0.0,1.0,0.0,1.0,0.0,2.0,4.0,0.0,0.0,0.0,0.0,0.0,0.5,0.0
Julia Avila,30.0,50.4,0.6,17.4,5.0,7.6,25.8,3.2,1.0,69.4,95.8,1.4,0.0,0.2,0.4,85.8,0.42646174914540735,0.5833333333333334
Julia Polastri,94.0,121.75,0.75,55.25,27.5,11.25,74.5,13.25,6.25,167.75,200.5,1.0,0.0,0.25,0.0,133.0,0.562286908085125,0.5
Julian Erosa,35.4,43.8,0.8,26.4,5.6,3.4,25.8,5.2,4.4,73.8,86.6,2.4,0.0,0.4,0.0,60.6,0.504986718879347,0.43333333333333335
Julian Marquez,38.8,42.4,0.0,29.6,6.0,3.2,28.4,6.6,3.8,77.4,82.4,0.2,0.2,0.4,0.0,9.2,0.5811810576669986,0.0
Julian Sanchez,0.0,0.0,0.0,0.0,0.0,0.0,0.0,0.0,0.0,0.0,0.0,0.0,0.0,0.0,0.0,0.0,0.0,0.0
Juliana Lima,29.4,62.6,1.8,14.0,7.8,7.6,12.2,10.4,6.8,61.4,98.8,3.4,0.0,0.0,0.4,278.0,0.46114867680884186,0.5
Juliana Miller,32.5,59.5,1.75,22.25,7.75,2.5,20.25,4.5,7.75,73.5,108.0,4.5,0.0,1.0,0.0,294.5,0.4337602382725242,0.3333333333333333
Julianna Pena,55.6,99.6,0.8,48.0,7.4,0.2,50.4,2.8,2.4,131.0,184.6,1.2,0.0,0.8,0.0,108.0,0.4257283457283457,0.6666666666666666
Julie Kedzie,41.0,77.0,1.0,18.5,14.5,8.0,33.0,8.0,0.0,131.0,170.5,4.5,0.0,0.0,0.0,148.5,0.3293718166383701,0.2222222222222222
Julija Stoliarenko,20.8,24.0,0.8,10.0,4.8,6.0,18.8,2.0,0.0,57.0,61.8,3.2,0.0,1.0,0.0,71.2,0.41430487339058475,0.5066666666666666
Julio Arce,47.4,51.4,0.2,33.2,10.4,3.8,45.0,2.4,0.0,132.2,138.6,0.8,0.4,0.0,0.0,11.2,0.3182062359117762,0.16666666666666666
Julio Paulino,14.5,35.0,0.0,8.0,5.5,1.0,9.0,3.5,2.0,52.0,73.5,0.0,0.0,0.5,0.5,96.5,0.2799539170506912,0.0
Julius Walker,65.0,105.0,3.5,31.5,21.0,12.5,34.5,19.5,11.0,116.5,160.0,9.5,0.5,0.0,0.0,518.5,0.6063006979815129,0.3555555555555555
Jumabieke Tuerxun,17.0,26.333333333333332,0.3333333333333333,10.333333333333334,3.6666666666666665,3.0,13.333333333333334,2.3333333333333335,1.3333333333333333,58.666666666666664,69.66666666666667,3.0,0.0,0.6666666666666666,0.0,38.333333333333336,0.3375945653852092,0.1111111111111111
JunYong Park,59.8,87.2,0.8,47.2,6.6,6.0,52.0,2.2,5.6,114.8,156.4,3.0,0.2,0.8,0.4,221.4,0.5067816989675954,0.19444444444444442
Junie Browning,16.0,19.5,1.0,10.5,3.0,2.5,13.0,1.5,1.5,33.0,37.0,1.5,0.0,1.0,0.5,126.0,0.4126984126984127,0.5
Junior Albini,23.2,32.0,0.6,14.0,5.4,3.8,18.0,4.4,0.8,45.4,54.4,1.6,0.2,0.0,0.0,89.8,0.5635963407661521,0.4444444444444444
Junior Assuncao,28.6,57.0,1.4,19.2,5.8,3.6,12.2,6.0,10.4,45.6,78.2,5.8,0.2,0.4,0.2,238.6,0.5163383614315291,0.26041666666666663
Junior Dos Santos,14.8,15.0,0.0,6.2,5.2,3.4,13.0,1.2,0.6,34.0,34.2,0.2,0.2,0.0,0.0,2.2,0.45168831168831164,0.0
Junior Tafa,23.8,26.8,0.0,20.4,3.2,0.2,19.0,3.0,1.8,42.8,45.8,0.0,0.2,0.0,0.2,6.6,0.5668116940320888,0.0
Jussier Formiga,18.4,47.0,1.4,15.4,1.8,1.2,15.0,0.6,2.8,41.8,74.2,4.4,0.0,0.2,0.2,224.8,0.4433129596598032,0.3611111111111111
Justin Buchholz,17.8,26.6,0.0,12.6,2.8,2.4,11.2,4.6,2.0,67.0,76.8,0.2,0.2,0.4,0.4,54.2,0.27258550972836687,0.0
Justin Edwards,24.8,30.2,0.4,17.0,5.8,2.0,15.2,8.2,1.4,65.6,72.2,1.6,0.2,0.6,0.0,52.0,0.43840225563909774,0.16666666666666666
Justin Eilers,5.0,8.75,0.0,2.75,0.0,2.25,1.75,3.0,0.25,16.25,20.25,0.5,0.25,0.0,0.0,28.75,0.3759920634920635,0.0
Justin Frazier,4.0,17.0,0.0,0.0,4.0,0.0,0.0,4.0,0.0,6.0,19.0,0.0,0.0,0.0,0.0,0.0,0.6666666666666666,0.0
Justin Gaethje,68.0,73.8,0.2,43.4,11.8,12.8,56.2,10.6,1.2,120.6,127.0,1.2,0.6,0.0,0.0,22.2,0.5829632622793242,0.16666666666666666
Justin James,13.0,28.0,0.0,8.0,5.0,0.0,3.0,8.0,2.0,36.0,52.0,0.0,0.0,1.0,0.0,26.0,0.3611111111111111,0.0
Justin Jaynes,26.8,30.0,0.4,19.6,6.2,1.0,23.0,1.6,2.2,60.4,64.2,1.0,0.4,0.6,1.0,45.2,0.44960382548845745,0.3333333333333333
Justin Jones,25.5,60.0,1.0,12.0,6.0,7.5,12.5,11.0,2.0,70.5,109.0,6.5,0.0,0.5,0.0,282.0,0.3626207729468599,0.08333333333333333
Justin Lawrence,28.666666666666668,30.333333333333332,0.6666666666666666,23.333333333333332,3.6666666666666665,1.6666666666666667,26.0,1.6666666666666667,1.0,82.33333333333333,85.66666666666667,2.3333333333333335,0.3333333333333333,0.0,0.0,20.666666666666668,0.23464755077658306,0.29166666666666663
Justin Ledet,20.4,26.8,0.0,17.8,2.2,0.4,19.2,1.2,0.0,63.6,70.2,0.2,0.0,0.0,0.0,14.8,0.2811422510018915,0.0
Justin Levens,1.0,3.5,0.0,0.0,0.5,0.5,0.5,0.5,0.0,5.0,7.5,0.5,0.0,0.5,0.0,15.0,0.25,0.0
Justin McCully,18.5,57.75,1.0,14.25,1.0,3.25,8.25,5.75,4.5,48.75,93.75,2.25,0.25,0.0,0.25,308.25,0.3478557122953675,0.425
Justin Salas,22.8,26.2,0.8,14.0,4.0,4.8,15.6,5.0,2.2,54.4,57.8,4.0,0.2,0.0,0.0,33.2,0.42610985002229873,0.3333333333333333
Justin Scoggins,46.8,59.0,1.4,28.4,11.4,7.0,35.6,3.6,7.6,99.8,113.8,2.4,0.2,0.0,0.0,160.2,0.47419256690440365,0.5333333333333333
Justin Tafa,8.0,9.2,0.0,6.0,1.6,0.4,5.8,1.0,1.2,15.4,16.8,0.0,0.4,0.0,0.0,1.6,0.35481727574750827,0.0
Justin Willis,42.2,56.6,0.8,35.2,3.8,3.2,33.6,2.8,5.8,71.2,86.6,1.2,0.4,0.0,0.0,77.4,0.5127428068106789,0.625
Justin Wren,17.0,17.0,0.0,5.0,9.0,3.0,12.0,5.0,0.0,159.0,159.0,1.0,0.0,0.0,0.0,16.0,0.1069182389937107,0.0
Justine Kish,69.2,75.6,0.4,28.6,15.4,25.2,61.8,5.2,2.2,146.6,154.8,1.4,0.2,0.0,0.2,41.4,0.4828248262683849,0.3333333333333333
Jutaro Nakao,6.0,12.0,0.0,2.0,1.0,3.0,4.0,1.0,1.0,14.0,20.0,0.5,0.5,0.0,0.0,126.5,0.6,0.0
KB Bhullar,36.0,36.5,0.0,2.5,6.0,27.5,35.5,0.5,0.0,73.0,74.0,0.0,0.0,0.0,0.0,6.0,0.3338422391857506,0.0
KJ Noons,24.2,26.8,0.0,13.8,7.4,3.0,20.8,3.0,0.4,59.8,62.6,0.0,0.2,0.0,0.0,1.0,0.5029689722516835,0.0
Kaan Ofli,14.666666666666666,25.666666666666668,0.3333333333333333,5.0,5.666666666666667,4.0,8.666666666666666,6.0,0.0,31.666666666666668,44.333333333333336,2.3333333333333335,0.0,0.3333333333333333,0.0,141.33333333333334,0.6327561327561327,0.5
Kai Asakura,19.0,34.0,0.0,13.5,4.0,1.5,19.0,0.0,0.0,58.0,74.0,0.0,0.0,0.0,0.0,12.5,0.41379310344827586,0.0
Kai Kamaka,67.5,87.75,1.75,29.0,28.25,10.25,56.75,7.75,3.0,118.25,142.25,3.0,0.25,0.25,0.25,223.25,0.5706050999584509,0.5833333333333333
Kai Kara-France,51.8,67.6,0.6,28.8,9.2,13.8,46.8,1.0,4.0,128.2,145.6,1.4,0.4,0.0,0.0,20.0,0.42881091025114204,0.375
Kailin Curran,42.2,84.0,0.8,27.4,11.0,3.8,28.8,9.2,4.2,98.2,144.6,2.0,0.0,0.6,0.2,262.6,0.40185314928328975,0.5555555555555555
Kajan Johnson,33.4,37.2,0.4,15.8,8.0,9.6,24.2,1.0,8.2,72.2,76.6,0.8,0.4,0.0,0.0,64.0,0.46827494600091446,0.5
Kalib Starnes,27.8,39.8,1.0,15.2,8.4,4.2,13.8,8.6,5.4,57.2,70.2,3.0,0.0,0.4,0.2,119.8,0.5045411428519667,0.36666666666666664
Kalindra Faria,17.0,26.333333333333332,0.6666666666666666,12.666666666666666,3.0,1.3333333333333333,6.666666666666667,2.6666666666666665,7.666666666666667,30.333333333333332,43.0,1.0,0.0,0.3333333333333333,0.0,115.33333333333333,0.43585434173669463,0.75
Kamal Shalorus,13.666666666666666,18.0,0.3333333333333333,8.0,3.0,2.6666666666666665,12.333333333333334,1.0,0.3333333333333333,62.0,67.0,2.0,0.0,0.0,0.0,21.666666666666668,0.2207070707070707,0.1111111111111111
Kamaru Usman,74.0,131.0,2.8,51.6,19.2,3.2,54.6,9.0,10.4,159.6,230.0,8.4,0.4,0.0,0.0,358.4,0.48371924803124333,0.3982051282051282
Kamuela Kirk,35.333333333333336,82.0,1.0,19.333333333333332,8.666666666666666,7.333333333333333,32.0,3.0,0.3333333333333333,74.66666666666667,127.66666666666667,4.666666666666667,0.0,1.3333333333333333,0.0,158.0,0.4584054459443867,0.21428571428571427
Kanako Murata,28.666666666666668,58.333333333333336,3.0,22.0,4.666666666666667,2.0,11.0,1.6666666666666667,16.0,50.333333333333336,86.33333333333333,5.333333333333333,0.0,0.6666666666666666,0.0,441.6666666666667,0.5761319591261452,0.4259259259259259
Karine Gevorgyan,2.0,2.0,0.0,2.0,0.0,0.0,2.0,0.0,0.0,10.0,10.0,2.0,0.0,0.0,0.0,22.0,0.2,0.0
Karine Silva,28.8,55.0,1.8,12.2,7.0,9.6,21.6,5.6,1.6,68.0,103.4,3.6,0.2,1.0,0.2,187.4,0.4073720493343135,0.6619047619047619
Karl Roberson,15.8,19.0,0.2,6.2,2.6,7.0,15.2,0.6,0.0,38.8,42.2,1.2,0.0,0.2,0.0,19.4,0.4253839727523938,0.16666666666666666
Karl Williams,44.25,94.25,4.5,33.0,4.75,6.5,32.75,1.75,9.75,92.0,163.75,10.0,0.25,0.25,0.0,389.5,0.5200976595479139,0.4246794871794872
Karlos Vemola,15.0,34.8,1.4,12.8,1.0,1.2,4.6,0.6,9.8,32.8,59.4,4.8,0.0,1.0,0.2,144.2,0.4355311355311355,0.39166666666666666
Karo Parisyan,27.8,49.4,2.4,21.0,2.2,4.6,14.2,7.4,6.2,66.8,90.2,6.4,0.0,0.2,0.0,203.8,0.38804396549077397,0.37003968253968256
Karol Rosa,94.6,154.2,0.8,51.2,8.8,34.6,83.0,7.2,4.4,168.8,232.0,1.4,0.0,0.4,0.0,198.0,0.5471644074020541,0.5416666666666666
Karolina Kowalkiewicz,88.0,97.2,0.4,49.0,28.4,10.6,81.4,6.4,0.2,181.0,192.4,2.6,0.0,0.0,0.2,68.0,0.46747078228324546,0.10416666666666666
Katlyn Cerminara,80.8,92.4,0.4,50.4,22.8,7.6,72.0,8.8,0.0,225.8,238.0,2.4,0.0,0.0,0.0,78.6,0.36508794874002065,0.13888888888888887
Katsuhisa Fujii,22.5,57.5,1.0,17.5,2.5,2.5,7.5,2.5,12.5,52.0,90.0,1.5,0.5,0.0,0.0,264.5,0.4337979094076655,0.6666666666666666
Katsunori Kikuno,15.8,26.2,0.8,10.6,2.4,2.8,14.2,1.0,0.6,35.0,46.8,1.0,0.0,0.2,0.2,115.0,0.5278846153846154,0.875
Kaue Fernandes,40.75,51.75,0.75,19.5,8.25,13.0,34.0,1.75,5.0,73.5,86.0,0.75,1.0,0.0,0.0,53.0,0.5662804943006285,1.0
Kay Hansen,43.25,59.0,1.75,29.0,10.75,3.5,34.0,5.0,4.25,85.75,104.0,7.75,0.0,0.75,0.0,217.5,0.5027420599202778,0.24366883116883117
Kayla Harrison,45.333333333333336,75.0,2.0,32.333333333333336,9.0,4.0,13.333333333333334,8.0,24.0,73.0,109.33333333333333,5.333333333333333,0.0,0.6666666666666666,0.0,376.6666666666667,0.6196572658964029,0.4388888888888889
Kaynan Kruschewsky,48.5,61.5,1.5,33.5,14.5,0.5,30.5,14.0,4.0,93.5,113.0,1.5,0.0,1.0,0.0,83.5,0.41428866832092637,1.0
Kazuhiro Nakamura,10.5,16.5,1.0,3.5,5.0,2.0,4.5,6.0,0.0,27.0,33.5,5.0,0.0,0.0,0.0,53.0,0.3723702664796634,0.2
Kazuki Tokudome,29.75,73.25,1.75,21.0,3.5,5.25,19.0,5.0,5.75,72.25,132.75,4.5,0.25,0.0,0.0,326.0,0.435484598914017,0.46964285714285714
Kazula Vargas,34.5,59.0,0.25,19.25,9.5,5.75,29.5,1.5,3.5,64.0,92.25,1.0,0.0,0.25,0.5,109.5,0.579166044683286,0.16666666666666666
Kazushi Sakuraba,1.0,2.0,1.0,1.0,0.0,0.0,0.0,0.0,1.0,3.0,5.0,2.0,0.0,2.0,0.0,0.0,0.3333333333333333,0.5
Keigo Kunihara,1.0,10.0,2.0,1.0,0.0,0.0,0.0,0.0,1.0,10.0,20.0,5.0,0.0,1.0,0.0,195.0,0.1,0.4
Keiichiro Yamamiya,14.0,18.0,0.0,11.0,0.0,3.0,13.0,1.0,0.0,58.0,62.0,0.0,0.0,0.0,0.0,52.0,0.2413793103448276,0.0
Keita Nakamura,29.0,46.2,1.8,19.6,6.4,3.0,24.6,2.6,1.8,81.0,101.4,3.6,0.2,0.0,0.0,124.6,0.35952166441111033,0.44666666666666666
Keith Berish,30.5,34.5,1.0,19.5,3.0,8.0,28.5,1.5,0.5,84.0,88.0,2.5,0.0,0.0,0.0,26.0,0.3630952380952381,0.4
Keith Hackney,11.75,13.5,0.0,8.25,0.25,3.25,2.5,1.0,8.25,20.25,22.0,0.0,0.25,0.25,0.0,0.0,0.4522802197802198,0.0
Keith Jardine,39.4,42.4,0.4,24.4,4.8,10.2,31.6,5.8,2.0,126.6,129.6,1.4,0.2,0.0,0.0,49.6,0.2790044759084595,0.25
Keith Rockel,5.5,19.0,1.5,4.5,0.5,0.5,1.0,0.0,4.5,7.5,22.0,2.0,0.0,1.5,0.0,257.5,0.8,0.75
Keith Wisniewski,31.25,43.5,1.5,20.25,10.5,0.5,14.25,13.5,3.5,61.75,75.0,3.5,0.0,0.25,0.25,214.25,0.4977832735624773,0.275
Kelly Dullanty,0.0,17.0,0.0,0.0,0.0,0.0,0.0,0.0,0.0,1.0,21.0,0.0,0.0,0.0,0.0,11.0,0.0,0.0
Kelly Faszholz,60.0,104.5,0.0,38.0,17.5,4.5,48.5,10.0,1.5,124.5,172.5,1.5,0.0,0.0,0.0,53.0,0.4736074270557029,0.0
Kelvin Gastelum,60.6,64.8,0.8,38.0,10.6,12.0,56.4,1.8,2.4,134.8,139.6,1.6,0.2,0.0,0.2,63.4,0.4590180835018131,0.3333333333333333
Ken Shamrock,4.8,14.4,0.2,2.2,2.4,0.2,1.0,3.6,0.2,13.2,23.6,0.4,0.2,0.4,0.0,7.8,0.2681818181818182,0.5
Ken Stone,22.5,33.25,0.5,10.75,3.75,8.0,16.25,6.0,0.25,44.0,56.0,1.25,0.0,0.25,0.0,114.5,0.5519957983193278,0.5
Kendall Grove,15.6,49.4,0.6,8.6,5.0,2.0,6.4,7.2,2.0,47.2,83.4,1.0,0.2,1.0,0.2,60.6,0.34898218290485306,0.7777777777777777
Kenichi Yamamoto,8.0,13.333333333333334,0.0,2.0,5.666666666666667,0.3333333333333333,1.3333333333333333,0.6666666666666666,6.0,12.333333333333334,18.666666666666668,1.3333333333333333,0.0,0.3333333333333333,0.0,285.6666666666667,0.4826007326007326,0.0
Kennedy Nzechukwu,38.0,38.0,0.0,27.0,10.2,0.8,34.6,2.6,0.8,82.4,82.4,0.2,0.2,0.0,0.0,3.0,0.4374242814242814,0.0
Kenny Florian,33.8,66.2,1.4,21.2,6.8,5.8,22.6,6.2,5.0,113.2,149.4,6.4,0.2,0.6,0.0,166.0,0.29386908620779584,0.3742690058479532
Kenny Robertson,42.4,61.8,1.2,27.6,4.0,10.8,26.6,6.0,9.8,95.4,119.6,3.4,0.4,0.6,0.6,236.6,0.4803331478343515,0.49166666666666664
Kerry Schall,8.0,8.0,0.0,7.0,0.0,1.0,8.0,0.0,0.0,68.0,68.0,0.0,0.0,0.0,0.0,0.0,0.11764705882352941,0.0
Ketlen Souza,45.4,55.6,0.2,24.0,12.6,8.8,39.2,5.6,0.6,78.4,90.6,1.4,0.2,0.2,0.2,62.0,0.5851477174034342,0.16666666666666666
Ketlen Vieira,31.2,86.8,1.0,20.2,3.6,7.4,25.0,3.4,2.8,78.6,147.2,1.6,0.0,0.8,0.0,371.8,0.401549105670466,0.5
Kevin Aguilar,46.8,63.4,0.2,28.0,16.2,2.6,42.0,3.4,1.4,130.8,147.6,1.0,0.0,0.0,0.2,39.0,0.36650239678017454,0.3333333333333333
Kevin Borjas,48.0,50.75,0.0,36.25,6.25,5.5,44.75,2.5,0.75,109.5,112.25,2.5,0.25,0.0,0.25,58.0,0.41360701930822896,0.0
Kevin Burns,29.0,56.6,0.2,14.6,5.6,8.8,21.6,4.8,2.6,74.6,102.8,0.4,0.4,0.6,0.0,26.4,0.4342340115834092,0.5
Kevin Casey,28.2,40.8,0.6,16.0,6.4,5.8,17.4,3.4,7.4,54.2,67.6,2.6,0.0,0.0,0.2,172.8,0.4008628500433516,0.16666666666666666
Kevin Christian,14.0,14.0,0.0,0.0,6.0,8.0,14.0,0.0,0.0,17.0,17.0,0.0,0.0,0.0,0.0,0.0,0.8235294117647058,0.0
Kevin Croom,20.75,29.0,0.25,12.0,3.5,5.25,19.5,1.0,0.25,60.75,72.75,4.25,0.25,0.25,0.25,128.5,0.41463826910074375,0.03125
Kevin Ferguson,16.0,25.0,3.0,13.5,2.5,0.0,8.0,2.0,6.0,43.5,53.0,4.5,0.0,0.5,0.0,206.5,0.3235930735930736,0.7
Kevin Holland,48.0,79.2,0.6,28.2,8.6,11.2,30.2,11.4,6.4,97.2,131.4,1.4,0.4,0.2,0.0,46.2,0.5716444795772506,0.5625
Kevin Jackson,6.25,11.0,1.25,4.75,1.25,0.25,1.75,0.0,4.5,9.5,14.75,1.25,0.0,0.25,0.0,0.0,0.5966666666666667,1.0
Kevin Jordan,18.0,22.5,0.0,10.5,6.5,1.0,12.0,6.0,0.0,43.0,47.5,0.5,0.0,0.0,0.0,43.5,0.44253859348198965,0.0
Kevin Jousset,72.0,82.75,0.5,39.75,11.5,20.75,64.5,7.5,0.0,139.5,153.0,1.25,0.0,0.25,0.0,35.75,0.5167401085242169,0.5
Kevin Lee,31.2,39.8,2.2,23.8,6.0,1.4,27.2,1.4,2.6,80.8,90.0,5.2,0.2,0.0,0.2,225.2,0.3908513891315743,0.4900793650793651
Kevin Natividad,25.666666666666668,34.0,2.3333333333333335,19.0,5.0,1.6666666666666667,19.0,2.3333333333333335,4.333333333333333,75.33333333333333,86.33333333333333,4.666666666666667,0.3333333333333333,0.0,0.0,100.0,0.3740162506383107,0.2692307692307692
Kevin Randleman,12.0,41.0,2.2,10.6,1.2,0.2,2.8,1.8,7.4,30.6,63.0,4.0,0.0,1.0,0.0,522.4,0.45262334055173714,0.6090909090909091
Kevin Vallejos,52.0,58.0,1.0,32.0,15.0,5.0,47.0,4.5,0.5,128.0,134.5,2.5,0.5,0.0,0.0,39.5,0.4557658094775998,0.4
Khabib Nurmagomedov,68.2,102.0,4.4,58.2,7.2,2.8,38.2,0.8,29.2,144.2,182.4,9.2,0.0,1.0,0.0,516.8,0.47868699848251567,0.5355860805860806
Khadis Ibragimov,41.0,52.75,0.75,36.75,2.5,1.75,32.0,7.75,1.25,82.25,96.0,2.5,0.0,0.25,0.25,171.75,0.43632792872421033,0.3333333333333333
Khalid Murtazaliev,48.0,53.0,5.0,33.0,11.0,4.0,8.0,3.0,37.0,69.0,74.0,5.0,0.0,0.0,1.0,358.0,0.6956521739130435,1.0
Khalid Taha,26.2,43.8,0.0,17.6,4.4,4.2,21.2,1.8,3.2,89.0,107.8,0.6,0.4,0.2,0.2,25.6,0.4329814688785952,0.0
Khalil Rountree Jr.,59.6,60.4,0.0,30.6,17.4,11.6,57.2,1.8,0.6,133.6,134.8,0.0,0.6,0.0,0.0,18.2,0.4864416211413328,0.0
Khama Worthy,18.6,20.8,0.0,7.4,4.4,6.8,17.2,0.2,1.2,38.4,41.0,0.0,0.2,0.2,0.4,9.6,0.4182479592497065,0.0
Khamzat Chimaev,37.2,157.2,4.4,28.2,4.2,4.8,24.2,2.2,10.8,69.0,196.4,8.2,0.2,0.8,0.0,439.0,0.5128792236291521,0.5211764705882354
Khaos Williams,55.2,71.4,0.0,27.2,11.8,16.2,50.2,4.2,0.8,138.2,155.6,0.0,0.4,0.0,0.0,96.6,0.42868692708357015,0.0
Khusein Askhabov,30.0,40.0,0.0,15.0,7.0,8.0,25.0,5.0,0.0,114.0,127.0,6.0,0.0,0.0,2.0,58.0,0.2631578947368421,0.0
Kiefer Crosbie,16.666666666666668,22.0,0.0,8.333333333333334,3.3333333333333335,5.0,15.666666666666666,1.0,0.0,26.0,31.666666666666668,0.3333333333333333,0.0,0.0,0.0,7.666666666666667,0.6300612052730696,0.0
Kiichi Kunimoto,17.6,37.4,1.0,8.4,3.4,5.8,11.6,4.6,1.4,40.0,64.2,5.0,0.0,0.2,0.2,229.2,0.46042024580414964,0.2166666666666667
Kimo Leopoldo,6.2,12.0,0.6,5.4,0.8,0.0,2.0,0.4,3.8,13.6,21.2,1.8,0.0,0.6,0.4,23.6,0.7401581027667985,0.4666666666666666
King Green,45.4,45.6,0.4,30.2,9.4,5.8,40.2,1.6,3.6,78.4,78.6,0.4,0.4,0.0,0.0,19.0,0.5554622389105147,1.0
Kiru Sahota,2.0,5.0,0.0,0.0,0.0,2.0,2.0,0.0,0.0,23.0,26.0,0.0,0.0,0.0,0.0,0.0,0.08695652173913043,0.0
Kit Cope,8.0,11.0,0.0,6.0,1.0,1.0,1.0,5.0,2.0,15.0,19.0,0.0,0.0,0.0,0.0,15.0,0.5333333333333333,0.0
Klaudia Sygula,56.5,89.0,0.5,34.0,11.0,11.5,52.5,2.5,1.5,106.5,145.0,2.5,0.0,0.0,0.0,99.5,0.46650552486187846,0.25
Kleydson Rodrigues,34.75,51.0,0.5,16.25,11.75,6.75,30.0,3.0,1.75,65.25,83.0,2.0,0.25,0.25,0.5,63.5,0.6245629370629371,0.14285714285714285
Klidson Abreu,24.0,36.25,0.5,9.5,5.0,9.5,21.5,2.5,0.0,59.0,72.5,2.5,0.0,0.0,0.0,46.25,0.4750010621250201,0.27777777777777773
Kody Steele,59.0,59.0,1.0,47.0,10.0,2.0,58.0,1.0,0.0,209.0,209.0,4.0,0.0,0.0,0.0,6.0,0.2822966507177033,0.25
Koji Kitao,1.0,1.0,1.0,1.0,0.0,0.0,0.0,1.0,0.0,2.0,2.0,1.0,0.0,0.0,0.0,0.0,0.5,1.0
Koji Oishi,1.5,7.5,1.5,1.5,0.0,0.0,1.0,0.0,0.5,13.0,19.5,5.5,0.0,0.0,0.0,152.5,0.17045454545454547,0.2727272727272727
Konstantin Erokhin,16.0,25.5,0.0,11.5,3.5,1.0,12.5,3.5,0.0,43.5,54.0,0.0,0.0,0.0,0.0,5.0,0.38316993464052285,0.0
Kris McCray,23.333333333333332,65.33333333333333,1.6666666666666667,9.0,9.666666666666666,4.666666666666667,10.0,8.333333333333334,5.0,51.333333333333336,97.33333333333333,3.0,0.0,0.0,0.3333333333333333,182.0,0.420959595959596,0.7142857142857143
Kris Moutinho,29.0,29.333333333333332,0.0,16.666666666666668,3.0,9.333333333333334,28.666666666666668,0.3333333333333333,0.0,91.66666666666667,92.0,0.3333333333333333,0.0,0.0,0.0,3.0,0.3033299354400272,0.0
Kristian Rothaermel,3.0,16.0,0.0,1.0,0.0,2.0,2.0,1.0,0.0,6.0,19.0,3.0,0.0,0.0,0.0,0.0,0.5,0.0
Kristof Midoux,2.0,2.0,0.0,2.0,0.0,0.0,0.0,2.0,0.0,10.0,11.0,0.0,0.0,0.0,0.0,0.0,0.2,0.0
Kron Gracie,31.5,93.25,0.25,24.0,1.5,6.0,28.25,3.0,0.25,74.5,142.5,1.0,0.0,0.5,0.0,30.75,0.34623797396717604,0.25
Krzysztof Jotko,42.4,68.8,1.0,28.2,8.2,6.0,35.8,4.8,1.8,107.4,137.2,2.6,0.0,0.0,0.0,101.6,0.4427027046401958,0.3333333333333333
Krzysztof Soszynski,41.4,62.6,0.0,24.0,10.8,6.6,23.4,7.6,10.4,92.2,116.0,0.8,0.0,0.6,0.0,142.8,0.45392179636082075,0.0
Kuniyoshi Hironaka,16.5,43.75,2.0,12.0,2.25,2.25,6.5,1.75,8.25,37.75,66.25,6.25,0.25,0.75,0.0,206.25,0.4044218200100553,0.2375
Kurt Holobaugh,50.6,99.6,0.2,30.4,13.0,7.2,42.2,7.6,0.8,106.0,166.2,0.8,0.0,0.6,0.2,86.2,0.37845840090422134,0.25
Kurt Pellegrino,27.8,73.6,1.8,21.2,4.6,2.0,16.0,3.4,8.4,72.6,124.0,4.0,0.2,0.6,0.2,322.8,0.40357279693486586,0.5933333333333334
Kwan Ho Kwak,31.5,34.5,0.5,20.0,6.0,5.5,27.0,4.5,0.0,76.0,79.0,0.5,0.0,0.0,0.0,10.5,0.41536458333333337,1.0
Kyle Bochniak,36.6,44.2,1.2,24.0,7.0,5.6,31.8,4.2,0.6,121.8,129.8,8.8,0.0,0.0,0.0,130.4,0.3206392806378381,0.10833333333333334
Kyle Bradley,11.5,14.5,0.25,4.5,4.75,2.25,9.0,1.75,0.75,28.75,32.0,0.5,0.0,0.0,0.0,8.75,0.351897512864494,0.5
Kyle Daukaus,12.0,15.4,0.6,6.4,1.8,3.8,9.8,0.6,1.6,23.2,29.0,2.8,0.4,0.6,0.0,64.0,0.586347653752717,0.25
Kyle Kingsbury,36.2,46.6,1.4,14.0,9.2,13.0,23.2,12.4,0.6,78.4,89.4,4.8,0.0,0.0,0.0,107.8,0.4481265839684962,0.1517857142857143
Kyle Nelson,47.4,65.8,0.4,25.6,11.8,10.0,42.4,3.0,2.0,101.2,121.8,1.8,0.2,0.0,0.0,102.6,0.48458913803792214,0.13333333333333333
Kyle Noke,34.6,47.8,0.6,14.6,6.8,13.2,26.8,1.0,6.8,77.4,91.8,1.0,0.2,0.0,0.2,69.2,0.44767701410107474,0.6666666666666666
Kyle Prepolec,39.75,41.0,0.0,24.25,9.75,5.75,38.5,1.25,0.0,116.5,117.75,1.75,0.0,0.0,0.0,14.0,0.3639862682378029,0.0
Kyle Stewart,12.5,35.0,0.0,6.5,2.5,3.5,10.5,2.0,0.0,37.5,65.0,4.0,0.0,0.0,0.0,67.0,0.27059659090909094,0.0
Kyle Watson,48.5,56.5,0.0,20.0,18.5,10.0,38.0,10.5,0.0,138.0,150.0,7.5,0.0,0.0,0.0,83.0,0.3553191489361702,0.0
Kyler Phillips,70.6,77.8,1.6,43.6,14.2,12.8,63.4,3.4,3.8,180.4,189.4,4.4,0.2,0.4,0.0,98.6,0.3831760763640855,0.35625
Kyoji Horiguchi,57.0,91.8,2.2,40.8,10.2,6.0,39.2,10.6,7.2,125.8,165.8,5.6,0.8,0.2,0.0,207.0,0.48392301476634303,0.27888888888888885
Kyung Ho Kang,53.0,88.2,0.8,39.8,5.0,8.2,49.8,1.4,1.8,102.2,142.0,2.8,0.4,0.2,0.0,80.2,0.5085293672066385,0.42424242424242425
Lance Benoist,55.25,105.0,1.5,33.0,15.75,6.5,34.0,7.5,13.75,108.0,163.75,4.5,0.25,0.0,0.25,287.75,0.5354509246880571,0.26190476190476186
Lance Gibson,19.5,60.0,1.0,10.5,5.0,4.0,1.5,12.0,6.0,30.5,75.0,2.0,0.5,0.5,0.0,328.0,0.6863207547169812,0.5
Lando Vannata,58.4,61.2,0.6,26.4,17.4,14.6,54.4,3.8,0.2,117.6,121.2,2.0,0.0,0.0,0.2,23.4,0.511970240626632,0.5
Landon Quinones,101.5,115.0,0.5,60.0,24.0,17.5,95.5,6.0,0.0,251.5,267.5,1.5,0.0,0.0,0.0,82.5,0.3936033064118606,0.3333333333333333
Lara Procopio,80.66666666666667,110.0,3.0,53.0,13.0,14.666666666666666,67.66666666666667,10.0,3.0,137.66666666666666,170.0,6.333333333333333,0.0,0.3333333333333333,0.0,298.3333333333333,0.6068081343943413,0.3925925925925926
Larissa Pacheco,7.0,12.0,0.0,4.5,1.0,1.5,5.5,0.5,1.0,36.5,42.0,0.5,0.0,0.0,0.0,9.5,0.29743589743589743,0.0
Larry Cureton,3.5,13.0,0.0,1.0,2.5,0.0,0.0,0.5,3.0,4.5,15.0,0.0,0.0,0.5,0.5,0.0,0.6785714285714286,0.0
Laureano Staropoli,40.2,50.8,1.0,25.4,11.4,3.4,37.8,2.2,0.2,120.2,132.8,3.8,0.0,0.0,0.0,82.4,0.3305472518589741,0.34222222222222226
Lauren Mueller,44.0,65.5,0.75,25.5,11.5,7.0,40.0,3.5,0.5,115.5,140.25,1.0,0.0,0.0,0.0,98.25,0.38491576539319694,0.6666666666666666
Lauren Murphy,66.2,87.6,1.0,53.2,11.0,2.0,51.6,11.0,3.6,172.2,196.2,7.2,0.0,0.4,0.0,97.0,0.3638266762703009,0.18055555555555555
Lavar Johnson,36.0,72.25,0.25,25.25,7.0,3.75,14.5,17.0,4.5,55.5,99.0,0.25,0.5,0.0,0.0,54.0,0.6298884443786464,1.0
Laverne Clark,8.75,45.0,0.5,5.25,3.5,0.0,2.0,1.25,5.5,20.75,58.5,0.5,0.25,0.0,0.5,85.0,0.5722222222222222,1.0
Leah Letson,45.0,78.5,0.5,25.0,12.5,7.5,39.5,5.0,0.5,107.5,143.0,1.0,0.0,0.0,0.0,119.5,0.44002172563625075,0.5
Leandro Issa,26.2,41.2,2.0,14.4,2.6,9.2,19.0,2.4,4.8,69.2,87.8,9.0,0.0,1.0,0.4,284.6,0.4182479871287514,0.2861904761904762
Leandro Silva,32.8,46.2,1.4,17.2,9.8,5.8,27.8,4.0,1.0,73.4,88.2,3.4,0.0,0.2,0.0,121.6,0.46431403174837593,0.38541666666666663
Lee Murray,0.0,2.0,0.0,0.0,0.0,0.0,0.0,0.0,0.0,1.0,4.0,0.0,0.0,2.0,0.0,0.0,0.0,0.0
Leigh Remedios,5.0,32.0,0.0,1.0,1.0,3.0,3.0,2.0,0.0,12.0,42.0,0.0,0.0,0.0,0.0,86.0,0.4166666666666667,0.0
Leo Kuntz,19.0,42.5,1.5,13.5,2.5,3.0,17.0,1.0,1.0,58.0,83.5,6.0,0.0,0.5,0.0,192.5,0.31032967032967035,0.25
Leon Edwards,51.8,65.0,1.2,20.2,14.6,17.0,44.8,5.6,1.4,78.4,91.8,2.0,0.0,0.4,0.6,142.6,0.6596232867509119,0.4666666666666666
Leonard Garcia,44.2,55.0,0.4,28.2,7.2,8.8,41.4,2.4,0.4,193.2,206.0,1.4,0.2,0.0,0.0,28.4,0.18229900756183084,0.16666666666666666
Leonardo Guimaraes,35.0,68.0,0.0,23.5,9.0,2.5,19.5,6.0,9.5,62.5,97.5,0.0,0.0,1.0,0.0,113.0,0.47276688453159044,0.0
Leonardo Mafra,40.25,60.5,1.25,24.25,6.0,10.0,32.25,3.5,4.5,83.0,106.25,1.5,0.0,0.25,0.0,102.75,0.5061385010665115,0.8333333333333334
Leonardo Morales,18.0,25.0,0.0,6.5,5.5,6.0,14.0,2.0,2.0,38.0,46.0,0.5,0.0,0.0,0.0,68.5,0.6041666666666666,0.0
Leonardo Santos,37.0,61.6,0.4,23.4,9.2,4.4,24.8,7.0,5.2,68.6,98.0,1.4,0.4,0.0,0.0,58.2,0.5760321641094249,0.3333333333333333
Lerone Murphy,84.6,109.8,2.0,57.2,15.0,12.4,69.4,9.4,5.8,149.2,179.6,3.2,0.4,0.6,0.0,184.0,0.5401423710398174,0.6222222222222222
Leslie Smith,72.4,78.0,0.0,54.8,11.2,6.4,56.6,14.4,1.4,176.2,182.8,0.0,0.2,0.0,0.0,21.6,0.3595931990214326,0.0
Levan Makashvili,43.0,77.0,3.6666666666666665,19.666666666666668,15.333333333333334,8.0,19.666666666666668,19.0,4.333333333333333,78.66666666666667,115.66666666666667,8.666666666666666,0.0,0.0,0.0,271.3333333333333,0.5376968061178587,0.39615384615384613
Lewis Gonzalez,21.0,53.0,2.0,10.0,6.0,5.0,8.0,8.0,5.0,56.0,93.0,6.0,0.0,0.0,1.0,279.0,0.375,0.3333333333333333
Li Jingliang,35.6,36.0,0.4,11.2,8.4,16.0,33.8,1.2,0.6,84.8,85.6,0.6,0.4,0.0,0.0,11.4,0.3343730528558115,0.75
Liana Jojua,21.25,33.75,1.0,17.0,3.75,0.5,19.25,0.75,1.25,70.5,86.25,1.5,0.0,0.75,0.0,71.25,0.4211670274170274,0.6666666666666666
Liang Na,14.5,29.0,1.75,8.0,4.75,1.75,11.5,2.5,0.5,34.25,53.5,3.0,0.0,0.25,0.75,111.5,0.41720724145401333,0.5
Liliya Shakirova,23.0,27.0,0.0,7.0,7.0,9.0,23.0,0.0,0.0,75.0,80.0,3.0,0.0,0.0,0.0,29.0,0.30666666666666664,0.0
Lina Lansberg,24.4,57.8,0.4,15.8,7.6,1.0,14.0,7.8,2.6,48.4,91.8,1.4,0.4,0.0,0.2,159.4,0.4563286713286713,0.25
Lisa Ellis,5.5,7.5,1.5,4.5,1.0,0.0,1.5,2.0,2.0,11.0,14.0,3.0,0.0,0.5,0.5,121.5,0.6058823529411765,0.5
Liudvik Sholinian,37.5,51.5,0.0,27.5,9.0,1.0,31.0,4.5,2.0,122.0,137.0,3.0,0.0,0.0,0.0,88.0,0.28747139588100684,0.0
Livinha Souza,20.8,45.4,2.0,8.8,5.4,6.6,14.6,3.6,2.6,47.0,72.8,4.6,0.0,1.0,0.0,127.6,0.38194768194768197,0.45416666666666666
Liz Carmouche,32.2,104.2,2.8,14.2,7.6,10.4,19.6,4.0,8.6,63.6,137.0,4.4,0.0,0.4,0.0,306.6,0.502220750102083,0.6642857142857143
Lodune Sincaid,10.0,10.0,0.0,3.0,0.0,7.0,10.0,0.0,0.0,34.0,34.0,0.0,0.0,0.0,0.0,0.0,0.29411764705882354,0.0
Logan Clark,40.0,183.0,0.0,27.0,11.0,2.0,2.0,14.0,24.0,55.0,219.0,0.0,0.0,2.0,1.0,229.0,0.7272727272727273,0.0
Loik Radzhabov,35.0,60.0,3.75,30.0,4.25,0.75,24.25,1.0,9.75,78.75,110.75,6.5,0.25,0.0,0.0,161.25,0.4360363783756397,0.661904761904762
Loma Lookboonmee,37.0,72.0,2.0,15.4,14.2,7.4,25.2,6.4,5.4,68.6,110.4,3.2,0.0,0.2,0.2,159.4,0.5553521186404011,0.5133333333333333
Lone'er Kavanagh,56.0,60.666666666666664,1.6666666666666667,31.0,14.666666666666666,10.333333333333334,44.0,3.3333333333333335,8.666666666666666,114.33333333333333,119.66666666666667,3.3333333333333335,0.0,0.3333333333333333,0.3333333333333333,150.66666666666666,0.4981222385861561,0.38888888888888884
Loopy Godinez,78.8,91.2,1.6,62.6,12.6,3.6,68.4,9.0,1.4,165.0,180.6,5.8,0.0,0.2,0.4,151.8,0.4729380882913132,0.2981601731601731
Lorenz Larkin,47.6,52.2,0.2,23.4,7.2,17.0,39.0,4.4,4.2,98.0,102.6,0.8,0.6,0.0,0.0,48.2,0.52180108676492,0.25
Louie Sutherland,3.0,3.0,0.0,1.0,0.0,2.0,3.0,0.0,0.0,5.0,5.0,0.0,0.0,0.0,0.0,0.0,0.6,0.0
Louis Cosce,54.5,68.0,1.0,40.5,7.5,6.5,33.5,8.5,12.5,122.0,136.5,5.0,0.5,0.5,0.0,134.5,0.37187020950434335,0.5555555555555556
Louis Gaudinot,24.8,37.8,0.4,14.8,4.0,6.0,19.8,2.6,2.4,66.4,81.8,1.0,0.0,0.8,0.0,48.4,0.36334442388297483,0.3333333333333333
Louis Smolka,46.0,48.0,0.6,23.4,18.4,4.2,38.6,4.4,3.0,89.0,92.8,1.6,0.2,0.0,0.0,22.6,0.5339620371970615,0.25
Lowell Anderson,9.0,17.0,0.0,6.0,3.0,0.0,9.0,0.0,0.0,33.0,41.0,1.0,0.0,0.0,0.0,3.0,0.2727272727272727,0.0
Luan Chagas,48.25,57.0,0.25,32.25,5.75,10.25,42.25,2.25,3.75,102.5,112.25,2.0,1.0,0.25,0.5,106.5,0.4270833581894943,0.0625
Luan Lacerda,44.0,58.666666666666664,1.6666666666666667,20.0,21.0,3.0,37.0,3.0,4.0,94.66666666666667,113.0,4.0,0.0,0.6666666666666666,0.3333333333333333,162.0,0.4982911885536195,0.4166666666666667
Luana Carolina,69.8,112.4,0.6,38.0,17.6,14.2,49.8,13.4,6.6,134.2,186.6,1.4,0.0,0.2,0.0,151.0,0.5214622306865527,0.3333333333333333
Luana Pinheiro,39.6,47.6,1.4,21.8,10.0,7.8,35.6,4.0,0.0,102.6,115.0,5.6,0.0,0.0,0.2,55.8,0.3763526731418195,0.20238095238095238
Luana Santos,34.8,53.2,1.2,20.6,10.0,4.2,31.6,2.8,0.4,65.8,87.6,2.4,0.0,0.8,0.0,250.2,0.564353896239409,0.675
Lucas Alexander,32.75,36.25,0.0,17.0,7.25,8.5,29.75,1.0,2.0,57.0,62.0,0.5,0.25,0.0,0.25,47.0,0.5948302093476144,0.0
Lucas Almeida,33.0,38.2,0.0,19.2,5.8,8.0,31.6,0.8,0.6,97.2,103.0,0.2,0.2,0.0,0.0,12.8,0.39880952380952384,0.0
Lucas Martins,25.2,29.2,0.0,17.0,3.6,4.6,22.8,1.6,0.8,70.4,74.4,0.2,0.4,0.4,0.0,14.0,0.3689640023193978,0.0
Lucas Rocha,66.0,75.5,1.5,45.5,18.0,2.5,58.0,6.0,2.0,133.5,144.5,2.0,0.0,0.0,0.0,42.5,0.4617418519317936,0.75
Lucie Pudilova,34.0,55.0,1.2,23.2,8.6,2.2,18.4,8.0,7.6,95.6,122.2,2.8,0.0,0.4,0.0,225.0,0.387124265319754,0.48412698412698413
Lucio Linhares,8.0,20.0,1.0,5.5,0.0,2.5,4.0,0.0,4.0,35.5,48.0,2.0,0.0,1.0,0.0,55.5,0.23905723905723905,0.5
Ludovit Klein,53.4,86.2,1.0,32.6,15.6,5.2,44.4,3.2,5.8,100.8,144.6,1.4,0.6,0.0,0.0,153.8,0.5163050036734247,0.7777777777777777
Luigi Fioravanti,29.2,63.4,4.4,15.8,3.2,10.2,16.0,5.6,7.6,70.8,112.8,6.2,0.0,1.2,0.0,257.4,0.44065223380045515,0.38916666666666666
Luigi Vendramini,19.0,25.25,0.5,11.25,4.5,3.25,15.5,1.5,2.0,46.5,54.25,3.25,0.25,0.25,0.0,94.75,0.4121505810562211,0.2916666666666667
Luis Gurule,38.5,49.5,0.5,23.0,6.0,9.5,35.0,1.5,2.0,110.0,122.0,4.5,0.0,0.0,0.0,79.0,0.35120177103099304,0.125
Luis Henrique,25.4,59.0,2.8,17.8,5.4,2.2,10.6,5.4,9.4,58.6,104.2,7.0,0.0,1.0,0.0,344.4,0.482089291176153,0.4448051948051948
Luis Pajuelo,5.0,7.0,0.0,1.0,2.0,2.0,5.0,0.0,0.0,13.0,15.0,0.0,0.0,0.0,0.0,0.0,0.38461538461538464,0.0
Luis Pena,58.6,69.2,1.0,50.0,5.8,2.8,36.4,4.2,18.0,116.4,131.6,2.2,0.0,1.4,0.8,322.8,0.5221479871479872,0.48214285714285715
Luis Ramos,12.0,15.0,0.5,4.5,1.0,6.5,12.0,0.0,0.0,34.0,39.5,2.5,0.0,0.0,0.0,112.0,0.44964871194379386,0.2
Luis Saldana,72.0,76.25,0.75,35.0,15.5,21.5,67.0,3.5,1.5,148.0,153.25,4.25,0.5,0.25,0.25,113.25,0.47684659090909093,0.18095238095238098
Luiz Cane,21.2,24.4,0.2,16.0,1.6,3.6,15.0,1.0,5.2,54.4,58.6,1.0,0.4,0.2,0.0,39.4,0.33284479314227594,0.16666666666666666
Luiz Dutra,15.5,22.5,0.0,6.0,6.5,3.0,9.5,6.0,0.0,30.5,38.5,1.0,0.0,0.0,0.0,22.5,0.5219638242894057,0.0
Lukasz Brzeski,26.6,46.2,0.0,11.4,5.6,9.6,25.2,1.4,0.0,48.6,72.8,0.4,0.0,0.0,0.2,8.6,0.5730375549429259,0.0
Lukasz Sajewski,20.333333333333332,25.666666666666668,0.6666666666666666,11.0,7.333333333333333,2.0,16.666666666666668,1.3333333333333333,2.3333333333333335,56.666666666666664,62.333333333333336,2.6666666666666665,0.0,0.0,0.0,104.0,0.3859603789836348,0.1111111111111111
Luke Barnatt,40.8,54.0,0.4,25.4,10.6,4.8,32.4,6.2,2.2,127.6,141.2,1.0,0.4,0.2,0.0,17.6,0.33601181498240323,0.375
Luke Caudillo,17.0,19.5,0.0,11.0,4.0,2.0,14.5,2.5,0.0,70.5,73.0,1.0,0.5,0.0,0.0,8.0,0.3401442307692308,0.0
Luke Cummo,16.8,40.6,0.2,8.6,6.8,1.4,10.4,4.6,1.8,38.6,64.6,0.8,0.8,0.8,0.0,64.0,0.4424119590246143,0.16666666666666666
Luke Jumeau,44.0,50.0,0.25,27.0,7.0,10.0,33.0,10.25,0.75,100.75,107.0,0.25,0.0,0.0,0.0,58.75,0.43374103702258426,1.0
Luke Riley,14.0,20.0,0.0,11.0,1.0,2.0,4.0,1.0,9.0,23.0,32.0,0.0,1.0,0.0,0.0,15.0,0.6086956521739131,0.0
Luke Rockhold,37.0,40.8,0.6,19.0,11.4,6.6,27.6,2.4,7.0,69.4,74.0,2.8,0.0,0.0,0.2,94.8,0.5274847957200899,0.21666666666666667
Luke Sanders,54.6,59.8,0.4,41.0,8.4,5.2,44.8,7.0,2.8,108.4,114.0,1.4,0.6,0.0,0.0,66.6,0.4983483412322275,0.13333333333333333
Luke Zachrich,30.666666666666668,31.0,0.3333333333333333,23.333333333333332,2.6666666666666665,4.666666666666667,29.666666666666668,1.0,0.0,94.33333333333333,94.66666666666667,1.0,0.0,0.0,0.0,0.3333333333333333,0.3549208903191204,0.5
Lyman Good,47.6,52.6,0.2,34.6,9.0,4.0,35.8,10.8,1.0,99.0,105.2,0.2,0.4,0.0,0.0,11.6,0.4138604020068789,1.0
Lyoto Machida,24.0,26.0,0.0,7.0,8.4,8.6,21.2,1.2,1.6,47.0,49.0,0.0,0.2,0.0,0.0,44.6,0.463885582010582,0.0
Mac Danzig,54.4,106.6,1.0,33.6,12.8,8.0,40.6,12.6,1.2,99.2,158.8,3.6,0.0,0.4,0.0,178.4,0.536073896188727,0.18666666666666668
Maciej Jewtuszko,30.0,45.0,0.0,19.0,9.0,2.0,26.0,4.0,0.0,67.0,86.0,0.0,0.0,0.0,0.0,0.0,0.44776119402985076,0.0
Mackens Semerzier,22.666666666666668,32.666666666666664,1.3333333333333333,7.666666666666667,7.333333333333333,7.666666666666667,13.666666666666666,5.0,4.0,38.0,49.333333333333336,3.3333333333333335,0.0,0.3333333333333333,0.0,154.33333333333334,0.7311594202898551,0.4
Mackenzie Dern,57.4,106.8,1.2,43.4,7.0,7.0,46.6,3.4,7.4,129.6,182.8,4.6,0.0,0.2,0.8,204.8,0.4542344571619408,0.2633333333333333
Macy Chiasson,33.8,56.8,1.6,17.8,10.4,5.6,20.0,9.2,4.6,70.0,97.0,3.6,0.0,0.4,0.2,144.0,0.47447678735194715,0.6083333333333333
Mads Burnell,16.666666666666668,64.0,3.0,12.333333333333334,2.6666666666666665,1.6666666666666667,9.666666666666666,1.3333333333333333,5.666666666666667,40.0,107.0,6.333333333333333,0.0,0.3333333333333333,0.3333333333333333,346.3333333333333,0.4262371615312792,0.4642857142857143
Magnus Cedenblad,20.2,68.0,1.8,12.0,5.0,3.2,12.6,4.6,3.0,41.0,93.8,2.8,0.2,0.4,0.2,251.0,0.48871153194671174,0.7000000000000001
Magomed Ankalaev,41.0,52.2,0.2,14.2,12.8,14.0,34.8,5.0,1.2,76.0,91.2,2.8,0.2,0.0,0.0,100.8,0.5611494252873563,0.3333333333333333
Magomed Gadzhiyasulov,28.5,80.5,2.5,12.0,7.0,9.5,18.0,5.5,5.0,53.0,120.5,4.0,0.0,0.0,0.0,306.5,0.5646766169154229,0.5
Magomed Mustafaev,18.8,25.2,1.6,10.8,4.6,3.4,9.6,4.8,4.4,32.0,39.2,3.2,0.4,0.2,0.0,115.4,0.6271910673070925,0.24242424242424243
Maheshate,55.2,59.8,0.0,36.0,11.2,8.0,51.6,3.4,0.2,176.2,181.8,1.8,0.0,0.0,0.0,3.0,0.31062826576667624,0.0
Maia Stevenson,6.0,11.0,1.0,1.0,3.0,2.0,4.0,2.0,0.0,11.0,16.0,1.0,0.0,0.0,0.0,88.0,0.5454545454545454,1.0
Maiquel Falcao,25.0,54.0,1.0,18.0,6.0,1.0,9.0,5.0,11.0,45.0,77.0,1.0,1.0,3.0,0.0,243.0,0.5555555555555556,1.0
Mairbek Taisumov,25.6,26.0,0.0,17.0,3.6,5.0,23.6,0.4,1.6,69.6,70.0,0.4,0.6,0.0,0.0,4.4,0.42132616543449625,0.0
Mairon Santos,43.0,60.333333333333336,0.0,22.0,11.0,10.0,39.666666666666664,2.3333333333333335,1.0,93.0,112.0,0.3333333333333333,0.3333333333333333,0.0,0.0,40.333333333333336,0.46474222703610923,0.0
Makhmud Muradov,37.6,53.6,3.0,25.6,8.6,3.4,32.4,2.8,2.4,81.2,99.0,4.0,0.4,0.0,0.2,125.2,0.5629528846947973,0.6041666666666666
Maki Pitolo,31.4,40.4,1.8,20.4,8.6,2.4,26.6,2.6,2.2,71.4,82.2,3.0,0.0,0.4,0.2,138.4,0.44592207531529526,0.8181818181818182
Makwan Amirkhani,9.0,12.6,2.8,6.4,1.8,0.8,6.6,0.8,1.6,20.4,24.8,5.2,0.0,0.2,0.0,193.2,0.3982993197278912,0.5079365079365079
Malcolm Gordon,21.2,44.2,1.0,18.8,1.2,1.2,10.2,3.0,8.0,43.6,70.6,2.8,0.0,0.6,0.4,159.6,0.3992572339940761,0.7954545454545454
Malcolm Wellmaker,36.0,37.666666666666664,0.0,15.666666666666666,16.0,4.333333333333333,27.0,9.0,0.0,65.66666666666667,67.33333333333333,1.0,0.6666666666666666,0.0,0.0,26.666666666666668,0.5561409670998713,0.0
Mallory Martin,29.0,46.25,0.5,23.25,5.5,0.25,23.75,4.0,1.25,71.25,90.0,2.0,0.0,0.25,0.0,103.75,0.49354636591478696,0.5
Mana Martinez,66.25,85.75,0.75,36.0,19.75,10.5,61.0,2.0,3.25,136.0,161.75,1.75,1.0,0.25,0.25,30.0,0.4872406973971638,0.4583333333333333
Mandy Bohm,35.0,51.666666666666664,0.6666666666666666,17.666666666666668,9.666666666666666,7.666666666666667,25.333333333333332,9.0,0.6666666666666666,77.33333333333333,99.33333333333333,3.6666666666666665,0.0,0.6666666666666666,0.3333333333333333,109.66666666666667,0.4802867383512544,0.1111111111111111
Manel Kape,72.4,78.0,0.2,48.8,15.2,8.4,62.2,4.4,5.8,126.4,135.2,0.6,0.6,0.4,0.2,27.2,0.5421190616714913,0.3333333333333333
Manny Bermudez,17.2,28.0,1.2,14.4,2.8,0.0,6.6,0.6,10.0,28.0,39.8,2.2,0.2,1.2,0.6,147.4,0.6132432776857397,0.7375
Manolo Zecchini,9.0,9.0,0.0,5.0,1.0,3.0,9.0,0.0,0.0,41.0,41.0,0.0,0.0,0.0,0.0,0.0,0.21951219512195122,0.0
Manon Fiorot,83.0,101.8,0.6,57.0,16.8,9.2,72.8,8.0,2.2,210.0,229.6,3.8,0.0,0.0,0.0,104.8,0.4248966971509203,0.20833333333333331
Mansur Abdul-Malik,27.666666666666668,29.333333333333332,0.3333333333333333,24.0,2.0,1.6666666666666667,9.666666666666666,4.666666666666667,13.333333333333334,59.333333333333336,61.666666666666664,1.0,0.3333333333333333,0.0,0.0,43.0,0.4827100804806956,0.3333333333333333
Manuel Rodriguez,4.0,17.0,3.0,4.0,0.0,0.0,4.0,0.0,0.0,12.0,25.0,4.0,0.0,0.0,0.0,219.0,0.3333333333333333,0.75
Manuel Torres,18.6,19.0,0.4,12.4,5.0,1.2,12.2,2.8,3.6,30.8,31.2,0.6,0.6,0.2,0.0,17.8,0.6562144322845417,0.5
Manvel Gamburyan,18.8,32.0,1.6,11.6,3.6,3.6,11.8,6.0,1.0,45.0,61.2,4.8,0.2,0.8,0.2,92.0,0.5300877192982456,0.3044871794871795
MarQuel Mederos,71.33333333333333,82.0,0.0,37.333333333333336,13.666666666666666,20.333333333333332,60.333333333333336,6.333333333333333,4.666666666666667,126.33333333333333,138.66666666666666,2.0,0.3333333333333333,0.0,0.3333333333333333,128.0,0.5748947981018891,0.0
Mara Romero Borella,17.0,43.8,1.2,10.4,2.2,4.4,11.6,2.4,3.0,44.8,74.2,2.8,0.0,0.0,0.0,160.8,0.4939735582040651,0.44666666666666666
Marc Diakiese,23.6,53.4,4.8,10.8,6.4,6.4,18.0,2.4,3.2,51.4,88.0,9.2,0.0,0.0,0.2,453.2,0.5060706949674769,0.47601010101010105
Marc-Andre Barriault,36.4,42.2,0.4,23.6,10.0,2.8,26.0,9.8,0.6,72.0,78.2,1.2,0.2,0.0,0.0,57.8,0.44564961787184015,0.3333333333333333
Marcel Fortuna,42.333333333333336,48.0,0.3333333333333333,29.333333333333332,8.666666666666666,4.333333333333333,38.666666666666664,3.6666666666666665,0.0,91.0,96.66666666666667,4.0,0.3333333333333333,0.3333333333333333,0.0,23.0,0.4786638927415627,0.05555555555555555
Marcelo Aguiar,2.0,21.0,0.0,2.0,0.0,0.0,0.0,0.0,2.0,2.0,21.0,0.0,0.0,0.0,0.0,0.0,1.0,0.0
Marcelo Golm,35.5,50.0,0.25,23.25,6.0,6.25,18.0,12.5,5.0,60.75,76.75,0.5,0.0,0.25,0.0,43.25,0.5384738186462324,0.5
Marcelo Guimaraes,52.75,74.75,1.5,15.75,9.0,28.0,42.0,10.5,0.25,101.5,126.75,10.75,0.0,0.0,0.0,233.75,0.5292097004073777,0.175
Marcelo Mello,7.0,9.0,1.0,6.0,1.0,0.0,1.0,0.0,6.0,13.0,15.0,2.0,0.0,0.0,0.0,0.0,0.5384615384615384,0.5
Marcelo Rojo,53.333333333333336,61.666666666666664,0.3333333333333333,25.666666666666668,10.333333333333334,17.333333333333332,46.666666666666664,5.0,1.6666666666666667,134.66666666666666,143.66666666666666,0.6666666666666666,0.0,0.0,0.0,19.333333333333332,0.46059889676910953,0.5
Marcin Bandel,3.0,4.0,0.0,2.0,0.5,0.5,3.0,0.0,0.0,6.0,7.0,2.5,0.0,0.0,0.0,47.5,0.5142857142857142,0.0
Marcin Held,25.75,52.5,3.0,24.25,1.0,0.5,17.75,3.0,5.0,78.75,110.5,5.25,0.0,0.75,0.0,347.75,0.33597639229319143,0.575
Marcin Prachnio,65.2,99.0,0.2,20.4,21.0,23.8,53.8,11.0,0.4,119.2,157.4,0.4,0.0,0.0,0.0,15.8,0.5589866202276275,0.5
Marcin Tybura,25.4,61.4,0.6,17.0,7.4,1.0,15.8,0.6,9.0,51.6,94.8,1.8,0.0,0.2,0.4,156.8,0.4421630262385573,0.3611111111111111
Marcin Wrzosek,52.0,124.0,3.0,39.0,4.0,9.0,34.0,13.0,5.0,119.0,204.0,12.0,0.0,0.0,0.0,281.0,0.4369747899159664,0.25
Marcio Alexandre Junior,22.333333333333332,36.666666666666664,0.3333333333333333,12.0,8.333333333333334,2.0,16.666666666666668,3.0,2.6666666666666665,49.666666666666664,66.0,1.6666666666666667,0.0,0.3333333333333333,0.0,38.333333333333336,0.4367063492063492,0.125
Marcio Cruz,20.75,35.5,0.25,9.5,3.75,7.5,11.5,1.75,7.5,45.0,60.75,3.5,0.0,0.75,0.0,91.25,0.3776188434207302,0.125
Marco Beltran,20.6,28.4,0.4,10.8,5.0,4.8,13.8,4.6,2.2,59.0,68.0,0.4,0.2,0.2,0.0,30.4,0.36738532110091743,1.0
Marco Polo Reyes,13.8,14.6,0.0,7.4,3.2,3.2,12.2,1.4,0.2,42.4,43.2,0.2,0.4,0.0,0.0,0.0,0.40478655301085203,0.0
Marco Ruas,11.8,21.8,0.4,3.6,0.4,7.8,9.0,0.4,2.4,26.0,38.2,0.6,0.2,1.0,0.2,44.2,0.6189803097446205,0.75
Marco Tulio,61.0,72.0,0.6666666666666666,35.666666666666664,16.0,9.333333333333334,52.333333333333336,3.3333333333333335,5.333333333333333,95.33333333333333,110.66666666666667,1.6666666666666667,1.0,0.0,0.0,74.0,0.5788118444258795,0.4
Marcos Mariano,2.5,4.5,0.0,1.0,1.0,0.5,1.5,0.0,1.0,9.0,11.5,0.0,0.0,0.0,0.0,24.0,0.2777777777777778,0.0
Marcos Rogerio de Lima,33.4,49.4,1.0,17.8,6.4,9.2,28.2,2.6,2.6,53.4,71.0,3.0,0.4,0.2,0.0,144.2,0.7100879669529555,0.3206349206349206
Marcos Vinicius,19.666666666666668,32.0,0.0,11.333333333333334,4.333333333333333,4.0,11.666666666666666,4.666666666666667,3.3333333333333335,40.0,54.333333333333336,0.0,0.0,0.3333333333333333,0.0,54.0,0.44129779082090165,0.0
Marcus Aurelio,22.6,46.0,1.0,18.4,2.8,1.4,15.4,3.0,4.2,64.8,89.4,6.4,0.2,0.6,0.0,108.2,0.4371033106327224,0.14027777777777778
Marcus Bossett,1.0,2.0,0.0,0.0,1.0,0.0,1.0,0.0,0.0,2.0,3.0,0.0,0.0,0.0,0.0,0.0,0.5,0.0
Marcus Brimage,19.2,21.6,0.4,9.4,3.8,6.0,18.2,0.8,0.2,56.2,58.6,0.4,0.2,0.0,0.0,10.0,0.3640704534585453,1.0
Marcus Buchecha,24.0,80.0,1.0,14.0,10.0,0.0,16.0,6.0,2.0,60.0,140.0,11.0,0.0,0.0,1.0,305.0,0.4,0.09090909090909091
Marcus Davis,21.4,51.0,1.0,14.4,2.8,4.2,16.4,3.4,1.6,72.2,104.4,2.6,0.6,0.8,0.0,150.6,0.38472972740067657,0.4583333333333333
Marcus Jones,10.0,10.0,3.0,6.0,1.0,3.0,6.0,4.0,0.0,19.0,19.0,4.0,0.0,1.0,0.0,161.0,0.5263157894736842,0.75
Marcus LeVesseur,23.0,42.666666666666664,2.3333333333333335,6.333333333333333,3.3333333333333335,13.333333333333334,5.333333333333333,16.333333333333332,1.3333333333333333,35.666666666666664,58.0,6.333333333333333,0.0,0.3333333333333333,0.0,294.3333333333333,0.5836038961038961,0.5428571428571428
Marcus McGhee,52.6,55.4,0.2,36.2,8.4,8.0,48.4,2.0,2.2,116.4,120.0,1.4,0.6,0.2,0.0,34.6,0.4744969255192477,0.16666666666666666
Marcus Silveira,5.0,20.0,2.0,5.0,0.0,0.0,0.0,5.0,0.0,12.0,28.0,2.0,0.0,2.0,0.0,0.0,0.4166666666666667,1.0
Marek Bujlo,31.0,31.0,0.0,3.0,6.0,22.0,31.0,0.0,0.0,80.0,80.0,0.0,0.0,0.0,0.0,28.0,0.3875,0.0
Maria Oliveira,77.25,92.25,1.0,50.0,15.25,12.0,74.25,2.5,0.5,199.25,219.0,2.25,0.0,0.0,0.0,85.75,0.40348306499991893,0.45
Marina Rodriguez,44.4,74.2,0.4,35.0,8.4,1.0,26.2,12.8,5.4,101.6,135.0,0.4,0.0,0.4,0.0,27.8,0.42936182962149205,1.0
Mario Bautista,86.6,103.2,0.4,50.4,26.6,9.6,78.8,6.8,1.0,181.0,200.4,4.8,0.2,0.4,0.0,139.4,0.455949125121205,0.05
Mario Miranda,21.5,63.25,0.75,13.5,3.25,4.75,6.5,4.25,10.75,39.75,95.0,1.25,0.25,0.0,0.5,158.0,0.5853658536585366,0.5
Mario Neto,10.0,12.0,1.0,4.0,0.0,6.0,5.0,4.0,1.0,20.0,22.0,1.0,0.0,0.0,0.0,118.0,0.5,1.0
Mario Pinto,21.0,51.5,1.5,18.0,1.0,2.0,7.0,0.5,13.5,28.0,64.0,2.5,0.5,1.0,0.5,233.0,0.7220026350461133,0.375
Marion Reneau,34.6,57.4,1.0,20.4,9.4,4.8,24.8,8.8,1.0,85.0,109.0,1.8,0.0,0.0,0.0,91.8,0.4054805865105161,0.6666666666666666
Mariya Agapova,34.6,66.2,0.4,22.0,9.6,3.0,23.4,4.2,7.0,61.8,96.6,0.4,0.2,0.4,0.2,53.0,0.5049252280557359,1.0
Mark Bocek,44.0,79.2,3.4,25.6,8.2,10.2,15.8,14.6,13.6,91.2,128.0,10.6,0.0,0.6,0.2,429.2,0.45753705817019075,0.35264735264735264
Mark Choinski,58.0,64.0,2.0,48.0,7.0,3.0,54.0,2.0,2.0,114.0,120.0,11.0,0.0,0.0,0.0,279.0,0.5087719298245614,0.18181818181818182
Mark Coleman,22.4,51.6,3.0,19.6,1.6,1.2,7.6,2.8,12.0,45.6,77.4,6.4,0.0,0.0,0.0,192.0,0.4966663504340757,0.4548611111111111
Mark De La Rosa,46.8,58.6,0.2,27.8,9.2,9.8,40.4,4.6,1.8,137.6,151.6,3.8,0.0,0.0,0.0,82.8,0.3377776491789581,0.03571428571428571
Mark Eddiva,34.75,60.25,1.0,12.5,7.0,15.25,21.25,8.5,5.0,76.0,104.5,4.5,0.0,0.0,0.0,193.0,0.47115408446515317,0.1
Mark Godbeer,31.0,47.25,0.0,16.25,10.5,4.25,22.0,5.5,3.5,57.5,75.5,0.5,0.0,0.0,0.25,73.25,0.46352307669672943,0.0
Mark Hall,1.6,8.6,0.0,1.0,0.2,0.4,1.0,0.2,0.4,2.6,11.8,0.0,0.0,0.0,0.2,0.0,0.5833333333333333,0.0
Mark Holst,2.5,6.0,0.5,0.5,1.0,1.0,1.0,0.5,1.0,13.0,16.5,0.5,0.0,1.5,0.0,127.0,0.2125,1.0
Mark Hominick,45.8,70.0,0.4,34.4,8.8,2.6,38.8,0.4,6.6,94.8,123.4,0.6,0.6,0.0,0.0,65.2,0.4138967616177561,0.75
Mark Hughes,9.0,68.0,2.0,7.0,2.0,0.0,0.0,1.0,8.0,19.0,78.0,4.0,0.0,3.0,0.0,567.0,0.47368421052631576,0.5
Mark Hunt,23.8,29.2,0.0,13.4,5.6,4.8,20.0,3.6,0.2,59.0,64.8,0.0,0.2,0.0,0.0,1.4,0.37203071895424833,0.0
Mark Kerr,5.75,7.75,0.75,5.25,0.0,0.5,0.5,0.25,5.0,8.75,11.0,0.75,0.25,0.25,0.0,0.0,0.6035714285714285,1.0
Mark Madsen,40.4,54.8,2.2,29.0,6.6,4.8,28.8,8.6,3.0,84.8,102.4,3.2,0.0,0.0,0.0,186.6,0.46626966122202057,0.5555555555555555
Mark Munoz,21.4,35.6,2.8,13.6,7.0,0.8,5.2,3.4,12.8,37.2,52.6,6.6,0.0,0.4,0.0,210.4,0.3005523336095001,0.265625
Mark Robinson,0.0,1.0,0.0,0.0,0.0,0.0,0.0,0.0,0.0,1.0,2.0,0.0,0.0,0.0,0.0,185.0,0.0,0.0
Mark Scanlon,33.0,62.0,3.0,28.0,2.0,3.0,26.0,3.0,4.0,94.0,129.0,4.0,0.0,2.0,1.0,196.0,0.35106382978723405,0.75
Mark Schultz,8.0,74.0,3.0,7.0,1.0,0.0,1.0,0.0,7.0,29.0,96.0,3.0,0.0,0.0,0.0,0.0,0.27586206896551724,1.0
Mark Striegl,5.5,18.5,0.0,2.5,0.5,2.5,5.0,0.0,0.5,12.0,25.5,1.5,0.0,0.0,0.0,41.0,0.44957983193277307,0.0
Mark Weir,8.333333333333334,18.333333333333332,0.0,7.666666666666667,0.6666666666666666,0.0,1.6666666666666667,0.3333333333333333,6.333333333333333,13.0,25.0,0.0,0.6666666666666666,1.0,0.3333333333333333,54.0,0.7598566308243727,0.0
Markus Perez,31.6,41.2,0.2,15.8,13.0,2.8,22.2,9.0,0.4,68.4,78.6,2.0,0.0,0.4,0.0,101.8,0.45776501889356586,0.03571428571428571
Marlon Moraes,24.0,25.6,0.8,19.6,1.8,2.6,22.0,0.4,1.6,53.6,55.4,1.2,0.2,0.0,0.0,42.0,0.49594956867949563,0.7222222222222222
Marlon Vera,79.2,85.2,0.0,44.6,13.0,21.6,75.4,3.8,0.0,183.8,191.6,0.4,0.2,0.2,0.0,4.0,0.4222003397055795,0.0
Marnic Mann,19.5,75.0,1.0,7.0,2.5,10.0,18.0,1.0,0.5,53.0,111.5,3.5,0.0,0.5,0.5,103.5,0.33922973578145993,0.2
Martin Bravo,55.25,66.75,1.25,40.25,11.25,3.75,51.0,2.5,1.75,139.75,152.0,3.5,0.25,0.0,0.0,65.0,0.38970313232126924,0.3666666666666667
Martin Buday,40.6,94.8,0.2,25.2,8.0,7.4,28.8,11.6,0.2,72.8,135.4,0.8,0.0,0.2,0.4,154.6,0.5377046150623601,0.3333333333333333
Martin Day,44.75,59.0,0.5,27.25,14.0,3.5,39.25,1.0,4.5,96.0,112.75,0.75,0.5,0.5,0.5,62.5,0.49167313664596274,0.6666666666666666
Martin Kampmann,26.6,34.2,2.0,21.4,5.2,0.0,19.8,5.0,1.8,79.4,88.8,6.4,0.2,0.4,0.2,159.4,0.28739761341680514,0.21904761904761905
Martin Sano,1.0,1.0,0.0,1.0,0.0,0.0,1.0,0.0,0.0,3.0,3.0,0.0,0.0,0.0,0.0,0.0,0.3333333333333333,0.0
Martin Svensson,13.0,17.0,0.0,3.0,5.0,5.0,12.0,0.0,1.0,34.0,38.0,4.0,0.0,0.0,0.0,19.0,0.38235294117647056,0.0
Marvin Eastman,13.8,23.2,0.4,6.2,4.0,3.6,4.0,9.8,0.0,39.8,49.2,1.4,0.0,0.0,0.0,59.4,0.3298876404494382,0.2222222222222222
Marvin Vettori,102.4,105.0,0.2,72.4,8.6,21.4,98.0,3.2,1.2,221.6,224.8,0.4,0.0,0.0,0.2,26.6,0.4428804865284919,0.5
Maryna Moroz,73.0,98.4,1.0,47.6,20.0,5.4,56.0,8.8,8.2,162.2,193.8,3.0,0.0,0.6,0.2,228.8,0.4675046728297502,0.3833333333333333
Masanori Kanehara,23.666666666666668,105.0,1.3333333333333333,15.0,7.0,1.6666666666666667,15.333333333333334,4.0,4.333333333333333,43.333333333333336,127.66666666666667,2.0,0.0,1.0,0.3333333333333333,360.3333333333333,0.6305252008576817,0.75
Masio Fullen,26.0,33.333333333333336,0.3333333333333333,16.333333333333332,6.333333333333333,3.3333333333333335,19.666666666666668,5.666666666666667,0.6666666666666666,81.0,89.66666666666667,1.0,0.0,0.0,0.0,34.666666666666664,0.5464344941956881,0.25
Mason Jones,62.8,84.4,4.0,43.0,15.4,4.4,39.6,9.4,13.8,142.8,168.0,6.8,0.2,0.2,0.0,296.6,0.45492148104175084,0.5809523809523809
Masutatsu Yano,18.0,27.0,1.0,15.0,1.0,2.0,3.0,0.0,15.0,49.0,61.0,3.0,0.0,0.0,0.0,122.0,0.3673469387755102,0.3333333333333333
Mateus Mendonca,16.666666666666668,40.666666666666664,2.0,12.0,2.6666666666666665,2.0,11.0,2.0,3.6666666666666665,45.0,79.66666666666667,7.333333333333333,0.0,0.3333333333333333,0.0,245.66666666666666,0.40270562770562773,0.2272727272727273
Mateusz Gamrot,44.0,75.2,4.8,36.8,5.2,2.0,31.6,2.4,10.0,84.6,125.2,10.4,0.0,0.0,0.0,278.6,0.4948856159800073,0.5248803827751196
Mateusz Rebecki,63.8,83.4,2.8,47.2,7.8,8.8,50.4,3.8,9.6,145.0,168.8,5.8,0.4,0.2,0.0,162.0,0.47413197889454217,0.6266666666666667
Matheus Camilo,26.0,40.5,3.5,16.5,5.0,4.5,24.5,0.5,1.0,60.0,76.0,6.5,0.0,0.5,0.0,176.0,0.45041816009557945,0.5833333333333333
Matheus Nicolau,21.6,29.6,0.2,13.2,5.0,3.4,17.4,0.2,4.0,45.0,54.4,0.8,0.6,0.2,0.0,19.0,0.4774603174603175,0.3333333333333333
Mats Nilsson,29.0,43.5,2.5,17.0,4.5,7.5,25.5,3.0,0.5,74.0,89.5,3.0,0.0,1.5,0.0,89.0,0.40256211180124224,0.8333333333333334
Matt Andersen,0.0,5.0,0.0,0.0,0.0,0.0,0.0,0.0,0.0,0.0,5.0,0.0,0.0,0.0,0.0,0.0,0.0,0.0
Matt Arroyo,15.333333333333334,67.0,1.3333333333333333,10.666666666666666,2.3333333333333335,2.3333333333333335,6.0,3.0,6.333333333333333,32.333333333333336,87.66666666666667,3.6666666666666665,0.0,3.3333333333333335,0.0,104.0,0.5154166666666667,0.3666666666666667
Matt Bessette,50.0,71.5,0.0,34.5,13.5,2.0,43.0,6.0,1.0,143.5,167.5,1.5,0.0,0.0,0.5,46.5,0.3493879335470708,0.0
Matt Brown,36.0,43.4,1.2,17.6,14.2,4.2,23.0,10.0,3.0,58.2,67.2,2.6,0.4,0.0,0.0,136.4,0.6420002163109837,0.44047619047619047
Matt Dwyer,22.0,24.25,0.25,12.25,3.25,6.5,16.25,4.5,1.25,64.25,66.5,2.5,0.5,0.0,0.0,48.0,0.26836035083457765,0.041666666666666664
Matt Frevola,22.0,28.6,1.0,13.6,5.4,3.0,16.2,3.0,2.8,61.2,69.2,1.8,0.4,0.2,0.4,64.0,0.40339850817916617,0.5
Matt Grice,36.4,60.6,1.0,27.6,4.2,4.6,12.0,10.8,13.6,72.2,98.0,4.0,0.4,0.4,0.0,169.8,0.47003250300447935,0.21825396825396826
Matt Hamill,50.0,66.0,2.4,37.0,2.4,10.6,33.2,1.6,15.2,115.6,135.6,9.6,0.0,0.0,0.0,149.6,0.4208623575869973,0.3928571428571429
Matt Hobar,35.333333333333336,60.333333333333336,2.6666666666666665,25.0,6.666666666666667,3.6666666666666665,12.333333333333334,9.0,14.0,83.66666666666667,113.66666666666667,6.0,0.3333333333333333,0.0,0.0,350.3333333333333,0.39319394663480683,0.4444444444444444
Matt Horwich,20.0,57.0,0.0,6.5,9.0,4.5,7.5,9.0,3.5,31.5,68.5,1.0,0.0,4.0,1.0,173.0,0.6330128205128205,0.0
Matt Hughes,24.6,33.8,0.6,12.6,5.0,7.0,16.0,4.8,3.8,51.2,61.0,1.2,0.6,0.2,0.0,123.0,0.4088927062009722,0.3
Matt Lindland,13.4,45.6,1.4,7.8,2.0,3.6,1.4,6.2,5.8,28.0,62.8,2.8,0.0,1.2,0.4,320.4,0.33371976327415187,0.4583333333333333
Matt Lucas,19.0,48.0,1.0,19.0,0.0,0.0,14.0,4.0,1.0,39.0,75.0,10.0,0.0,0.0,0.0,410.0,0.48717948717948717,0.1
Matt Mitrione,15.6,16.6,0.0,11.8,1.0,2.8,11.6,2.0,2.0,34.6,36.0,0.4,0.6,0.0,0.0,7.0,0.5027404817991808,0.0
Matt Sayles,41.75,51.0,0.25,22.0,11.5,8.25,32.0,3.25,6.5,105.0,115.25,1.0,0.0,0.5,0.25,77.25,0.4300541493193022,0.5
Matt Schnell,24.2,37.4,0.2,20.0,2.0,2.2,19.0,1.4,3.8,58.4,72.8,0.4,0.0,0.6,0.4,49.6,0.4080737798363511,0.5
Matt Serra,34.6,42.2,0.2,18.8,11.6,4.2,31.2,0.6,2.8,86.6,95.0,0.4,0.8,0.0,0.0,11.2,0.35151415943689635,0.5
Matt Van Buren,51.0,58.5,0.0,27.5,21.0,2.5,37.0,14.0,0.0,111.0,118.5,0.0,0.0,0.0,0.0,13.5,0.3358490566037736,0.0
Matt Veach,7.666666666666667,12.666666666666666,1.6666666666666667,6.666666666666667,0.6666666666666666,0.3333333333333333,4.0,2.3333333333333335,1.3333333333333333,26.666666666666668,32.0,4.333333333333333,0.3333333333333333,0.6666666666666666,0.0,117.0,0.34163473818646234,0.5555555555555555
Matt Wiman,24.0,34.0,0.2,13.4,4.0,6.6,12.8,9.6,1.6,44.8,55.8,1.4,0.0,0.0,0.2,65.0,0.40300616527818195,0.1111111111111111
Matthew Lopez,39.6,51.8,2.8,26.8,9.0,3.8,27.4,1.4,10.8,76.4,89.6,4.8,0.0,0.8,0.2,180.6,0.5545119044772313,0.6357142857142857
Matthew Riddle,39.2,97.4,3.4,19.0,12.2,8.0,22.4,7.0,9.8,95.0,161.2,6.8,0.0,0.2,0.0,351.4,0.4547352832049441,0.5658730158730159
Matthew Semelsberger,29.4,36.2,0.8,20.2,4.6,4.6,21.0,3.2,5.2,70.0,78.8,2.0,1.2,0.4,0.0,121.2,0.40352040196118155,0.275
Maurice Greene,21.2,37.4,0.0,8.8,3.6,8.8,20.2,0.8,0.2,46.6,64.8,0.0,0.0,0.2,0.0,10.8,0.47124513995266576,0.0
Maurice Smith,14.0,38.0,0.0,5.6,5.0,3.4,4.6,8.8,0.6,20.8,44.8,0.0,0.0,0.4,0.0,72.0,0.6580793226381462,0.0
Mauricio Rua,32.0,45.8,0.6,14.8,5.6,11.6,28.2,1.4,2.4,65.4,83.4,1.4,0.0,0.0,0.0,156.6,0.4708088445639338,0.41666666666666663
Mauricio Ruffy,25.25,27.25,0.0,20.5,1.75,3.0,22.0,1.0,2.25,44.75,46.75,0.25,0.75,0.0,0.0,14.25,0.48912061137139223,0.0
Max Gimenis,3.0,3.0,0.0,0.0,1.0,2.0,3.0,0.0,0.0,7.0,7.0,0.0,0.0,0.0,0.0,0.0,0.42857142857142855,0.0
Max Griffin,34.6,42.4,0.8,24.2,6.4,4.0,32.4,1.0,1.2,89.0,98.8,3.4,0.2,0.0,0.0,137.0,0.4015094147768205,0.25
Max Holloway,136.0,138.0,0.0,64.6,42.4,29.0,131.8,0.4,3.8,255.6,257.6,0.0,0.8,0.2,0.0,30.4,0.5296043244100427,0.0
Max Rohskopf,17.0,17.0,2.0,9.0,1.0,7.0,17.0,0.0,0.0,54.0,55.0,6.0,0.0,1.0,0.0,67.0,0.3148148148148148,0.3333333333333333
Maxim Grishin,45.6,78.2,0.2,19.2,9.0,17.4,37.2,4.8,3.6,86.6,125.2,1.2,0.4,0.0,0.0,83.2,0.5441452486011918,0.3333333333333333
Maximo Blanco,42.4,55.0,1.0,36.0,3.8,2.6,36.6,5.4,0.4,80.8,95.6,3.2,0.4,0.2,0.4,66.4,0.4089010989010989,0.576923076923077
Maycee Barber,65.2,88.8,1.4,47.2,12.8,5.2,28.2,24.0,13.0,112.2,140.8,2.2,0.0,0.0,0.4,188.8,0.6068627784180786,0.5625
Mayra Bueno Silva,42.2,53.4,0.6,20.6,13.8,7.8,25.6,15.6,1.0,70.6,83.4,3.4,0.0,1.0,0.0,137.8,0.6040486422279188,0.1111111111111111
Megan Anderson,5.0,12.8,0.2,4.0,0.8,0.2,2.4,0.6,2.0,10.4,18.8,0.8,0.2,0.2,0.2,43.8,0.45777777777777773,0.16666666666666666
Mehdi Baghdad,30.5,33.0,0.0,16.5,4.0,10.0,27.0,1.5,2.0,99.0,101.5,0.5,0.5,0.0,0.0,3.5,0.255440414507772,0.0
Melinda Fabian,60.5,90.5,0.0,36.5,11.5,12.5,49.0,11.5,0.0,145.0,177.5,0.5,0.5,0.0,0.0,13.5,0.4174941949508424,0.0
Melissa Croden,99.0,148.0,2.0,74.0,12.0,13.0,57.0,13.0,29.0,175.0,230.0,3.0,1.0,0.0,0.0,305.0,0.5657142857142857,0.6666666666666666
Melissa Gatto,46.4,85.8,1.2,26.0,13.4,7.0,39.0,4.8,2.6,93.2,139.6,4.2,0.2,0.4,0.6,217.2,0.5046767250077417,0.33999999999999997
Melissa Martinez,53.666666666666664,64.33333333333333,0.3333333333333333,22.0,16.666666666666668,15.0,51.0,2.0,0.6666666666666666,114.0,125.33333333333333,0.6666666666666666,0.0,0.0,0.0,64.66666666666667,0.48107423340689054,0.5
Melissa Mullins,41.25,57.75,1.5,33.75,5.0,2.5,30.25,1.5,9.5,81.75,106.5,3.5,0.0,0.0,0.0,289.0,0.5178668800379327,0.35416666666666663
Melquizael Costa,43.2,82.0,1.4,23.6,10.4,9.2,30.8,6.0,6.4,82.0,126.2,3.6,0.0,1.0,0.8,155.4,0.5316666666666666,0.47333333333333333
Melsik Baghdasaryan,43.2,47.0,0.0,19.4,15.0,8.8,36.2,6.0,1.0,75.2,79.8,0.0,0.2,0.0,0.0,24.6,0.531001411969154,0.0
Melton Bowen,1.0,48.0,0.0,1.0,0.0,0.0,0.0,1.0,0.0,4.0,59.0,0.0,0.0,0.0,0.0,0.0,0.25,0.0
Melvin Guillard,27.4,29.2,0.0,17.8,5.0,4.6,20.2,4.8,2.4,72.0,73.8,0.6,0.4,0.2,0.0,21.4,0.36663806146983247,0.0
Merab Dvalishvili,86.6,181.4,8.6,57.8,16.0,12.8,55.2,14.6,16.8,195.0,298.0,21.0,0.0,0.4,0.0,399.8,0.44823331579994496,0.409017199017199
Michael Aswell Jr.,74.0,76.0,0.0,61.0,9.5,3.5,68.0,1.0,5.0,181.5,184.0,0.0,1.0,0.0,0.0,7.5,0.46871628910463864,0.0
Michael Bisping,56.4,63.8,0.0,37.4,5.4,13.6,52.6,1.2,2.6,166.2,174.0,0.2,0.6,0.0,0.0,9.6,0.3326759360588983,0.0
Michael Chandler,53.6,76.4,1.8,35.2,12.6,5.8,42.4,1.2,10.0,107.8,134.8,4.4,0.2,0.0,0.0,155.2,0.49921242004900146,0.4333333333333333
Michael Chiesa,24.4,43.2,0.8,16.8,7.6,0.0,17.2,6.0,1.2,58.4,80.2,3.4,0.0,0.4,0.0,84.4,0.36314832535885166,0.45
Michael Graves,15.666666666666666,35.333333333333336,4.0,12.0,2.3333333333333335,1.3333333333333333,5.666666666666667,3.3333333333333335,6.666666666666667,29.0,50.666666666666664,7.666666666666667,0.0,0.3333333333333333,0.3333333333333333,430.0,0.5166666666666667,0.49523809523809526
Michael Johnson,55.0,59.0,0.8,21.2,27.0,6.8,52.4,0.8,1.8,119.2,124.6,2.6,0.4,0.0,0.0,85.2,0.4690373882483808,0.125
Michael Kuiper,26.75,41.0,1.25,19.5,3.0,4.25,15.0,5.0,6.75,48.75,64.0,2.25,0.75,0.0,0.25,108.25,0.5834702626049737,0.5833333333333334
Michael McBride,49.5,91.0,1.5,30.0,10.0,9.5,43.5,1.5,4.5,101.5,150.5,3.5,0.0,1.0,0.5,43.5,0.4993435858964741,0.25
Michael McDonald,21.0,22.8,0.0,18.6,1.2,1.2,17.4,2.8,0.8,49.8,51.6,0.4,0.4,0.8,0.0,8.8,0.4106861953638565,0.0
Michael Morales,49.4,51.0,0.2,37.8,3.4,8.2,39.6,2.0,7.8,104.0,105.6,0.4,0.8,0.0,0.0,24.4,0.5487389439828465,0.5
Michael Page,33.5,48.5,0.0,21.25,7.75,4.5,30.5,2.25,0.75,57.5,75.0,1.25,0.0,0.0,0.0,62.25,0.5786319905335185,0.0
Michael Patt,7.0,8.0,0.0,3.0,0.5,3.5,6.0,1.0,0.0,24.5,25.5,0.5,0.0,0.0,0.0,0.0,0.30357142857142855,0.0
Michael Trizano,41.8,57.0,0.2,25.0,11.4,5.4,34.2,4.8,2.8,78.6,95.0,0.2,0.6,0.2,0.0,36.8,0.5312711581779327,1.0
Michal Figlak,60.0,77.5,0.5,36.5,12.5,11.0,56.5,2.0,1.5,153.0,172.0,4.0,0.0,0.0,0.0,96.0,0.3648809523809524,0.1
Michal Oleksiejczuk,28.6,32.2,0.6,19.0,6.8,2.8,20.6,0.8,7.2,55.2,61.0,1.4,0.4,0.0,0.0,46.0,0.453862664989091,0.42857142857142855
Micheal Gillmore,15.5,20.5,0.0,7.0,2.0,6.5,14.0,0.0,1.5,27.0,32.0,0.0,0.0,0.0,0.0,1.5,0.2980769230769231,0.0
Michel Batista,0.0,4.0,1.0,0.0,0.0,0.0,0.0,0.0,0.0,0.0,10.0,2.0,0.0,0.0,0.0,72.0,0.0,0.5
Michel Pereira,23.2,24.4,0.0,8.8,10.6,3.8,21.0,1.4,0.8,50.0,52.0,0.2,0.0,0.6,0.2,21.4,0.5441374663072776,0.0
Michel Prazeres,21.0,37.0,2.0,14.4,2.8,3.8,13.2,1.8,6.0,44.0,60.6,6.8,0.2,0.8,0.2,173.6,0.5068976789800589,0.38782051282051283
Michel Quinones,35.5,35.5,0.0,9.5,6.5,19.5,35.0,0.5,0.0,119.5,120.0,0.0,0.0,0.0,0.0,0.0,0.27337155598025165,0.0
Michelle Montague,41.0,99.0,5.0,34.0,6.0,1.0,12.0,1.0,28.0,88.0,164.0,7.0,0.0,0.0,0.0,643.0,0.4659090909090909,0.7142857142857143
Michelle Waterson-Gomez,42.4,52.4,1.0,18.8,10.8,12.8,33.4,5.0,4.0,106.6,119.0,3.2,0.0,0.0,0.0,110.2,0.41633793489852133,0.47333333333333333
Michihiro Omigawa,34.6,67.4,1.2,27.2,4.8,2.6,29.4,2.6,2.6,86.8,125.4,3.8,0.2,1.0,0.4,169.0,0.40330882160794823,0.22999999999999998
Michinori Tanaka,29.6,71.4,2.4,21.0,3.2,5.4,18.2,0.8,10.6,79.0,126.6,6.2,0.0,0.2,1.4,366.6,0.44000404864514986,0.41666666666666663
Mick Parkin,60.0,75.0,0.8,36.6,4.6,18.8,54.8,2.4,2.8,120.2,138.4,2.2,0.2,0.0,0.2,121.6,0.5109145599884516,0.65
Mickael Lebout,39.0,49.0,0.0,25.666666666666668,5.333333333333333,8.0,35.0,0.0,4.0,111.66666666666667,122.66666666666667,1.3333333333333333,0.0,0.0,1.0,154.66666666666666,0.3745167935603822,0.0
Mickey Gall,40.0,43.4,0.6,30.4,9.0,0.6,37.8,2.0,0.2,75.6,79.2,1.2,0.0,0.4,0.2,18.2,0.5396137263820191,0.5
Miesha Tate,68.8,122.2,1.8,42.6,20.6,5.6,48.6,9.2,11.0,142.4,208.4,6.2,0.0,0.2,0.0,321.8,0.5429358573844258,0.3219047619047619
Miguel Baeza,41.2,45.0,0.2,16.0,11.0,14.2,39.2,1.0,1.0,89.6,95.8,1.2,0.0,1.8,0.0,23.2,0.5032627507126828,0.16666666666666666
Miguel Torres,38.75,81.5,0.0,23.25,8.25,7.25,30.5,8.0,0.25,89.5,136.0,0.5,0.0,0.75,0.5,119.25,0.4287664736785133,0.0
Mike Breeden,50.75,54.0,0.75,35.75,12.75,2.25,46.0,4.0,0.75,101.75,105.5,1.5,0.25,0.0,0.0,30.0,0.40375302663438256,0.25
Mike Brown,36.8,86.6,2.4,21.2,6.6,9.0,11.8,12.0,13.0,68.2,130.0,8.0,0.0,0.0,0.0,286.4,0.624007321218355,0.48194444444444445
Mike Ciesnolevicz,1.5,1.5,0.0,1.5,0.0,0.0,1.5,0.0,0.0,3.0,3.0,1.0,0.0,1.0,0.0,0.0,0.5,0.0
Mike Davis,48.6,62.0,2.8,30.4,13.4,4.8,36.4,2.2,10.0,91.8,108.4,6.0,0.4,1.0,0.6,268.8,0.5241701090671342,0.4441287878787879
Mike Easton,47.0,68.2,0.8,19.2,12.2,15.6,36.8,8.4,1.8,142.2,166.2,3.8,0.0,0.0,0.2,74.4,0.33706482095383516,0.175
Mike Grundy,21.25,23.75,2.75,15.5,5.75,0.0,16.5,3.5,1.25,47.0,51.75,9.75,0.25,0.25,0.0,101.75,0.3500631313131313,0.4708333333333333
Mike Guymon,16.5,38.25,0.75,11.25,3.75,1.5,3.25,3.25,10.0,25.25,47.0,2.0,0.0,0.5,0.25,116.5,0.520042194092827,0.25
Mike Jackson,23.75,40.25,0.25,19.5,3.25,1.0,15.5,3.75,4.5,41.5,59.0,0.75,0.0,0.0,0.0,113.75,0.5614364364364364,0.3333333333333333
Mike King,38.0,60.0,1.0,33.0,3.0,2.0,17.0,5.0,16.0,65.0,103.0,4.0,1.0,2.0,0.0,141.0,0.5846153846153846,0.25
Mike Kyle,10.0,28.333333333333332,0.3333333333333333,5.333333333333333,3.0,1.6666666666666667,2.3333333333333335,5.333333333333333,2.3333333333333335,15.333333333333334,36.666666666666664,0.6666666666666666,0.6666666666666666,0.3333333333333333,0.0,107.33333333333333,0.6569444444444444,0.5
Mike Lullo,31.5,62.5,1.0,8.0,5.0,18.5,23.0,8.5,0.0,87.0,119.5,9.0,0.0,0.5,0.0,149.0,0.3310077519379845,0.07692307692307693
Mike Malott,41.6,52.8,1.4,21.2,9.6,10.8,36.0,0.6,5.0,78.8,91.8,2.6,0.4,0.4,0.4,120.8,0.5389711974295424,0.47916666666666663
Mike Massenzio,22.2,29.6,1.8,18.4,2.4,1.4,19.4,2.2,0.6,49.4,57.4,8.0,0.0,0.4,0.0,189.0,0.35469201078957174,0.2743612596553773
Mike Nickels,12.0,22.0,2.0,6.5,5.0,0.5,1.5,4.0,6.5,23.0,33.0,2.5,0.0,0.5,0.0,97.5,0.4084084084084084,0.75
Mike Perry,58.6,71.6,0.8,35.4,9.8,13.4,50.6,4.2,3.8,121.8,135.0,2.4,0.2,0.4,0.0,180.0,0.487386453794021,0.425
Mike Pierce,17.4,28.6,1.4,13.4,2.4,1.6,11.0,4.6,1.8,48.4,61.8,4.4,0.4,0.0,0.0,221.4,0.39097332345651914,0.3
Mike Pyle,20.4,25.4,0.2,14.0,3.0,3.4,15.0,3.6,1.8,51.8,57.4,0.8,0.0,0.6,0.4,30.8,0.3228226857887875,0.25
Mike Rhodes,33.333333333333336,37.333333333333336,0.6666666666666666,17.333333333333332,4.666666666666667,11.333333333333334,30.666666666666668,2.6666666666666665,0.0,84.66666666666667,89.66666666666667,2.0,0.0,0.3333333333333333,0.0,63.0,0.49143292020004353,0.25
Mike Ricci,27.0,32.0,0.6666666666666666,17.666666666666668,7.333333333333333,2.0,18.333333333333332,1.3333333333333333,7.333333333333333,83.33333333333333,89.0,0.6666666666666666,0.0,0.0,1.0,99.33333333333333,0.39938924474899445,1.0
Mike Rio,12.25,23.25,1.25,6.5,2.75,3.0,7.25,4.75,0.25,31.0,43.75,4.5,0.0,0.5,0.0,107.75,0.41636613582803683,0.17424242424242425
Mike Rodriguez,35.8,46.4,0.0,14.6,12.2,9.0,20.4,13.6,1.8,65.2,76.4,0.2,0.6,0.0,0.0,43.6,0.6064757375241246,0.0
Mike Russow,15.4,28.4,2.0,14.0,1.4,0.0,11.0,2.6,1.8,34.4,49.4,6.2,0.2,0.0,0.0,216.8,0.4190943215943216,0.31666666666666665
Mike Santiago,25.0,42.333333333333336,1.6666666666666667,13.333333333333334,6.0,5.666666666666667,7.666666666666667,12.0,5.333333333333333,49.0,68.33333333333333,3.3333333333333335,0.0,0.6666666666666666,0.3333333333333333,138.66666666666666,0.3345928584923484,0.6428571428571428
Mike Stumpf,31.5,46.5,1.0,13.0,8.0,10.5,25.5,6.0,0.0,73.0,89.5,4.0,0.0,0.5,0.0,86.5,0.22183098591549297,0.25
Mike Swick,18.4,37.2,0.4,12.2,4.0,2.2,12.4,5.2,0.8,64.6,86.2,1.4,0.0,0.2,0.0,78.0,0.2956792643416977,0.5
Mike Wessel,13.0,45.0,3.0,8.0,5.0,0.0,2.0,8.0,3.0,23.0,58.0,6.0,0.0,0.0,0.0,238.0,0.5652173913043478,0.5
Mike Whitehead,27.0,37.0,5.0,15.0,8.0,4.0,22.0,3.0,2.0,73.0,83.0,12.0,0.0,0.0,0.0,380.0,0.3698630136986301,0.4166666666666667
Mike Wilkinson,19.25,51.75,0.5,12.25,2.5,4.5,12.5,2.0,4.75,50.25,90.5,3.5,0.25,0.5,0.25,108.25,0.5762100082034455,0.3611111111111111
Mike de la Torre,14.0,31.4,0.0,11.6,2.0,0.4,7.6,3.6,2.8,30.2,49.0,0.6,0.2,0.0,0.0,56.2,0.31228070175438594,0.0
Mike van Arsdale,17.5,36.25,0.75,9.25,7.0,1.25,4.25,1.25,12.0,44.0,64.5,3.75,0.0,0.25,0.25,132.75,0.34791666666666665,0.3402777777777778
Mikey Burnett,36.0,100.66666666666667,1.0,18.333333333333332,15.333333333333334,2.3333333333333335,11.333333333333334,17.333333333333332,7.333333333333333,86.0,155.0,1.0,0.3333333333333333,1.3333333333333333,0.3333333333333333,0.0,0.4647502153316107,1.0
Milana Dudieva,9.333333333333334,31.333333333333332,1.6666666666666667,4.666666666666667,2.6666666666666665,2.0,6.0,3.0,0.3333333333333333,29.333333333333332,57.333333333333336,3.6666666666666665,0.0,0.0,0.0,116.33333333333333,0.22241922773837666,0.4666666666666666
Miles Johns,43.4,54.6,1.4,33.4,6.2,3.8,41.4,1.8,0.2,110.0,126.0,4.2,0.0,0.0,0.4,155.0,0.4066343753677793,0.175
Milton Vieira,23.5,62.5,3.0,12.5,8.0,3.0,18.0,2.0,3.5,56.0,101.0,4.5,0.0,0.0,0.0,278.5,0.4423076923076923,0.5833333333333334
Minoki Ichihara,3.0,12.0,0.0,3.0,0.0,0.0,0.0,0.0,3.0,7.0,16.0,0.0,0.0,0.0,0.0,0.0,0.42857142857142855,0.0
Miranda Granger,27.75,45.75,0.0,14.0,4.75,9.0,19.25,7.5,1.0,59.0,78.25,0.0,0.0,0.0,0.25,53.0,0.48899629781982723,0.0
Miranda Maverick,36.2,85.2,2.0,17.2,8.2,10.8,29.4,2.2,4.6,83.4,145.0,6.6,0.0,0.4,0.2,344.8,0.4445729151611505,0.2661111111111111
Mirko Filipovic,26.6,53.4,0.0,18.6,6.0,2.0,12.0,10.4,4.2,62.6,91.8,0.6,0.2,0.4,0.0,92.8,0.43976403454074786,0.0
Mirsad Bektic,16.6,44.8,2.4,10.0,4.2,2.4,10.4,3.4,2.8,53.6,89.8,4.6,0.2,0.2,0.0,295.4,0.3536356153210086,0.5259259259259259
Misha Cirkunov,17.4,27.6,1.4,8.8,4.6,4.0,9.0,2.4,6.0,34.2,45.2,5.2,0.0,0.4,0.4,115.6,0.527029082029082,0.2818627450980392
Mitch Clarke,28.6,50.8,0.0,13.2,5.8,9.6,21.0,6.8,0.8,66.6,91.4,1.8,0.0,0.2,0.2,67.8,0.3800889271371199,0.0
Mitch Gagnon,31.2,46.0,0.8,18.4,8.8,4.0,18.6,7.2,5.4,66.0,80.8,3.4,0.4,1.6,0.2,149.4,0.43880195681876355,0.2833333333333333
Mitch Ramirez,33.5,42.5,0.0,15.5,6.5,11.5,29.5,4.0,0.0,79.5,91.5,1.0,0.0,0.0,0.0,13.0,0.3963963963963964,0.0
Mitch Raposo,23.666666666666668,32.666666666666664,2.3333333333333335,16.0,6.333333333333333,1.3333333333333333,23.333333333333332,0.3333333333333333,0.0,56.0,66.0,7.0,0.0,0.0,0.0,105.33333333333333,0.4072506440927493,0.40789473684210525
Mizuki,66.75,118.25,0.75,50.25,13.25,3.25,41.25,18.25,7.25,126.5,184.5,2.25,0.25,0.0,0.25,277.0,0.54700415076173,0.375
Mizuto Hirota,52.2,88.0,1.6,40.2,4.0,8.0,40.4,4.8,7.0,142.8,184.2,3.6,0.0,0.2,0.0,177.8,0.37089590785896026,0.3142857142857143
Modestas Bukauskas,25.8,33.0,0.4,19.8,2.6,3.4,21.2,1.0,3.6,52.8,61.8,0.4,0.2,0.2,0.0,105.8,0.49066001872833376,1.0
Mohammad Yahya,34.666666666666664,37.0,0.3333333333333333,23.666666666666668,9.333333333333334,1.6666666666666667,34.0,0.6666666666666666,0.0,87.0,89.33333333333333,1.6666666666666667,0.0,0.3333333333333333,0.0,9.666666666666666,0.3556989900928859,0.5
Mohammed Usman,59.6,80.6,0.6,35.6,23.6,0.4,57.8,1.0,0.8,150.2,179.8,4.0,0.0,0.0,0.0,182.0,0.36974206430792045,0.125
Molly McCann,19.2,25.4,0.8,11.0,6.8,1.4,15.8,0.8,2.6,39.4,46.6,1.8,0.0,0.2,0.0,57.2,0.475,0.6428571428571428
Montana De La Rosa,37.0,60.2,1.2,26.6,6.6,3.8,25.4,5.4,6.2,95.6,126.2,2.4,0.0,0.2,0.2,186.6,0.439827688651218,0.41666666666666663
Montel Jackson,24.2,35.0,0.6,17.8,2.8,3.6,18.8,1.8,3.6,53.8,66.4,2.4,0.6,0.2,0.0,130.6,0.4862370334068447,0.4166666666666667
Montse Rendon,46.333333333333336,66.66666666666667,2.0,31.666666666666668,7.0,7.666666666666667,41.0,1.0,4.333333333333333,165.0,193.66666666666666,5.333333333333333,0.0,0.3333333333333333,0.0,240.0,0.273424414560387,0.3666666666666667
Montserrat Conejo Ruiz,22.8,51.8,1.2,13.6,1.4,7.8,22.0,0.6,0.2,77.6,110.4,2.4,0.0,0.4,0.2,168.6,0.29795658415274395,0.6555555555555556
Morgan Charriere,40.6,53.0,1.4,24.6,9.8,6.2,36.2,2.4,2.0,81.2,96.2,3.0,0.6,0.2,0.6,124.8,0.5277192823881842,0.5333333333333333
Mostapha Al-Turk,10.333333333333334,11.333333333333334,0.0,4.333333333333333,1.0,5.0,9.333333333333334,1.0,0.0,53.666666666666664,54.666666666666664,3.0,0.0,0.0,0.0,33.0,0.29397491980169144,0.0
Moti Horenstein,0.5,14.5,0.0,0.0,0.5,0.0,0.0,0.0,0.5,1.5,17.0,0.0,0.0,0.0,0.0,0.0,0.25,0.0
Motonobu Tezuka,13.0,28.5,1.5,4.5,0.5,8.0,12.5,0.5,0.0,55.0,82.0,13.5,0.0,0.5,0.0,347.0,0.2038095238095238,0.11666666666666667
Mounir Lazzez,62.5,66.5,1.0,37.5,13.25,11.75,56.25,4.75,1.5,113.0,117.25,1.75,0.0,0.0,0.0,99.0,0.6970719252498914,0.3333333333333333
Movsar Evloev,51.4,145.6,6.2,40.8,6.2,4.4,33.6,4.6,13.2,98.4,202.6,11.6,0.0,0.4,0.2,406.4,0.48317293795417565,0.5840707821590174
Muhammad Mokaev,25.6,83.8,3.8,14.0,8.2,3.4,17.8,1.2,6.6,55.8,120.2,9.8,0.0,0.8,0.0,403.4,0.4950704986070839,0.4764285714285714
Muhammad Naimov,25.8,61.4,1.8,16.0,5.4,4.4,17.8,4.2,3.8,62.8,111.8,4.0,0.0,0.2,0.2,215.6,0.42533863787060716,0.5955555555555556
Muin Gafurov,36.5,69.25,0.25,23.0,7.5,6.0,26.25,6.0,4.25,80.25,120.25,2.75,0.25,0.0,0.25,169.25,0.4487378268193734,0.08333333333333333
Murilo Bustamante,13.0,22.75,2.5,11.5,1.25,0.25,6.0,1.5,5.5,25.75,36.5,8.25,0.5,0.75,0.0,180.5,0.549702380952381,0.5964285714285714
Muslim Salikhov,16.2,20.8,0.0,5.6,5.0,5.6,15.8,0.2,0.2,37.0,42.0,1.2,0.4,0.0,0.0,0.4,0.45646595828414005,0.0
Myktybek Orolbai,30.2,42.8,3.4,23.0,3.8,3.4,21.8,1.0,7.4,62.8,77.8,7.4,0.4,0.4,0.2,245.2,0.42766601590131004,0.4985294117647059
Myles Jury,32.2,37.8,0.6,22.6,5.2,4.4,22.0,1.4,8.8,61.2,67.6,0.8,0.2,0.0,0.2,122.6,0.4560504254781363,0.8333333333333333
Nad Narimani,45.5,64.25,1.75,33.25,6.75,5.5,29.75,4.75,11.0,106.5,129.25,4.25,0.0,0.0,0.0,224.25,0.43581512511995274,0.24848484848484845
Nadia Kassem,34.0,67.33333333333333,0.3333333333333333,11.666666666666666,16.333333333333332,6.0,26.333333333333332,5.333333333333333,2.3333333333333335,81.0,121.0,1.0,0.0,2.0,0.6666666666666666,67.33333333333333,0.5176784199684964,0.25
Nah-Shon Burrell,88.5,102.0,0.0,60.5,22.5,5.5,52.0,22.5,14.0,168.5,183.0,0.5,0.0,0.5,0.5,90.0,0.5114975512702786,0.0
Nam Phan,58.6,61.2,0.0,42.4,12.6,3.6,58.2,0.2,0.2,200.8,203.8,1.0,0.0,0.0,0.0,9.6,0.2817655160158159,0.0
Nandor Guelmino,56.0,75.0,0.0,16.0,29.0,11.0,29.0,17.0,10.0,99.0,123.0,3.0,0.0,0.0,0.0,228.0,0.5656565656565656,0.0
Naoki Inoue,55.0,107.5,0.0,41.0,2.0,12.0,38.5,6.5,10.0,156.0,220.0,1.5,0.0,2.5,0.5,277.5,0.3896903589021815,0.0
Naoyuki Kotani,11.0,35.2,0.6,6.0,0.8,4.2,8.0,0.8,2.2,35.2,60.4,3.6,0.0,0.6,0.6,130.2,0.30053946053946057,0.40625
Nasrat Haqparast,95.6,98.2,0.2,72.0,22.0,1.6,88.2,5.2,2.2,201.6,205.0,2.0,0.4,0.0,0.0,15.6,0.5462133239959517,0.1
Nassourdine Imavov,69.4,89.2,0.4,49.0,11.8,8.6,51.4,7.8,10.2,120.4,145.0,1.2,0.4,0.2,0.0,144.4,0.5702389113032819,0.3333333333333333
Natalia Silva,62.0,69.8,0.0,36.6,14.8,10.6,59.6,2.0,0.4,143.8,152.2,0.4,0.2,0.0,0.0,16.0,0.4204919516867583,0.0
Natan Levy,53.5,60.5,4.75,28.25,17.0,8.25,49.0,1.75,2.75,103.0,110.75,8.5,0.0,0.0,0.0,145.25,0.6019365487115529,0.6477678571428571
Nate Diaz,100.0,162.6,0.4,69.4,23.0,7.6,67.4,28.4,4.2,205.4,275.0,2.0,0.2,0.2,0.2,173.2,0.4798328645261689,0.38095238095238093
Nate Landwehr,52.6,55.2,0.2,38.2,8.2,6.2,43.6,7.4,1.6,129.2,133.2,1.2,0.2,0.2,0.0,23.8,0.4128431759213087,0.25
Nate Loughran,13.0,19.0,0.0,3.0,6.0,4.0,12.5,0.5,0.0,32.5,38.5,1.5,0.0,1.0,0.0,0.0,0.3682795698924731,0.0
Nate Maness,31.0,75.0,0.2,23.6,5.2,2.2,18.2,4.6,8.2,59.2,108.8,0.2,0.2,0.4,0.0,73.8,0.4700793650793651,1.0
Nate Marquardt,30.4,45.2,0.8,13.6,8.0,8.8,24.4,4.0,2.0,59.0,74.8,1.6,0.4,0.0,0.0,103.2,0.52857726344452,0.5
Nate Mohr,31.5,40.5,0.25,20.75,3.75,7.0,27.5,2.25,1.75,75.25,85.25,0.5,0.0,0.0,0.0,30.25,0.515271956448427,0.5
Nate Quarry,34.4,52.8,0.2,17.4,5.0,12.0,24.6,3.8,6.0,80.0,103.2,0.4,0.4,0.0,0.0,119.0,0.4137422859299774,0.5
Nate Schroeder,9.0,12.0,1.0,0.0,3.0,6.0,4.0,5.0,0.0,18.0,23.0,6.0,0.0,0.0,1.0,210.0,0.5,0.16666666666666666
Nathan Coy,23.666666666666668,36.0,1.6666666666666667,15.333333333333334,6.333333333333333,2.0,14.0,3.0,6.666666666666667,60.0,74.33333333333333,2.3333333333333335,0.0,0.0,0.0,162.33333333333334,0.4329133866735493,0.8666666666666667
Nathan Fletcher,25.333333333333332,52.333333333333336,1.6666666666666667,18.0,4.333333333333333,3.0,11.333333333333334,11.0,3.0,42.333333333333336,70.66666666666667,4.333333333333333,0.0,0.3333333333333333,0.0,148.0,0.5728571428571428,0.40476190476190477
Nathaniel Wood,74.2,89.8,1.0,43.0,8.0,23.2,62.4,3.0,8.8,121.6,138.4,2.4,0.8,0.4,0.2,122.2,0.6278462896347147,0.48412698412698413
Navajo Stirling,89.66666666666667,108.0,1.3333333333333333,43.666666666666664,32.666666666666664,13.333333333333334,74.66666666666667,7.0,8.0,179.33333333333334,205.66666666666666,3.0,0.3333333333333333,0.0,0.0,156.0,0.5015909743962009,0.425
Nazareno Malegarie,58.0,68.0,1.0,49.0,8.0,1.0,55.0,3.0,0.0,166.0,178.0,3.0,0.0,0.0,0.0,49.0,0.3493975903614458,0.3333333333333333
Nazim Sadykhov,53.8,63.2,1.0,35.6,13.0,5.2,39.2,9.8,4.8,110.0,121.2,1.8,0.4,0.2,0.2,82.0,0.4720808080808081,0.5238095238095238
Neil Grove,0.0,2.0,0.0,0.0,0.0,0.0,0.0,0.0,0.0,3.0,6.0,0.0,0.0,1.0,0.0,22.0,0.0,0.0
Neil Magny,29.0,59.8,1.2,25.2,2.4,1.4,14.6,1.4,13.0,51.4,85.4,3.8,0.0,0.2,0.0,113.6,0.5368188609443635,0.35333333333333333
Neil Seery,47.4,77.2,0.6,41.8,2.4,3.2,35.2,6.8,5.4,114.8,146.8,3.0,0.2,2.0,0.6,50.4,0.420184036261844,0.18333333333333335
Neil Wain,4.0,8.0,0.0,4.0,0.0,0.0,3.0,1.0,0.0,8.0,12.0,0.0,0.0,0.0,0.0,0.0,0.5,0.0
Nicco Montano,112.0,150.5,3.0,75.5,11.5,25.0,93.5,8.0,10.5,267.5,313.5,5.5,0.0,0.5,0.5,371.0,0.44445369753497665,0.55
Nicholas Musoke,53.0,70.0,1.0,36.0,11.6,5.4,44.0,6.2,2.8,150.0,168.4,6.0,0.0,0.0,0.0,280.4,0.35844068199579837,0.18666666666666668
Nick Agallar,5.0,10.0,0.0,2.0,0.0,3.0,4.0,1.0,0.0,43.0,48.0,2.0,0.0,0.0,0.0,67.0,0.11627906976744186,0.0
Nick Aguirre,9.5,16.5,1.0,9.0,0.5,0.0,9.0,0.5,0.0,28.0,38.0,5.0,0.0,0.5,0.5,210.5,0.36742424242424243,0.2
Nick Catone,23.6,44.8,2.6,13.8,3.4,6.4,11.8,6.6,5.2,59.2,83.8,7.8,0.0,0.0,0.2,244.0,0.4400036138292431,0.3547979797979798
Nick Denis,17.5,24.0,0.5,13.0,3.0,1.5,7.5,8.5,1.5,33.0,41.5,0.5,0.5,0.0,0.0,62.5,0.5182002022244692,1.0
Nick Diaz,110.2,136.8,0.2,73.0,29.4,7.8,98.6,11.4,0.2,258.8,287.0,1.0,0.0,0.2,0.0,69.2,0.40492812820524565,0.1111111111111111
Nick Fiore,42.5,55.0,2.5,37.0,4.0,1.5,31.0,8.0,3.5,91.5,105.5,5.5,0.0,0.0,0.0,160.5,0.4661290322580645,0.41666666666666663
Nick Hein,29.4,37.4,0.6,19.6,5.8,4.0,28.6,0.8,0.0,94.2,102.6,1.6,0.0,0.0,0.2,7.4,0.3052129989338517,0.3666666666666667
Nick Klein,19.0,34.5,2.5,5.0,3.5,10.5,14.5,4.5,0.0,33.5,51.5,8.0,0.0,0.5,0.0,233.0,0.5424430641821947,0.3412698412698413
Nick Maximov,20.25,51.0,3.75,15.5,3.25,1.5,15.25,3.25,1.75,49.5,89.75,8.0,0.0,0.25,0.75,272.5,0.4228535353535353,0.31805555555555554
Nick Osipczak,35.4,62.0,1.0,19.6,8.0,7.8,16.0,11.0,8.4,69.8,97.6,2.2,0.4,0.8,0.4,165.2,0.5166658813678965,0.475
Nick Pace,26.666666666666668,44.0,3.3333333333333335,12.0,7.0,7.666666666666667,20.666666666666668,5.0,1.0,76.33333333333333,96.33333333333333,5.333333333333333,0.0,0.6666666666666666,0.0,285.0,0.3752025502400315,0.5370370370370371
Nick Penner,6.0,16.0,0.0,5.0,1.0,0.0,4.0,1.0,1.0,20.0,31.5,0.0,0.5,0.0,0.5,59.0,0.30808080808080807,0.0
Nick Ring,54.2,79.2,1.6,25.6,11.2,17.4,42.0,6.2,6.0,121.2,152.2,4.2,0.0,0.4,0.0,184.0,0.45856357169299383,0.3
Nick Roehrick,28.0,29.0,0.0,22.0,6.0,0.0,25.0,3.0,0.0,160.0,161.0,0.0,0.0,0.0,0.0,14.0,0.175,0.0
Nick Sanzo,0.0,0.0,0.0,0.0,0.0,0.0,0.0,0.0,0.0,0.0,0.0,1.0,0.0,0.0,0.0,0.0,0.0,0.0
Nick Serra,0.0,23.0,1.0,0.0,0.0,0.0,0.0,0.0,0.0,8.0,31.0,10.0,0.0,2.0,0.0,105.0,0.0,0.1
Nick Thompson,25.0,56.0,1.0,16.0,7.0,2.0,7.0,3.5,14.5,57.0,89.5,1.0,0.0,1.5,1.5,219.0,0.36715620827770357,1.0
Nicolae Negumereanu,39.8,53.0,0.8,30.6,3.4,5.8,29.6,9.0,1.2,96.6,111.8,2.8,0.0,0.0,0.0,152.2,0.39427688391964366,0.26666666666666666
Nicolas Dalby,51.4,83.6,0.4,28.6,15.4,7.4,28.4,20.4,2.6,104.8,142.2,2.4,0.4,0.0,0.2,238.2,0.46797986808817615,0.1
Nicolle Caliari,49.5,60.5,2.0,31.0,12.5,6.0,46.5,2.5,0.5,133.5,149.0,11.0,0.0,0.0,0.0,137.0,0.36022307049982105,0.16964285714285715
Nik Lentz,51.8,61.0,2.0,33.0,11.4,7.4,34.2,9.2,8.4,114.2,126.2,8.4,0.2,0.8,0.2,177.0,0.46779537093113766,0.27263157894736845
Nikita Krylov,22.0,48.2,1.8,15.4,3.8,2.8,15.2,3.8,3.0,46.6,76.6,4.4,0.4,0.6,0.4,145.0,0.4595446443040026,0.675
Niklas Backstrom,7.666666666666667,12.0,1.3333333333333333,4.0,2.0,1.6666666666666667,5.0,2.0,0.6666666666666666,18.333333333333332,23.666666666666668,1.6666666666666667,0.0,1.0,0.3333333333333333,127.0,0.4516129032258065,0.8
Niklas Stolze,16.0,22.666666666666668,0.3333333333333333,6.666666666666667,3.3333333333333335,6.0,13.333333333333334,1.6666666666666667,1.0,33.0,40.333333333333336,0.3333333333333333,0.0,0.3333333333333333,0.0,7.0,0.5802808302808303,1.0
Niko Price,54.0,78.8,1.0,35.2,9.4,9.4,41.0,6.4,6.6,118.4,147.0,2.4,0.0,0.2,0.2,73.2,0.41449302280899136,0.25
Nikolas Motta,37.2,41.4,0.0,27.4,6.2,3.6,30.0,2.8,4.4,91.4,97.4,0.0,0.8,0.0,0.0,23.4,0.418052336735477,0.0
Nikolay Veretennikov,30.0,49.5,0.5,14.25,13.0,2.75,22.0,6.0,2.0,57.0,76.75,2.25,0.0,0.5,0.25,52.75,0.5224923722349352,0.1111111111111111
Nina Nunes,47.2,57.0,0.0,26.4,6.2,14.6,43.2,2.2,1.8,113.6,124.0,0.2,0.0,0.0,0.0,6.6,0.44394813591789883,0.0
Nissen Osterneck,35.0,74.0,1.0,11.0,14.0,10.0,10.0,19.0,6.0,70.0,110.0,8.0,0.0,1.0,1.0,290.0,0.5,0.125
Noad Lahat,26.5,53.75,1.5,18.25,3.75,4.5,12.75,7.5,6.25,56.5,87.5,5.75,0.0,1.5,1.0,174.0,0.486043956043956,0.39215686274509803
Noe Hernandez,9.0,11.0,1.0,8.0,0.0,1.0,5.0,3.0,1.0,38.0,40.0,1.0,0.0,0.0,0.0,0.0,0.23684210526315788,1.0
Nohelin Hernandez,14.0,18.5,0.5,9.0,2.0,3.0,5.5,2.0,6.5,41.0,46.0,1.0,0.0,0.0,0.5,107.5,0.322463768115942,0.5
Nolan Ticman,38.5,41.5,0.0,18.5,7.5,12.5,21.0,13.0,4.5,81.0,84.0,2.5,0.0,0.0,0.5,58.0,0.4743811666955167,0.0
Nora Cornolle,33.0,64.8,0.2,12.8,10.4,9.8,19.8,12.8,0.4,60.2,100.6,1.8,0.2,0.2,0.8,98.0,0.5880363669442122,0.1111111111111111
Nordine Taleb,31.0,31.2,0.2,10.0,8.6,12.4,30.2,0.4,0.4,67.8,68.0,0.4,0.2,0.0,0.0,2.8,0.5367587165387636,0.5
Norifumi Yamamoto,17.75,21.0,0.5,12.5,3.0,2.25,14.5,2.75,0.5,47.75,51.0,2.0,0.0,0.0,0.25,79.0,0.39954866562009417,0.25
Norma Dumont,62.8,91.2,2.0,33.4,15.6,13.8,54.4,6.2,2.2,120.4,156.4,3.4,0.0,0.0,0.0,289.4,0.5056909481937216,0.6875
Norman Parke,33.2,37.8,1.6,21.4,7.2,4.6,22.2,5.6,5.4,104.6,109.4,6.6,0.0,0.0,0.0,206.4,0.3156470545564854,0.36666666666666664
Nursulton Ruziboev,20.8,27.6,0.4,14.4,5.2,1.2,14.8,1.6,4.4,44.6,53.6,0.6,0.6,0.0,0.6,55.2,0.49262371615312794,0.75
Nurullo Aliev,35.0,78.66666666666667,2.0,28.333333333333332,5.0,1.6666666666666667,23.333333333333332,2.6666666666666665,9.0,83.33333333333333,141.0,3.6666666666666665,0.0,0.3333333333333333,0.3333333333333333,456.0,0.41861564361564363,0.65
Nyamjargal Tumendemberel,26.0,28.0,0.0,18.0,5.0,3.0,24.0,1.0,1.0,93.0,95.0,3.0,1.0,1.0,1.0,15.0,0.27956989247311825,0.0
Oban Elliott,47.25,67.5,1.0,30.0,8.25,9.0,34.5,2.25,10.5,96.0,122.0,2.25,0.25,0.0,0.0,235.75,0.46519170783686914,0.3666666666666667
Ode Osbourne,18.8,26.6,0.4,12.6,2.8,3.4,13.6,0.2,5.0,41.6,52.0,1.0,0.4,0.4,0.4,33.6,0.3315834986833619,0.41666666666666663
Oleg Taktarov,4.4,38.8,0.0,2.6,0.2,1.6,4.0,0.4,0.0,19.0,54.4,1.8,0.0,1.6,0.0,0.0,0.20789968652037621,0.0
Oli Thompson,23.5,30.5,0.0,9.5,8.5,5.5,18.0,5.5,0.0,48.5,56.5,2.0,0.0,0.5,0.0,26.5,0.4910138248847926,0.0
Oliver Enkamp,20.5,26.0,0.5,8.0,7.5,5.0,13.5,7.0,0.0,56.5,64.0,3.0,0.0,0.0,0.0,35.5,0.459983498349835,0.1
Olivier Aubin-Mercier,23.0,35.0,1.2,15.2,5.8,2.0,15.2,4.8,3.0,48.0,61.0,3.2,0.2,0.2,0.0,130.6,0.5293176328502416,0.30158730158730157
Oluwale Bamgbose,15.6,29.4,0.4,7.4,4.4,3.8,10.0,3.0,2.6,32.4,48.8,1.2,0.4,0.0,0.0,28.4,0.4991967109424415,0.2
Omar Morales,39.0,44.4,0.4,26.0,5.4,7.6,34.8,3.8,0.4,92.4,98.6,0.4,0.0,0.0,0.6,34.4,0.4401053921568628,1.0
Omari Akhmedov,37.4,59.8,2.4,28.0,5.6,3.8,28.0,3.4,6.0,107.6,132.6,5.8,0.0,0.2,0.0,156.0,0.3957352729705298,0.45777777777777773
Orion Cosce,21.0,52.0,1.6666666666666667,13.333333333333334,5.333333333333333,2.3333333333333335,12.666666666666666,4.333333333333333,4.0,45.333333333333336,79.0,4.666666666666667,0.0,0.0,0.0,321.6666666666667,0.4679487179487179,0.35416666666666663
Orlando Wiet,4.5,8.0,0.0,3.5,0.5,0.5,1.0,0.0,3.5,7.0,11.0,0.0,0.0,0.0,0.0,0.0,0.5833333333333333,0.0
Oskar Piechota,21.4,29.6,0.2,16.0,3.6,1.8,14.4,4.6,2.4,43.8,53.2,0.4,0.4,0.4,0.2,46.0,0.5258763739250536,0.5
Ottman Azaitar,16.6,18.0,0.0,10.8,4.8,1.0,11.6,3.4,1.6,37.2,39.0,0.0,0.2,0.0,0.0,3.4,0.4802417708078085,0.0
Oumar Sy,35.25,39.0,1.75,18.5,7.0,9.75,29.0,3.0,3.25,72.75,79.0,4.75,0.0,0.25,0.0,213.25,0.33737887596899224,0.41309523809523807
Ovince Saint Preux,44.4,45.0,0.2,24.0,14.8,5.6,42.0,2.2,0.2,84.4,85.4,1.8,0.2,0.0,0.0,19.2,0.5067184265010352,0.05
Ozzy Diaz,72.0,72.5,0.0,61.5,7.0,3.5,69.5,2.5,0.0,136.5,137.0,0.0,0.0,0.0,0.0,0.0,0.6336206896551724,0.0
Pablo Garza,30.8,53.8,0.6,16.8,8.4,5.6,14.8,3.6,12.4,70.4,96.8,2.4,0.0,0.6,0.2,107.8,0.4236185147723376,0.18
Paddy Holohan,24.4,56.0,2.2,14.4,5.2,4.8,15.6,0.6,8.2,52.6,88.6,4.6,0.2,1.0,0.4,365.6,0.45270125297711505,0.40555555555555556
Paddy Pimblett,54.8,81.8,0.6,36.6,6.4,11.8,35.0,4.0,15.8,103.0,135.4,2.0,0.2,1.2,0.2,190.6,0.5319196932100158,0.4375
Paige VanZant,20.8,34.8,0.0,11.6,5.0,4.2,13.4,1.2,6.2,45.0,61.0,0.8,0.2,0.4,0.2,94.4,0.5001497623531522,0.0
Pannie Kianzad,48.8,90.6,0.6,31.8,11.8,5.2,33.2,13.2,2.4,99.4,152.4,1.0,0.0,0.0,0.2,157.6,0.45358089389601997,0.6666666666666666
Papy Abedi,24.25,32.5,2.0,10.5,11.5,2.25,9.0,8.5,6.75,44.0,53.0,3.5,0.0,0.75,0.0,201.75,0.5292580409356725,0.5333333333333333
Parker Porter,15.4,25.8,0.4,10.2,1.0,4.2,11.0,1.8,2.6,33.6,47.6,2.0,0.0,0.0,0.0,87.6,0.43526456881409714,0.08333333333333333
Pascal Krauss,66.75,124.0,1.25,43.0,11.5,12.25,44.0,15.0,7.75,140.25,201.5,2.5,0.0,0.75,0.0,205.0,0.43525319917250044,0.3958333333333333
Pat Audinwood,11.0,12.5,0.5,5.0,5.0,1.0,11.0,0.0,0.0,85.0,87.5,1.0,0.0,0.0,0.0,4.0,0.24614197530864196,0.5
Pat Barry,8.2,9.6,0.0,6.0,0.4,1.8,6.2,1.0,1.0,11.2,13.0,0.2,0.4,0.2,0.0,38.2,0.6676456876456875,0.0
Pat Healy,48.4,95.6,1.8,29.2,14.6,4.6,32.4,10.8,5.2,142.2,196.2,7.0,0.0,0.4,0.0,216.6,0.36543046345524116,0.21587301587301586
Pat Miletich,12.8,40.4,1.2,9.4,1.2,2.2,8.0,1.8,3.0,28.0,56.2,1.2,0.2,0.6,0.0,170.0,0.5129699248120301,1.0
Pat Sabatini,14.6,58.4,3.0,12.4,1.8,0.4,2.6,1.4,10.6,22.4,71.4,5.0,0.0,0.6,0.0,417.4,0.6285497113194555,0.5433333333333333
Pat Schilling,15.5,15.5,0.0,11.0,2.5,2.0,15.5,0.0,0.0,57.5,57.5,8.5,0.0,0.0,0.0,30.5,0.4107142857142857,0.0
Patchy Mix,79.5,98.5,2.5,57.5,10.0,12.0,71.5,4.5,3.5,181.0,202.5,4.0,0.0,0.0,0.0,230.5,0.5196234119782215,0.35714285714285715
Patricio Freire,36.0,47.0,3.0,25.0,5.5,5.5,29.5,4.5,2.0,73.5,87.0,6.5,0.0,0.5,0.0,113.5,0.4535051546391753,0.4027777777777778
Patrick Cote,42.6,75.8,0.6,26.8,7.8,8.0,27.0,6.2,9.4,85.6,123.6,2.6,0.4,0.4,0.4,133.2,0.5159658950997291,0.125
Patrick Cummins,43.0,54.6,1.0,35.4,5.2,2.4,26.6,9.6,6.8,88.0,100.8,5.4,0.0,0.0,0.0,153.8,0.5311262474898839,0.17818181818181816
Patrick Smith,5.2,7.4,0.4,3.0,1.8,0.4,0.8,1.6,2.8,8.0,10.8,0.6,0.2,0.6,0.0,0.0,0.6862745098039216,0.5
Patrick Walsh,30.5,81.0,3.0,30.0,0.0,0.5,27.0,0.5,3.0,160.0,212.5,5.5,0.0,1.5,0.0,332.5,0.3136261261261261,0.48214285714285715
Patrick Williams,28.5,31.75,1.25,10.75,7.0,10.75,21.75,6.5,0.25,55.25,59.5,3.0,0.25,0.25,0.0,32.5,0.49162058564785727,0.45555555555555555
Paul Bradley,38.0,44.0,1.5,28.5,5.5,4.0,30.5,7.0,0.5,106.0,115.0,8.0,0.0,0.0,0.0,108.5,0.31425630468347915,0.125
Paul Buentello,22.0,27.8,0.2,15.4,5.8,0.8,8.4,10.8,2.8,47.0,53.6,0.4,0.4,0.4,0.2,54.0,0.4015538140828488,0.5
Paul Craig,19.6,30.6,0.0,7.0,7.8,4.8,18.8,0.6,0.2,46.4,58.4,3.2,0.0,0.2,0.0,28.6,0.4618893810754276,0.0
Paul Creighton,6.0,8.0,3.0,2.0,4.0,0.0,1.0,4.0,1.0,8.0,10.0,8.0,0.0,0.0,0.0,105.0,0.75,0.375
Paul Daley,15.333333333333334,17.0,0.0,13.0,1.0,1.3333333333333333,10.333333333333334,3.0,2.0,37.0,38.666666666666664,0.0,0.3333333333333333,0.0,0.0,1.6666666666666667,0.4071428571428572,0.0
Paul Felder,75.0,92.4,0.2,45.4,13.6,16.0,65.6,8.2,1.2,162.6,181.0,1.2,0.0,0.0,0.0,68.8,0.45730764950040764,0.125
Paul Georgieff,12.0,18.0,0.0,9.0,1.0,2.0,8.0,1.0,3.0,30.0,36.0,2.0,0.0,0.0,0.0,0.0,0.4,0.0
Paul Herrera,0.0,0.0,0.0,0.0,0.0,0.0,0.0,0.0,0.0,0.0,0.0,1.0,0.0,0.0,0.0,0.0,0.0,0.0
Paul Jones,13.0,33.0,0.0,10.0,1.5,1.5,1.5,1.0,10.5,21.0,41.0,2.5,0.0,1.0,0.5,139.0,0.6571428571428571,0.0
Paul Kelly,29.8,61.0,0.4,24.4,3.2,2.2,12.0,2.6,15.2,79.4,114.0,0.8,0.2,1.4,1.0,158.0,0.37930912773131503,0.6666666666666666
Paul Redmond,6.5,13.5,0.0,5.5,0.5,0.5,6.5,0.0,0.0,19.0,26.5,1.0,0.0,0.0,0.0,0.0,0.32027649769585254,0.0
Paul Rodriguez,2.0,2.0,0.0,0.0,0.0,2.0,2.0,0.0,0.0,2.0,2.0,1.0,0.0,0.0,0.0,0.0,1.0,0.0
Paul Sass,3.0,10.4,0.2,2.0,0.8,0.2,1.8,0.0,1.2,11.4,20.8,1.2,0.0,2.8,0.0,36.4,0.3297826086956522,0.3333333333333333
Paul Taylor,62.6,82.2,0.0,35.6,9.0,18.0,50.6,11.2,0.8,127.6,147.6,1.2,0.2,0.2,0.0,107.0,0.4649837273831716,0.0
Paul Varelans,8.6,32.4,0.2,5.8,0.8,2.0,2.8,3.0,2.8,20.0,50.0,0.2,0.0,0.6,0.0,0.0,0.5973684210526315,1.0
Paulo Costa,112.0,121.0,0.6,44.0,46.6,21.4,103.6,2.4,6.0,187.8,197.0,1.0,0.2,0.0,0.0,77.6,0.5991992044224494,0.6666666666666666
Paulo Thiago,26.2,40.4,0.8,14.8,8.0,3.4,16.2,8.4,1.6,67.2,83.6,4.0,0.0,0.0,0.2,83.4,0.35815157815157816,0.2857142857142857
Pawel Pawlak,25.0,69.0,1.0,12.0,9.333333333333334,3.6666666666666665,16.333333333333332,6.666666666666667,2.0,74.0,120.33333333333333,2.6666666666666665,0.0,0.0,0.0,69.33333333333333,0.3525641025641026,0.375
Payton Talbott,45.6,62.0,0.2,34.6,7.4,3.6,28.8,3.0,13.8,79.4,99.6,0.6,0.4,0.2,0.2,122.0,0.644807664180196,0.3333333333333333
Pearl Gonzalez,32.0,66.0,1.0,16.0,3.5,12.5,27.0,4.5,0.5,85.0,121.0,9.0,0.0,0.5,0.0,343.0,0.3979371921182266,0.3333333333333333
Pedro Falcao,49.5,63.5,2.5,30.5,8.5,10.5,45.5,4.0,0.0,111.5,130.5,13.0,0.0,0.0,0.0,304.0,0.4417029511369134,0.19230769230769232
Pedro Munhoz,69.2,72.0,0.2,35.6,10.0,23.6,66.2,1.4,1.6,185.6,188.4,3.2,0.2,0.0,0.0,40.0,0.42005439405413175,0.03125
Pedro Nobre,3.0,3.0,0.0,1.0,1.0,1.0,3.0,0.0,0.0,10.0,10.0,1.0,0.0,0.0,0.0,3.0,0.3,0.0
Pedro Rizzo,24.6,36.4,0.2,10.6,1.8,12.2,16.2,2.6,5.8,65.8,78.6,1.2,0.2,0.0,0.0,126.8,0.38479308180921085,0.16666666666666666
Peggy Morgan,34.0,45.0,0.0,34.0,0.0,0.0,31.0,0.0,3.0,147.0,158.0,0.0,0.0,0.0,0.0,353.0,0.23129251700680273,0.0
Per Eklund,20.0,48.333333333333336,1.3333333333333333,8.0,9.333333333333334,2.6666666666666665,8.333333333333334,8.333333333333334,3.3333333333333335,32.666666666666664,62.0,12.0,0.0,2.3333333333333335,0.0,152.33333333333334,0.6318397364908993,0.4222222222222222
Pete Rodriguez,15.666666666666666,17.0,0.0,8.0,4.666666666666667,3.0,12.666666666666666,2.0,1.0,35.666666666666664,37.666666666666664,0.0,0.3333333333333333,0.0,0.0,5.0,0.3429951690821256,0.0
Pete Sell,30.6,43.2,0.6,22.8,4.8,3.0,26.4,3.6,0.6,68.4,81.2,3.0,0.2,0.6,0.0,65.4,0.31264176701917396,0.19999999999999998
Pete Spratt,11.4,22.0,0.2,6.4,2.0,3.0,4.2,3.4,3.8,19.8,30.4,0.2,0.0,0.0,0.6,91.6,0.4791721132897603,1.0
Pete Williams,6.6,20.2,0.4,3.8,0.8,2.0,2.6,0.6,3.4,12.8,28.0,1.0,0.2,0.8,0.0,84.4,0.45396825396825397,0.625
Peter Barrett,35.5,64.5,0.0,15.0,9.0,11.5,31.5,4.0,0.0,72.0,103.5,1.0,0.0,0.0,0.0,79.5,0.4776164549304295,0.0
Peter Sobotta,26.2,44.4,0.8,18.2,3.2,4.8,20.6,0.4,5.2,57.8,78.6,2.4,0.8,0.2,0.0,162.0,0.4224977963216762,0.2833333333333333
Petr Yan,86.8,126.6,2.2,54.8,15.8,16.2,72.0,10.8,4.0,152.2,195.2,6.0,0.0,0.0,0.2,190.6,0.5702726646857721,0.32897435897435895
Phil Baroni,23.8,57.6,1.0,18.2,5.2,0.4,10.4,10.6,2.8,59.0,96.0,2.2,0.6,0.2,0.0,127.8,0.4702638592750533,0.3055555555555555
Phil Davis,41.0,59.8,2.2,26.8,9.0,5.2,30.6,2.8,7.6,151.8,172.4,9.2,0.0,0.0,0.0,146.2,0.2605425294770206,0.13999999999999999
Phil Harris,20.0,23.2,1.0,13.0,1.6,5.4,17.0,2.6,0.4,75.0,78.8,4.6,0.0,0.0,0.0,57.0,0.36626399331662485,0.446078431372549
Phil Hawes,41.4,44.0,0.4,28.0,10.2,3.2,35.0,3.4,3.0,69.2,73.8,1.6,0.2,0.0,0.0,18.6,0.5438640618640618,0.3333333333333333
Phil Johns,2.0,6.0,0.0,0.0,1.0,1.0,1.0,1.0,0.0,3.0,7.0,1.0,0.0,0.0,0.0,16.0,0.6666666666666666,0.0
Phil Rowe,44.0,53.8,0.4,33.6,4.2,6.2,39.2,4.8,0.0,96.0,107.8,1.0,0.2,0.4,0.4,98.8,0.478977450238935,0.3333333333333333
Philip De Fries,12.6,23.0,1.2,11.2,1.2,0.2,5.4,4.2,3.0,26.6,39.8,2.8,0.2,0.2,0.0,215.8,0.398118306813959,0.48333333333333334
Philipe Lins,40.0,48.6,1.4,23.0,9.6,7.4,32.8,5.4,1.8,78.4,87.4,4.2,0.2,0.0,0.0,233.6,0.4701974529837291,0.32756132756132755
Phillip Miller,20.0,51.0,3.0,15.0,4.0,1.0,4.0,3.5,12.5,37.0,73.5,12.0,0.0,0.5,0.5,486.0,0.5211141060197664,0.5909090909090909
Phillipe Nover,28.0,54.4,1.2,17.2,8.4,2.4,20.2,7.2,0.6,78.4,108.0,4.0,0.0,0.4,0.2,96.4,0.38447308323716334,0.125
Piera Rodriguez,47.0,66.2,4.4,26.0,16.0,5.0,28.2,14.2,4.6,97.6,124.6,6.8,0.2,0.0,0.0,260.6,0.4730760381593715,0.6909090909090909
Pingyuan Liu,34.75,68.25,0.25,22.5,7.0,5.25,24.25,3.0,7.5,103.25,140.0,1.25,0.25,1.0,0.25,105.5,0.37020409084460726,0.5
Piotr Hallmann,47.8,90.2,2.0,23.6,16.2,8.0,30.0,12.2,5.6,104.8,151.6,5.0,0.0,0.2,0.0,190.2,0.4812843833781799,0.4659090909090909
Poliana Botelho,25.6,61.4,0.6,10.6,8.6,6.4,18.8,3.6,3.2,46.0,85.0,1.2,0.0,0.0,0.0,153.2,0.539682435067992,0.625
Polyana Viana,13.8,46.8,0.2,8.0,3.6,2.2,11.4,0.6,1.8,37.4,79.0,0.6,0.2,0.0,0.0,31.4,0.3349856117117872,0.3333333333333333
Preston Parsons,41.4,75.6,3.0,26.0,5.8,9.6,25.8,6.2,9.4,80.2,120.6,7.4,0.0,2.0,0.6,257.6,0.5078149559103543,0.4217171717171717
Priscila Cachoeira,22.0,23.2,0.0,17.4,2.8,1.8,18.2,0.0,3.8,46.8,48.2,0.0,0.4,0.0,0.0,3.6,0.47530630925138934,0.0
Puja Tomar,65.5,68.5,0.0,25.5,30.0,10.0,60.5,1.5,3.5,135.5,138.5,0.0,0.5,0.0,0.0,39.0,0.4886934673366834,0.0
Punahele Soriano,53.2,115.8,1.8,46.4,5.4,1.4,14.4,2.6,36.2,85.2,158.8,4.0,0.2,0.2,0.2,284.6,0.6197857525974586,0.398989898989899
Quang Le,25.5,36.5,1.75,15.75,8.0,1.75,23.5,1.75,0.25,65.5,77.5,5.25,0.0,0.25,0.0,151.25,0.4647682495157951,0.3133116883116883
Quillan Salkilld,33.0,36.333333333333336,2.6666666666666665,20.666666666666668,8.666666666666666,3.6666666666666665,23.333333333333332,5.0,4.666666666666667,55.666666666666664,59.333333333333336,9.0,0.6666666666666666,0.0,0.0,152.0,0.6277095067417647,0.17391304347826086
Quinn Mulhern,12.5,16.5,0.0,9.5,2.0,1.0,12.0,0.5,0.0,56.5,61.0,5.0,0.0,0.0,0.0,0.5,0.21698412698412697,0.0
Quinton Jackson,47.8,56.6,0.2,29.6,13.6,4.6,34.2,13.4,0.2,118.2,128.0,1.8,0.0,0.0,0.0,34.8,0.39727681082892075,0.08333333333333333
Rachael Ostovich,23.5,28.75,1.25,14.0,8.25,1.25,20.25,2.75,0.5,54.5,61.25,1.5,0.0,0.5,0.25,25.0,0.4483251397725082,0.6666666666666666
Rafa Garcia,70.0,86.8,2.0,57.2,7.2,5.6,59.8,5.8,4.4,135.8,156.0,4.2,0.2,0.4,0.2,129.2,0.5006035187336001,0.38636363636363635
Rafael Alves,19.75,28.25,0.25,12.25,4.25,3.25,17.75,0.75,1.25,39.75,49.0,1.0,0.25,1.0,0.25,58.75,0.47967596129360834,0.16666666666666666
Rafael Carino,8.0,33.0,1.0,8.0,0.0,0.0,0.0,0.0,8.0,17.0,48.0,1.0,0.0,0.0,0.0,0.0,0.47058823529411764,1.0
Rafael Cavalcante,16.6,23.0,0.0,13.6,1.4,1.6,11.2,3.2,2.2,37.2,43.8,0.2,0.2,0.0,0.0,7.2,0.47825484415648345,0.0
Rafael Cerqueira,0.0,0.0,0.0,0.0,0.0,0.0,0.0,0.0,0.0,1.0,1.0,0.0,0.0,0.0,0.0,0.0,0.0,0.0
Rafael Cerquiera,9.666666666666666,13.333333333333334,0.0,6.333333333333333,0.0,3.3333333333333335,9.666666666666666,0.0,0.0,21.666666666666668,25.666666666666668,0.0,0.0,0.0,0.0,9.0,0.6204906204906205,0.0
Rafael Dos Anjos,36.0,52.6,1.6,20.4,10.8,4.8,24.2,8.0,3.8,72.4,93.6,5.8,0.2,0.6,0.0,202.8,0.5090867955573838,0.35912698412698413
Rafael Estevam,20.666666666666668,74.33333333333333,6.333333333333333,12.666666666666666,5.333333333333333,2.6666666666666665,15.0,1.6666666666666667,4.0,47.666666666666664,125.66666666666667,16.666666666666668,0.0,0.3333333333333333,0.0,589.0,0.4188999630860096,0.42362218678008157
Rafael Fiziev,61.8,75.2,1.2,25.0,31.8,5.0,52.4,7.2,2.2,118.4,134.0,1.4,0.2,0.0,0.0,64.4,0.5318162716224226,0.6666666666666666
Rafael Natal,36.0,53.8,1.0,20.8,3.6,11.6,25.2,4.6,6.2,73.6,94.6,4.8,0.2,0.0,0.0,101.2,0.4793222067066295,0.13246753246753246
Rafaello Oliveira,16.6,48.2,0.8,8.0,6.0,2.6,12.8,0.4,3.4,50.6,84.4,3.6,0.0,1.0,0.0,143.6,0.3564163614163614,0.14285714285714285
Rainy Martinez,0.0,0.0,0.0,0.0,0.0,0.0,0.0,0.0,0.0,0.0,0.0,0.0,0.0,0.0,0.0,0.0,0.0,0.0
Ramazan Emeev,31.8,57.0,2.2,24.4,5.8,1.6,22.8,7.2,1.8,72.6,103.0,7.8,0.0,0.8,0.2,208.8,0.41633420665110077,0.3126984126984127
Ramazan Temirov,39.0,41.0,0.5,30.0,8.5,0.5,33.0,4.5,1.5,97.0,100.5,1.0,1.5,0.0,0.0,14.0,0.40693263570961413,0.5
Rameau Thierry Sokoudjou,20.0,25.333333333333332,0.6666666666666666,9.0,4.666666666666667,6.333333333333333,17.0,2.0,1.0,50.666666666666664,56.333333333333336,1.6666666666666667,0.3333333333333333,0.6666666666666666,0.0,8.333333333333334,0.38556026864616477,0.25
Ramiro Hernandez,22.0,23.0,0.0,18.0,2.5,1.5,22.0,0.0,0.0,77.0,78.5,0.0,0.0,0.0,0.0,0.0,0.3388888888888889,0.0
Ramiz Brahimaj,11.2,20.6,0.8,9.0,1.0,1.2,6.2,3.6,1.4,19.8,30.2,2.6,0.2,1.2,0.0,91.8,0.5307142857142857,0.44791666666666663
Ramon Taveras,58.0,66.33333333333333,0.0,49.0,6.333333333333333,2.6666666666666665,55.0,1.0,2.0,138.66666666666666,148.66666666666666,1.3333333333333333,0.3333333333333333,0.0,0.3333333333333333,35.0,0.4148691244140043,0.0
Ramona Pascual,42.666666666666664,51.0,1.3333333333333333,17.0,15.0,10.666666666666666,32.333333333333336,9.333333333333334,1.0,74.33333333333333,84.0,7.0,0.0,0.0,0.0,102.0,0.6755176933158585,0.19545454545454544
Ramsey Nijem,25.4,54.0,3.0,19.6,3.4,2.4,13.4,4.4,7.6,57.4,91.6,4.0,0.4,0.4,0.0,204.4,0.36888172011760656,0.7428571428571429
Randa Markos,30.2,57.4,0.2,20.8,5.2,4.2,19.2,7.4,3.6,55.8,87.2,0.2,0.0,0.0,0.4,142.4,0.5340051273862749,1.0
Randy Brown,45.4,54.6,0.4,28.8,8.4,8.2,41.8,2.6,1.0,99.8,110.4,1.0,0.4,0.4,0.2,30.8,0.4302642193022311,0.4
Randy Costa,25.6,26.0,0.0,21.2,3.8,0.6,22.2,2.4,1.0,55.0,55.4,0.2,0.6,0.0,0.0,31.8,0.4760568842921784,0.0
Randy Couture,27.6,47.6,0.6,22.2,2.6,2.8,11.2,11.8,4.6,55.4,78.0,3.2,0.0,0.6,0.2,230.4,0.5086788030329459,0.42000000000000004
Rani Yahya,24.0,63.0,1.4,9.6,2.8,11.6,22.2,0.8,1.0,47.2,99.8,6.0,0.0,0.4,0.4,280.0,0.5079928252175959,0.255
Raoni Barcelos,54.0,64.0,3.0,37.8,8.2,8.0,41.6,4.4,8.0,109.4,121.4,11.4,0.0,0.8,0.0,180.4,0.516168272273749,0.2377272727272727
Raphael Assuncao,34.2,47.4,2.2,15.2,7.8,11.2,26.8,6.0,1.4,61.4,75.6,4.6,0.0,0.0,0.0,131.2,0.5091914445707549,0.49444444444444446
Raphael Pessoa,19.333333333333332,21.666666666666668,0.0,11.0,2.3333333333333335,6.0,16.666666666666668,2.6666666666666665,0.0,71.66666666666667,74.33333333333333,1.0,0.3333333333333333,0.0,0.0,2.0,0.2622245787675268,0.0
Raquel Pennington,93.2,135.6,0.2,52.8,32.0,8.4,65.6,19.2,8.4,190.2,236.8,1.2,0.2,0.6,0.4,194.0,0.5241114173800068,0.1111111111111111
Rashad Coulter,43.5,48.25,0.0,35.0,6.5,2.0,30.0,13.0,0.5,79.0,84.0,0.75,0.25,0.0,0.0,12.75,0.5276425850906139,0.0
Rashad Evans,20.6,25.4,0.6,15.2,4.2,1.2,17.6,3.0,0.0,62.8,68.6,3.2,0.0,0.0,0.0,70.4,0.33074552813683245,0.125
Rashid Magomedov,70.0,85.8,0.8,40.8,18.8,10.4,58.6,7.2,4.2,146.8,165.4,1.4,1.0,0.0,0.0,66.4,0.4861424599055783,0.5
Raul Rosas Jr.,16.8,34.0,2.8,10.8,2.6,3.4,10.6,0.2,6.0,38.2,57.6,7.6,0.2,0.4,0.2,337.2,0.3975174433629081,0.421875
Raulian Paiva,46.2,53.8,0.6,27.4,11.8,7.0,42.0,3.4,0.8,110.6,120.0,2.4,0.2,0.0,0.0,75.0,0.39438509112140846,0.19444444444444442
Ravena Oliveira,19.5,48.5,1.0,12.0,3.0,4.5,18.5,1.0,0.0,67.0,102.5,1.5,0.0,0.0,0.0,161.0,0.3584403382398998,0.6666666666666666
Ray Borg,25.4,36.0,5.2,19.2,5.6,0.6,12.4,6.8,6.2,44.6,57.0,10.0,0.0,0.2,0.6,348.2,0.5760850710176048,0.4385964912280701
Ray Rodriguez,2.0,8.0,0.5,1.0,0.5,0.5,2.0,0.0,0.0,11.5,20.0,0.5,0.0,0.0,0.0,6.0,0.18333333333333335,1.0
Ray Wizard,1.0,2.0,0.0,0.0,0.0,1.0,1.0,0.0,0.0,1.0,2.0,0.0,0.0,0.0,0.0,0.0,1.0,0.0
Rayanne dos Santos,73.0,81.66666666666667,0.3333333333333333,51.666666666666664,15.333333333333334,6.0,66.33333333333333,6.333333333333333,0.3333333333333333,168.33333333333334,178.33333333333334,3.3333333333333335,0.0,0.0,0.0,31.0,0.4483760683760684,0.05555555555555555
Razak Al-Hassan,22.0,30.0,0.5,9.0,4.5,8.5,19.0,3.0,0.0,67.5,75.5,2.5,0.0,0.0,0.5,123.0,0.31227396021699816,0.125
Reese Andy,32.0,66.5,0.5,14.0,2.5,15.5,23.5,8.0,0.5,63.0,97.5,2.5,0.0,0.0,0.0,110.0,0.5158955802532954,0.2
Reginaldo Vieira,47.666666666666664,78.33333333333333,1.6666666666666667,25.333333333333332,11.666666666666666,10.666666666666666,33.666666666666664,5.666666666666667,8.333333333333334,117.0,150.0,6.0,0.0,0.6666666666666666,0.0,185.33333333333334,0.4186299081035923,0.30128205128205127
Rei Tsuruya,24.5,54.5,3.5,21.5,2.0,1.0,17.0,1.0,6.5,58.0,93.5,14.5,0.0,0.0,0.0,304.0,0.45610119047619047,0.28273809523809523
Reinier de Ridder,29.6,90.4,2.4,16.8,11.0,1.8,20.2,5.8,3.6,55.4,121.4,8.0,0.4,0.6,0.0,302.8,0.5978125610022162,0.3893040293040293
Remco Pardoel,2.6,9.4,0.8,2.2,0.0,0.4,0.0,0.4,2.2,3.4,10.4,0.8,0.0,0.8,0.0,0.0,0.7222222222222222,1.0
Renan Barao,55.4,89.4,1.4,30.4,17.2,7.8,42.6,7.6,5.2,130.0,165.8,3.8,0.0,0.4,0.0,180.2,0.4095708052722305,0.37222222222222223
Renato Moicano,29.8,71.4,1.2,25.0,2.4,2.4,14.4,1.2,14.2,53.8,101.8,3.6,0.2,0.0,0.2,271.2,0.5241813959088244,0.29166666666666663
Renato Sobral,17.2,35.2,1.2,11.2,3.8,2.2,2.2,2.8,12.2,31.0,52.0,2.0,0.0,1.6,0.2,159.8,0.47340432185633424,0.5416666666666666
Renato Verissimo,11.0,73.66666666666667,1.0,9.0,1.3333333333333333,0.6666666666666666,2.6666666666666665,2.3333333333333335,6.0,23.333333333333332,91.0,4.0,0.0,2.3333333333333335,0.6666666666666666,211.33333333333334,0.4466829466829467,0.375
Renee Forte,23.5,35.75,1.75,16.0,4.25,3.25,12.0,5.25,6.25,73.0,87.0,3.0,0.25,0.0,0.0,243.75,0.2990806264026078,0.6111111111111112
Renzo Gracie,34.0,34.0,0.0,16.0,14.0,4.0,29.0,5.0,0.0,109.0,109.0,1.0,0.0,0.0,0.0,0.0,0.3119266055045872,0.0
Reuben Duran,36.75,67.5,0.75,19.0,11.5,6.25,21.0,11.0,4.75,75.0,107.5,3.25,0.0,0.5,0.0,237.25,0.4656154291717672,0.18888888888888888
Rex Holman,11.0,15.0,0.0,3.0,1.0,7.0,10.0,1.0,0.0,32.0,36.0,4.0,0.0,0.0,0.0,0.0,0.34375,0.0
Reza Madadi,29.6,51.6,2.6,23.2,5.6,0.8,15.8,6.8,7.0,66.8,91.4,9.0,0.0,0.4,0.0,219.2,0.4694713925037547,0.36025641025641025
Reza Nasri,0.0,0.0,0.0,0.0,0.0,0.0,0.0,0.0,0.0,0.0,0.0,1.0,0.0,0.0,0.0,0.0,0.0,0.0
Rhys McKee,61.4,74.0,0.0,42.0,14.4,5.0,55.2,5.2,1.0,150.4,166.8,2.0,0.6,0.0,0.0,97.6,0.38286158781962704,0.0
Ricardo Abreu,40.0,56.0,1.5,32.5,5.0,2.5,29.0,6.5,4.5,126.0,142.5,3.5,1.0,0.5,0.0,130.0,0.31899547570651104,0.42857142857142855
Ricardo Almeida,31.8,52.6,3.6,19.0,7.8,5.0,12.6,4.8,14.4,57.2,81.0,10.2,0.0,0.2,0.0,429.8,0.5323472184572754,0.4221681096681097
Ricardo Funch,23.75,34.75,0.75,8.5,3.5,11.75,8.75,10.5,4.5,36.5,49.0,4.0,0.0,0.0,0.0,159.75,0.6345704529115744,0.13888888888888887
Ricardo Lamas,47.4,61.0,1.6,23.2,12.6,11.6,29.8,8.6,9.0,81.4,95.4,4.2,0.0,0.4,0.6,115.8,0.5314824034811012,0.26363636363636367
Ricardo Ramos,14.4,17.8,1.2,7.8,4.2,2.4,12.8,1.4,0.2,47.8,52.4,2.2,0.0,1.0,0.0,96.4,0.2594343343595587,0.6458333333333333
Ricardo Romero,6.666666666666667,8.333333333333334,0.3333333333333333,4.666666666666667,2.0,0.0,2.3333333333333335,0.0,4.333333333333333,12.0,14.0,3.3333333333333335,0.0,0.6666666666666666,0.3333333333333333,79.33333333333333,0.3222222222222222,0.07142857142857142
Ricco Rodriguez,24.4,64.6,2.0,19.0,4.0,1.4,7.0,4.4,13.0,44.2,87.0,5.6,0.0,0.8,0.0,298.8,0.5727913752913752,0.43
Rich Attonito,27.6,51.2,0.6,18.2,5.0,4.4,12.2,2.4,13.0,57.6,84.6,1.6,0.4,0.0,0.2,185.8,0.4729651490790105,0.3333333333333333
Rich Clementi,14.8,54.4,1.8,9.4,1.2,4.2,11.0,1.4,2.4,41.8,91.2,4.0,0.0,1.0,0.4,211.8,0.35242664441663185,0.4583333333333333
Rich Franklin,39.0,41.8,0.4,27.6,7.6,3.8,36.8,1.0,1.2,106.4,109.8,1.0,0.2,0.0,0.0,14.8,0.3847792558318874,0.3333333333333333
Richard Crunkilton,29.0,77.0,4.0,22.0,2.0,5.0,16.0,1.0,12.0,89.0,148.0,7.0,0.0,0.0,0.0,442.0,0.3258426966292135,0.5714285714285714
Richard Walsh,45.2,71.4,0.6,27.2,7.4,10.6,28.6,6.8,9.8,102.6,131.6,2.2,0.6,0.2,0.0,153.6,0.43347103876515647,0.29166666666666663
Richardson Moreira,9.0,17.5,0.0,6.5,1.5,1.0,6.0,3.0,0.0,31.5,40.5,3.0,0.0,0.0,0.5,79.0,0.5021186440677966,0.0
Richie Hightower,20.0,30.0,1.0,14.0,4.0,2.0,14.0,6.0,0.0,56.0,67.0,1.0,0.0,0.0,0.0,19.0,0.35714285714285715,1.0
Richie Smullen,7.0,15.0,2.0,3.0,1.0,3.0,3.0,0.0,4.0,9.0,17.0,3.0,0.0,0.0,0.0,100.0,0.7777777777777778,0.6666666666666666
Richie Vaculik,41.5,60.0,2.25,26.75,7.75,7.0,33.0,5.75,2.75,88.75,108.75,5.0,0.0,0.75,0.5,134.5,0.43767180003095496,0.7555555555555555
Rick Davis,5.0,5.0,0.0,2.0,2.0,1.0,5.0,0.0,0.0,10.0,10.0,0.0,0.0,0.0,0.0,0.0,0.5,0.0
Rick Story,62.4,86.2,1.0,30.8,20.6,11.0,44.4,12.6,5.4,135.8,160.8,3.4,0.4,0.2,0.2,207.2,0.45612948484114124,0.39
Ricky Glenn,17.0,35.2,0.4,9.2,4.2,3.6,10.0,2.0,5.0,38.0,57.2,3.2,0.4,0.2,0.0,98.0,0.41685868730345066,0.06666666666666667
Ricky Rainey,12.5,13.5,0.0,6.0,3.0,3.5,10.5,2.0,0.0,28.0,29.0,0.5,0.0,0.0,0.0,2.5,0.46590909090909094,0.0
Ricky Simon,39.8,48.2,1.6,29.4,6.0,4.4,35.8,2.2,1.8,96.0,105.4,8.6,0.2,0.0,0.2,185.0,0.4415202791584007,0.1937995337995338
Ricky Turcios,56.0,115.0,1.0,39.0,9.0,8.0,37.6,9.2,9.2,136.0,201.0,4.0,0.2,0.4,0.8,139.4,0.45986532396362473,0.25277777777777777
Riki Fukuda,70.0,123.4,2.6,39.2,10.8,20.0,54.4,12.6,3.0,151.4,210.4,5.8,0.0,0.0,0.0,220.8,0.4453847659792413,0.5533333333333333
Rin Nakai,23.5,55.0,3.0,16.5,5.0,2.0,14.5,9.0,0.0,69.5,105.0,16.0,0.0,0.5,0.0,284.5,0.338691026827012,0.19433198380566802
Rinat Fakhretdinov,59.6,72.2,1.6,42.0,8.2,9.4,47.2,9.4,3.0,120.2,136.8,7.8,0.4,0.2,0.2,172.0,0.5321746968380971,0.22363990785043417
Rinya Nakamura,25.6,38.2,1.4,14.6,5.6,5.4,15.6,0.8,9.2,48.8,64.8,1.6,0.6,0.8,0.0,291.0,0.5341345143681121,0.6666666666666666
Rizvan Kuniev,45.0,58.0,0.0,38.0,4.0,3.0,35.0,10.0,0.0,108.0,125.0,0.0,0.0,0.0,0.0,26.0,0.4166666666666667,0.0
Roan Carneiro,14.2,27.6,0.8,10.4,2.0,1.8,9.0,2.0,3.2,34.8,49.0,3.4,0.0,0.4,0.4,128.2,0.3316892230576441,0.16666666666666666
Rob Broughton,39.333333333333336,104.66666666666667,0.0,24.333333333333332,7.333333333333333,7.666666666666667,26.0,3.6666666666666665,9.666666666666666,65.33333333333333,142.66666666666666,0.3333333333333333,0.0,3.0,0.3333333333333333,102.0,0.5959108630161262,0.0
Rob Emerson,20.2,29.2,1.8,11.4,2.4,6.4,12.2,4.4,3.6,75.8,86.2,3.6,0.4,0.2,0.0,131.0,0.4489188757946986,0.2590909090909091
Rob Font,52.0,60.0,0.2,43.2,7.6,1.2,48.4,3.4,0.2,121.8,131.6,2.0,0.0,0.2,0.0,61.2,0.3967945567604012,0.125
Rob Kimmons,17.0,56.2,1.2,10.4,5.4,1.2,5.0,9.0,3.0,35.8,78.0,2.6,0.0,0.8,0.2,140.2,0.4154415954415954,0.4583333333333333
Rob MacDonald,5.0,7.666666666666667,1.3333333333333333,4.333333333333333,0.0,0.6666666666666666,1.3333333333333333,0.6666666666666666,3.0,10.0,13.333333333333334,1.6666666666666667,0.0,1.0,0.0,62.666666666666664,0.47385620915032683,0.5
Rob Wilkinson,23.0,33.5,2.5,8.5,4.5,10.0,14.5,8.5,0.0,46.0,58.5,10.0,0.0,0.0,0.0,192.0,0.5,0.30000000000000004
Rob Yundt,3.5,27.5,0.5,1.0,2.5,0.0,1.0,0.0,2.5,8.5,32.5,0.5,0.0,0.0,0.0,68.0,0.5075757575757576,1.0
Robbie Lawler,64.8,68.6,0.0,48.0,12.4,4.4,52.4,11.2,1.2,116.8,121.0,0.2,0.2,0.0,0.2,21.4,0.6024143824286219,0.0
Robelis Despaigne,21.333333333333332,27.666666666666668,0.0,13.666666666666666,1.3333333333333333,6.333333333333333,17.333333333333332,3.3333333333333335,0.6666666666666666,35.666666666666664,45.333333333333336,0.0,0.3333333333333333,0.0,0.0,7.0,0.6505636070853462,0.0
Robert Bryczek,50.0,59.0,0.5,33.0,13.0,4.0,36.5,5.5,8.0,135.5,146.0,0.5,0.5,0.0,0.0,56.0,0.3666775634739021,1.0
Robert Drysdale,0.0,2.0,1.0,0.0,0.0,0.0,0.0,0.0,0.0,5.0,7.0,1.0,0.0,3.0,0.0,90.0,0.0,1.0
Robert Lucarelli,2.0,2.0,1.0,1.0,0.0,1.0,2.0,0.0,0.0,6.0,6.0,1.0,0.0,1.0,0.0,0.0,0.3333333333333333,1.0
Robert McDaniel,17.666666666666668,45.333333333333336,0.6666666666666666,11.333333333333334,3.3333333333333335,3.0,10.666666666666666,2.6666666666666665,4.333333333333333,40.0,68.33333333333333,1.3333333333333333,0.0,1.0,0.6666666666666666,227.66666666666666,0.4327160493827161,0.6666666666666666
Robert Peralta,35.2,54.4,0.6,14.4,7.4,13.4,22.6,11.0,1.6,84.8,105.2,1.0,0.2,0.0,0.2,94.0,0.3311507936507937,0.6666666666666666
Robert Ruchala,34.0,54.0,2.0,14.0,16.0,4.0,27.0,7.0,0.0,96.0,116.0,6.0,0.0,0.0,0.0,276.0,0.3541666666666667,0.3333333333333333
Robert Sanchez,6.666666666666667,45.0,1.6666666666666667,4.333333333333333,2.0,0.3333333333333333,2.0,0.3333333333333333,4.333333333333333,16.333333333333332,61.333333333333336,2.6666666666666665,0.0,0.3333333333333333,0.0,171.66666666666666,0.4666666666666666,0.75
Robert Valentin,8.666666666666666,33.333333333333336,0.0,6.666666666666667,1.3333333333333333,0.6666666666666666,2.6666666666666665,4.0,2.0,15.333333333333334,45.666666666666664,0.3333333333333333,0.0,0.6666666666666666,0.6666666666666666,38.0,0.4965811965811966,0.0
Robert Whiteford,25.8,46.0,1.4,15.8,6.2,3.8,20.6,3.2,2.0,55.4,79.8,4.6,0.2,0.0,0.2,136.4,0.4831759291759292,0.32142857142857145
Robert Whittaker,41.6,42.6,0.2,32.0,2.0,7.6,37.8,1.2,2.6,82.0,83.0,0.4,0.4,0.0,0.0,12.4,0.6234339369550638,0.5
Roberto Romero,54.5,62.0,0.0,17.5,16.5,20.5,48.5,5.5,0.5,111.0,122.0,1.5,0.5,0.0,0.0,106.5,0.4999037072701011,0.0
Roberto Traven,1.0,1.0,0.0,1.0,0.0,0.0,1.0,0.0,0.0,2.0,2.0,0.0,0.0,0.0,0.0,0.0,0.5,0.0
Rocky Lee,37.0,49.0,1.0,10.0,13.0,14.0,26.0,10.0,1.0,72.0,84.0,10.0,0.0,0.0,0.0,223.0,0.5138888888888888,0.1
Rodney Wallace,17.0,29.333333333333332,6.0,13.666666666666666,3.3333333333333335,0.0,7.333333333333333,6.0,3.6666666666666665,36.666666666666664,52.666666666666664,11.0,0.0,1.0,0.3333333333333333,226.33333333333334,0.38864838864838863,0.4376068376068376
Rodolfo Bellato,55.5,68.0,1.25,32.25,11.75,11.5,37.75,4.75,13.0,95.25,111.5,3.25,0.0,0.0,0.0,99.0,0.5562596910188398,0.5208333333333333
Rodolfo Rubio Perez,17.0,53.0,2.0,7.0,8.0,2.0,10.0,2.0,5.0,47.0,86.0,6.0,0.0,0.0,1.0,193.0,0.3617021276595745,0.3333333333333333
Rodolfo Vieira,37.4,46.2,1.2,20.2,7.2,10.0,34.0,2.0,1.4,69.6,79.8,8.2,0.0,0.6,0.0,157.8,0.5465456451305508,0.26103896103896107
Rodrigo Damm,57.0,58.4,0.6,41.8,6.0,9.2,54.2,2.2,0.6,153.2,156.2,3.4,0.0,0.2,0.0,46.4,0.3708256948054223,0.3214285714285714
Rodrigo Nascimento,46.4,75.6,0.8,33.8,7.4,5.2,37.4,6.0,3.0,104.8,137.8,2.2,0.0,0.2,0.0,181.6,0.4639428905572142,0.4761904761904762
Rodrigo Ruas,11.0,19.0,0.0,5.0,0.0,6.0,9.0,2.0,0.0,31.0,42.0,0.0,0.0,0.0,0.0,4.0,0.3548387096774194,0.0
Rodrigo Sezinando,10.0,10.0,1.0,7.0,3.0,0.0,7.0,3.0,0.0,36.0,36.0,4.0,0.0,0.0,0.0,62.0,0.2777777777777778,0.25
Rodrigo de Lima,14.5,31.0,2.0,6.5,3.5,4.5,10.5,0.5,3.5,43.0,62.0,5.5,0.0,1.0,0.5,224.0,0.34523809523809523,0.35416666666666663
Roger Bowling,26.333333333333332,31.666666666666668,1.6666666666666667,17.0,4.333333333333333,5.0,22.333333333333332,1.6666666666666667,2.3333333333333335,71.0,77.0,2.3333333333333335,0.0,1.0,0.0,76.66666666666667,0.34715065636118264,0.6
Roger Gracie,12.0,14.0,2.0,8.0,3.0,1.0,5.0,6.0,1.0,29.0,31.0,4.0,0.0,0.0,0.0,206.0,0.41379310344827586,0.5
Roger Hollett,27.5,32.0,1.0,11.5,12.0,4.0,18.5,8.0,1.0,58.0,63.0,3.5,0.0,0.0,0.0,134.0,0.51010101010101,0.2857142857142857
Roger Huerta,32.8,66.4,0.0,22.0,4.8,6.0,20.4,3.6,8.8,102.6,143.8,2.2,0.0,0.6,0.6,151.8,0.34148424189222737,0.0
Roger Narvaez,22.333333333333332,27.666666666666668,0.0,14.0,5.333333333333333,3.0,18.333333333333332,1.0,3.0,60.333333333333336,66.66666666666667,0.6666666666666666,0.3333333333333333,0.6666666666666666,0.0,74.0,0.29975262832405686,0.0
Roger Zapata,28.0,53.0,0.0,22.0,6.0,0.0,12.0,12.0,4.0,54.0,82.0,1.0,0.0,1.0,0.0,24.0,0.5185185185185185,0.0
Rogerio Bontorin,24.6,37.4,2.4,17.4,2.4,4.8,19.8,1.8,3.0,46.8,61.6,3.6,0.0,0.4,0.0,195.8,0.47993565835677987,0.6577777777777778
Rogerio Nogueira,22.2,31.0,0.0,19.6,2.4,0.2,18.6,1.4,2.2,49.2,58.8,0.0,0.4,0.0,0.0,19.2,0.39544827586206893,0.0
Roland Delorme,17.6,35.4,1.6,11.4,4.0,2.2,11.8,1.0,4.8,48.8,69.6,4.4,0.2,0.6,0.4,138.0,0.3028502415458937,0.41414141414141414
Roland Payne,3.0,3.0,1.0,0.0,2.0,1.0,2.0,1.0,0.0,4.0,4.0,2.0,0.0,0.0,0.0,0.0,0.75,0.5
Rolando Bedoya,93.5,97.0,0.0,50.0,15.0,28.5,85.25,8.25,0.0,195.5,201.25,1.75,0.0,0.25,0.0,29.5,0.4700655821605556,0.0
Rolando Delgado,13.333333333333334,33.0,0.6666666666666666,6.333333333333333,6.0,1.0,8.333333333333334,2.3333333333333335,2.6666666666666665,33.333333333333336,55.0,3.0,0.3333333333333333,2.0,0.3333333333333333,166.33333333333334,0.43333333333333335,0.225
Rolando Dy,37.75,41.5,0.25,22.75,10.75,4.25,29.25,6.75,1.75,100.25,104.25,1.25,0.25,0.0,0.25,51.0,0.37750611316787785,0.125
Roldan Sangcha'an,31.5,36.0,1.5,15.0,6.0,10.5,22.5,7.0,2.0,67.5,73.0,2.5,0.0,0.0,0.5,93.0,0.4722222222222222,0.5833333333333333
Rolles Gracie,15.0,20.0,1.0,12.0,3.0,0.0,9.0,5.0,1.0,46.0,52.0,10.0,0.0,0.0,0.0,104.0,0.32608695652173914,0.1
Roman Bogatov,50.0,81.0,1.0,24.0,20.0,6.0,37.0,6.0,7.0,117.0,155.0,11.0,0.0,0.0,1.0,367.0,0.42735042735042733,0.09090909090909091
Roman Dolidze,66.0,79.8,0.4,40.2,9.2,16.6,54.6,2.2,9.2,163.0,185.8,2.0,0.0,0.0,0.2,210.8,0.4187181376537765,0.26666666666666666
Roman Kopylov,61.2,70.0,1.6,42.0,10.0,9.2,57.8,1.2,2.2,128.8,140.0,3.4,0.4,0.0,0.0,120.6,0.5143458403915783,0.5740740740740741
Roman Mitichyan,1.0,3.5,0.5,0.0,0.0,1.0,1.0,0.0,0.0,6.0,8.5,0.5,0.0,0.5,0.5,24.0,0.16666666666666666,1.0
Roman Salazar,11.0,29.666666666666668,0.6666666666666666,8.0,1.3333333333333333,1.6666666666666667,7.0,2.0,2.0,28.0,48.0,3.6666666666666665,0.0,0.0,0.0,105.33333333333333,0.4364297443115177,0.21428571428571427
Romie Aram,24.0,78.0,2.0,21.0,1.0,2.0,10.0,11.0,3.0,70.0,125.0,4.0,1.0,0.0,0.0,294.0,0.34285714285714286,0.5
Ron Faircloth,2.0,17.0,0.0,0.0,1.0,1.0,2.0,0.0,0.0,5.0,21.0,0.0,0.0,0.0,0.0,0.0,0.4,0.0
Ron Stallings,28.0,43.0,0.0,17.333333333333332,7.333333333333333,3.3333333333333335,19.666666666666668,7.333333333333333,1.0,46.0,63.666666666666664,0.0,0.0,0.0,0.0,24.666666666666668,0.6058201058201058,0.0
Ron Waterman,23.25,56.25,1.5,18.25,3.0,2.0,3.25,6.0,14.0,35.75,71.75,4.0,0.0,0.75,0.0,315.0,0.6477284946236559,0.6
Ron van Clief,0.0,0.0,0.0,0.0,0.0,0.0,0.0,0.0,0.0,2.0,2.0,0.0,0.0,0.0,0.0,0.0,0.0,0.0
Ronald Jhun,8.0,20.0,1.0,1.0,3.0,4.0,5.0,3.0,0.0,16.0,29.0,1.0,0.0,0.0,0.0,23.0,0.5,1.0
Ronaldo Rodriguez,43.333333333333336,60.666666666666664,0.6666666666666666,26.333333333333332,6.333333333333333,10.666666666666666,28.666666666666668,2.0,12.666666666666666,96.33333333333333,120.33333333333333,2.3333333333333335,0.0,0.3333333333333333,1.3333333333333333,262.3333333333333,0.4601209329110279,0.35
Ronda Rousey,11.4,12.2,0.2,9.8,1.6,0.0,5.8,3.8,1.8,25.4,26.2,0.4,0.2,0.2,0.2,3.4,0.5575721153846154,0.5
Rongzhu,81.8,92.4,1.4,60.8,10.8,10.2,71.0,2.2,8.6,157.8,172.0,2.4,0.4,0.0,0.2,123.4,0.5204129608700377,0.5
Ronnie Lawrence,34.75,45.75,3.75,22.75,6.0,6.0,16.25,1.5,17.0,59.5,71.75,4.5,0.75,0.0,0.25,241.25,0.5379711751662971,0.7486772486772487
Ronny Markes,25.0,54.0,2.4,10.0,5.4,9.6,13.0,7.6,4.4,46.8,82.0,6.0,0.0,0.4,0.0,334.2,0.4407923165036567,0.4583333333333333
Rony Jason,13.0,33.2,0.4,8.0,3.6,1.4,9.8,1.8,1.4,33.0,53.8,1.4,0.4,0.4,0.0,79.8,0.4439513627034509,0.16666666666666666
Ronys Torres,13.0,38.0,4.0,9.5,1.0,2.5,6.5,4.0,2.5,49.5,77.0,8.5,0.0,0.5,0.5,265.0,0.2612244897959184,0.5673076923076923
Roosevelt Roberts,16.8,27.6,0.0,12.2,2.4,2.2,15.4,1.0,0.4,48.4,62.8,3.2,0.0,0.0,0.2,37.2,0.38261904761904764,0.0
Roque Martinez,43.0,123.33333333333333,0.3333333333333333,27.0,10.333333333333334,5.666666666666667,33.0,10.0,0.0,80.0,167.33333333333334,0.6666666666666666,0.0,0.3333333333333333,0.0,143.66666666666666,0.5168642326537064,0.5
Rory MacDonald,63.6,74.2,0.4,49.2,11.8,2.6,55.6,5.4,2.6,169.6,181.2,2.2,0.2,0.0,0.0,44.8,0.37818118860149996,0.20833333333333331
Rory Markham,3.6666666666666665,3.6666666666666665,0.0,2.6666666666666665,0.6666666666666666,0.3333333333333333,2.6666666666666665,1.0,0.0,17.0,17.0,0.0,0.3333333333333333,0.0,0.0,0.3333333333333333,0.2316017316017316,0.0
Rory Singer,24.25,30.75,0.25,15.0,4.0,5.25,12.5,11.25,0.5,61.25,68.25,1.0,0.0,0.5,0.0,38.75,0.4718948334644637,0.16666666666666666
Rose Namajunas,73.6,99.0,1.8,46.6,19.4,7.6,69.4,4.0,0.2,169.8,204.0,4.4,0.4,0.0,0.2,249.6,0.4204770656407046,0.4166666666666667
Rosi Sexton,61.0,113.0,1.0,47.5,3.5,10.0,54.5,1.5,5.0,153.0,215.0,5.0,0.0,0.0,0.5,198.5,0.4582803613248578,0.3125
Ross Pearson,45.0,47.6,0.0,20.6,13.6,10.8,44.0,1.0,0.0,120.8,123.8,0.6,0.0,0.0,0.0,5.6,0.4054171372106155,0.0
Ross Pointon,13.5,15.0,0.0,5.0,1.0,7.5,12.5,1.0,0.0,62.0,63.5,0.0,0.5,0.0,0.0,10.0,0.21057692307692308,0.0
Rostem Akman,27.0,27.5,1.0,19.0,6.0,2.0,21.0,6.0,0.0,105.0,106.5,2.5,0.0,0.0,0.0,101.0,0.2631818181818182,0.4
Rousimar Palhares,15.4,31.6,0.6,9.0,1.8,4.6,11.2,0.8,3.4,26.8,46.0,0.8,0.2,0.8,0.2,66.6,0.31302841302841306,0.6666666666666666
Roxanne Modafferi,57.6,88.0,1.2,48.2,6.2,3.2,53.8,3.2,0.6,195.4,236.0,4.2,0.0,0.0,0.2,164.8,0.2777501707313016,0.21428571428571427
Roy Nelson,34.8,55.6,2.4,24.0,6.0,4.8,23.4,9.6,1.8,77.4,100.4,6.0,0.2,0.0,0.0,282.8,0.4214032058065479,0.24500000000000002
Royce Alger,7.0,8.5,1.0,7.0,0.0,0.0,0.0,1.5,5.5,16.0,17.5,4.5,0.0,0.0,0.0,76.5,0.46153846153846156,0.125
Royce Gracie,5.6,104.2,0.2,2.8,1.4,1.4,1.6,2.2,1.8,12.2,111.4,0.8,0.0,1.4,0.0,0.0,0.40019762845849804,0.3333333333333333
Royston Wee,14.666666666666666,67.0,3.0,5.333333333333333,3.0,6.333333333333333,10.0,1.3333333333333333,3.3333333333333335,24.333333333333332,84.33333333333333,3.6666666666666665,0.0,0.0,0.0,433.3333333333333,0.6166187739463601,0.8035714285714286
Ruan Potts,5.666666666666667,20.0,0.3333333333333333,3.0,1.0,1.6666666666666667,4.333333333333333,0.6666666666666666,0.6666666666666666,15.0,31.0,2.0,0.0,1.0,0.3333333333333333,35.666666666666664,0.29442970822281167,0.16666666666666666
Rudyard Moncayo,0.0,2.0,0.0,0.0,0.0,0.0,0.0,0.0,0.0,0.0,2.0,1.0,0.0,0.0,0.0,0.0,0.0,0.0
Ruslan Magomedov,60.333333333333336,67.0,0.3333333333333333,40.666666666666664,11.333333333333334,8.333333333333334,52.666666666666664,7.333333333333333,0.3333333333333333,126.0,132.66666666666666,0.3333333333333333,0.3333333333333333,0.0,0.0,56.0,0.48275370861577754,1.0
Russell Doane,11.2,18.0,0.4,7.4,2.4,1.4,7.6,1.8,1.8,27.2,36.8,0.6,0.4,0.6,0.4,82.6,0.3917179215270413,0.75
Rustam Khabilov,29.6,52.4,3.4,21.8,5.2,2.6,23.0,2.2,4.4,91.0,116.2,9.6,0.0,0.0,0.0,272.2,0.338105019785692,0.40621212121212125
Ryan Bader,35.4,45.6,1.4,30.0,3.8,1.6,19.0,0.8,15.6,80.0,91.2,3.2,0.2,0.2,0.0,157.6,0.43423297933813576,0.3
Ryan Benoit,45.6,55.0,0.2,35.4,7.6,2.6,38.6,5.2,1.8,113.0,123.4,1.2,0.6,0.4,0.0,24.0,0.4000148346512858,0.1
Ryan Couture,37.0,41.0,0.5,13.5,12.0,11.5,26.5,10.5,0.0,116.0,120.5,6.5,0.0,0.0,0.0,128.0,0.33347297863426895,0.07142857142857142
Ryan Hall,27.6,55.4,0.0,10.6,11.0,6.0,19.8,0.6,7.2,56.2,87.4,1.6,0.4,1.8,0.8,68.8,0.5262918315302643,0.0
Ryan Janes,81.75,107.0,0.25,59.25,17.0,5.5,69.25,12.0,0.5,169.5,198.0,0.25,0.0,0.0,0.25,93.75,0.4482091568061063,1.0
Ryan Jensen,11.4,17.0,0.4,8.4,1.6,1.4,9.2,0.8,1.4,29.4,35.2,1.2,0.2,0.8,0.2,47.0,0.38828526556253573,0.4444444444444444
Ryan Jimmo,34.2,51.0,0.4,13.4,9.0,11.8,16.6,14.2,3.4,51.8,71.4,1.0,0.4,0.0,0.0,188.8,0.6331622135801543,0.375
Ryan LaFlare,31.6,44.4,0.4,13.0,15.4,3.2,24.8,3.8,3.0,82.0,95.6,3.0,0.2,0.0,0.2,171.0,0.4068890804184922,0.08333333333333333
Ryan Loder,18.666666666666668,26.333333333333332,0.3333333333333333,16.0,2.6666666666666665,0.0,2.6666666666666665,2.3333333333333335,13.666666666666666,27.0,34.666666666666664,2.3333333333333335,0.0,0.3333333333333333,0.3333333333333333,99.33333333333333,0.5258974358974359,0.16666666666666666
Ryan MacDonald,22.5,23.0,0.0,12.0,3.5,7.0,22.5,0.0,0.0,77.5,78.0,1.5,0.0,0.0,0.0,26.0,0.2875,0.0
Ryan Madigan,0.0,15.0,0.0,0.0,0.0,0.0,0.0,0.0,0.0,2.0,20.0,0.0,0.0,0.0,0.0,0.0,0.0,0.0
Ryan McGillivray,19.0,25.0,0.0,17.0,2.0,0.0,18.0,0.0,1.0,91.0,97.0,1.0,0.0,0.0,0.0,0.0,0.2087912087912088,0.0
Ryan Parker,0.0,20.0,0.0,0.0,0.0,0.0,0.0,0.0,0.0,0.0,21.0,0.0,0.0,0.0,0.0,0.0,0.0,0.0
Ryan Roberts,0.0,0.0,0.0,0.0,0.0,0.0,0.0,0.0,0.0,1.0,1.0,0.0,0.0,0.0,0.0,0.0,0.0,0.0
Ryan Spann,22.8,24.6,0.4,14.6,4.8,3.4,18.8,0.6,3.4,70.0,72.2,1.4,0.0,0.8,0.0,86.0,0.3697478711079402,0.3333333333333333
Ryan Thomas,13.5,54.0,2.5,7.5,3.5,2.5,6.0,2.5,5.0,37.5,81.5,7.5,0.0,1.0,0.0,141.5,0.45411663807890223,0.3125
Ryo Chonan,38.0,61.75,0.5,21.0,10.25,6.75,24.75,5.0,8.25,100.25,126.25,1.0,0.0,0.0,1.0,279.5,0.3900625515971296,0.5
Sabah Homasi,26.666666666666668,29.333333333333332,1.0,17.0,7.0,2.6666666666666665,16.0,9.0,1.6666666666666667,55.0,58.666666666666664,2.0,0.0,0.0,0.0,45.666666666666664,0.4608333333333334,0.5
Sabina Mazo,78.0,82.0,0.0,40.8,15.0,22.2,71.0,7.0,0.0,194.0,198.8,0.2,0.2,0.2,0.0,34.0,0.38640092171200885,0.0
Saeed Hosseini,1.0,1.0,0.0,0.0,0.0,1.0,1.0,0.0,0.0,5.0,5.0,0.0,0.0,1.0,0.0,0.0,0.2,0.0
Sage Northcutt,44.0,74.4,1.0,27.4,8.8,7.8,29.0,7.6,7.4,85.0,117.4,3.6,0.4,0.4,0.2,115.2,0.5564566260218434,0.3422222222222222
Sai Wang,47.5,105.5,0.0,26.0,10.0,11.5,25.0,12.0,10.5,101.5,175.0,1.0,0.0,0.0,1.0,329.0,0.45426704777460186,0.0
Said Nurmagomedov,23.4,59.2,0.8,12.2,7.4,3.8,17.8,3.6,2.0,43.6,83.2,4.0,0.2,1.4,0.4,108.0,0.5104022208452588,0.14814814814814814
Saidyokub Kakhramonov,26.333333333333332,86.66666666666667,5.666666666666667,19.0,4.666666666666667,2.6666666666666665,10.0,7.333333333333333,9.0,51.333333333333336,128.0,11.666666666666666,0.0,1.6666666666666667,0.0,426.0,0.4876285672895843,0.4424603174603175
Saimon Oliveira,21.5,28.75,0.25,11.25,4.5,5.75,15.5,3.25,2.75,49.75,59.0,1.75,0.0,1.0,0.5,63.75,0.4327107251351245,0.25
Sako Chivitchian,36.0,54.0,0.0,26.0,6.0,4.0,25.0,11.0,0.0,132.0,153.0,1.0,0.0,0.0,0.0,176.0,0.2727272727272727,0.0
Salim Touahri,39.0,52.0,0.0,16.333333333333332,19.333333333333332,3.3333333333333335,25.666666666666668,11.0,2.3333333333333335,83.0,97.66666666666667,1.0,0.0,0.0,0.0,53.666666666666664,0.46778423993613866,0.0
Sam Adkins,0.0,2.0,0.0,0.0,0.0,0.0,0.0,0.0,0.0,2.5,4.5,0.0,0.0,0.0,0.0,0.0,0.0,0.0
Sam Alvey,36.6,47.8,0.0,27.0,4.0,5.6,33.8,2.6,0.2,86.8,98.4,0.2,0.0,0.0,0.0,26.2,0.39567470240568153,0.0
Sam Fulton,1.0,2.0,0.0,0.0,1.0,0.0,1.0,0.0,0.0,1.0,2.0,0.0,0.0,0.0,0.0,0.0,1.0,0.0
Sam Hoger,14.4,51.4,1.0,9.0,3.8,1.6,10.4,1.6,2.4,57.6,96.2,2.6,0.2,1.2,0.2,120.0,0.30488346475787675,0.42857142857142855
Sam Hughes,64.6,107.0,1.2,42.4,11.8,10.4,51.6,4.2,8.8,138.4,187.8,3.6,0.0,0.4,0.2,232.6,0.46454798039351425,0.5104166666666666
Sam Patterson,11.8,12.6,0.4,9.8,1.0,1.0,11.2,0.0,0.6,25.0,26.0,0.4,0.2,0.4,0.0,20.0,0.4364226459814695,1.0
Sam Sicilia,11.8,16.4,0.4,8.6,1.6,1.6,9.0,1.4,1.4,48.6,54.2,0.8,0.2,0.8,0.0,111.8,0.2969444086375608,0.3333333333333333
Sam Stout,31.4,34.0,0.6,11.0,11.0,9.4,28.8,1.0,1.6,110.0,112.6,1.0,0.0,0.2,0.0,25.2,0.313186068495803,0.5
Sammy Morgan,4.5,29.5,0.0,1.5,2.5,0.5,3.5,1.0,0.0,23.0,50.0,3.5,0.0,0.5,0.0,0.0,0.34090909090909094,0.0
Samy Schiavo,13.5,16.0,0.5,10.0,0.5,3.0,7.0,3.0,3.5,39.0,42.0,1.0,0.0,0.5,0.0,159.5,0.29626623376623373,0.5
Sanae Kikuta,8.0,20.0,2.0,7.0,0.0,1.0,1.0,0.0,7.0,16.0,33.0,2.0,0.0,2.0,0.0,218.0,0.5,1.0
Santiago Luna,15.0,17.0,0.0,13.0,1.0,1.0,9.0,3.0,3.0,40.0,42.0,1.0,2.0,0.0,0.0,47.0,0.375,0.0
Santiago Ponzinibbio,55.2,55.6,0.6,32.4,10.4,12.4,54.0,0.2,1.0,132.4,133.4,2.8,0.4,0.0,0.0,47.8,0.4150075761688665,0.17500000000000002
Saparbeg Safarov,30.0,48.25,1.25,24.5,2.5,3.0,15.0,2.25,12.75,62.25,80.75,3.0,0.0,0.0,0.0,184.0,0.49000815002501497,0.3333333333333333
Sara McMann,24.2,55.0,2.6,15.4,6.4,2.4,5.4,5.2,13.6,50.4,86.8,4.8,0.0,0.2,0.0,502.4,0.48358564238703605,0.5733333333333334
Sarah Alpar,26.5,35.5,1.0,12.5,5.5,8.5,26.0,0.5,0.0,71.5,82.0,6.0,0.0,0.0,0.0,104.0,0.38141592920353984,0.09090909090909091
Sarah Frota,20.5,55.5,0.0,15.5,4.0,1.0,13.0,2.0,5.5,55.0,94.5,0.0,0.0,0.0,0.0,137.5,0.4027777777777778,0.0
Sarah Kaufman,95.25,145.25,0.5,52.5,19.0,23.75,54.0,35.75,5.5,189.5,243.5,1.25,0.0,0.0,0.0,152.25,0.516531091414269,0.625
Sarah Moras,35.6,73.0,0.4,22.8,5.2,7.6,25.6,1.4,8.6,106.4,150.0,1.4,0.0,0.4,0.2,142.4,0.44929921642049786,0.20833333333333331
Sasha Palatnikov,46.333333333333336,64.0,0.3333333333333333,35.666666666666664,9.333333333333334,1.3333333333333333,30.0,10.333333333333334,6.0,87.33333333333333,107.0,0.3333333333333333,0.0,0.0,0.0,84.0,0.6896976090014064,1.0
Satoshi Honma,6.0,30.0,0.0,2.0,2.0,2.0,2.0,2.0,2.0,13.0,40.0,0.0,0.0,1.0,0.0,0.0,0.46153846153846156,0.0
Saygid Izagakhmaev,20.0,65.0,4.0,11.0,9.0,0.0,8.0,10.0,2.0,34.0,88.0,10.0,0.0,0.0,0.0,318.0,0.5882352941176471,0.4
Scott Adams,0.0,10.0,1.0,0.0,0.0,0.0,0.0,0.0,0.0,0.0,11.0,1.0,0.0,4.0,0.0,77.0,0.0,1.0
Scott Askham,32.6,39.6,0.4,16.4,9.6,6.6,26.4,4.6,1.6,78.6,86.0,2.0,0.6,0.6,0.2,64.2,0.5167436463064454,0.16666666666666666
Scott Baker,0.0,14.0,1.0,0.0,0.0,0.0,0.0,0.0,0.0,2.0,23.0,1.0,0.0,0.0,2.0,0.0,0.0,1.0
Scott Bessac,1.0,1.0,0.0,0.0,1.0,0.0,0.0,1.0,0.0,5.0,5.0,0.0,0.0,2.0,0.0,0.0,0.2,0.0
Scott Ferrozzo,24.75,65.0,1.0,11.5,10.5,2.75,5.0,14.5,5.25,37.5,79.0,1.75,0.0,0.5,0.0,0.0,0.5256458966565349,0.5
Scott Fiedler,3.0,5.0,0.0,2.0,0.0,1.0,1.0,0.0,2.0,4.0,7.0,0.0,0.0,0.0,0.0,0.0,0.75,0.0
Scott Holtzman,43.2,54.6,0.4,35.6,3.4,4.2,36.4,4.0,2.8,104.2,117.0,1.0,0.2,0.0,0.0,126.6,0.404972195114601,0.375
Scott Jorgensen,19.8,33.0,2.6,13.4,3.8,2.6,12.4,5.2,2.2,50.2,66.0,4.6,0.2,0.0,0.2,119.4,0.3523888782977226,0.5
Scott Junk,17.0,30.0,0.0,8.0,3.0,6.0,5.0,12.0,0.0,28.0,42.0,0.0,0.0,0.0,0.0,75.0,0.6071428571428571,0.0
Scott Morris,0.5,1.0,0.5,0.5,0.0,0.0,0.0,0.5,0.0,0.5,1.0,1.0,0.0,0.5,0.0,0.0,1.0,0.5
Scott Smith,16.5,19.25,0.0,13.75,0.75,2.0,11.25,4.25,1.0,48.75,51.75,0.75,0.5,0.5,0.0,69.5,0.414336917562724,0.0
Sean Alvarez,6.0,16.0,0.0,1.0,0.0,5.0,5.0,1.0,0.0,16.0,26.0,9.0,0.0,0.0,0.0,197.0,0.375,0.0
Sean Brady,53.4,131.6,3.4,38.8,5.0,9.6,41.8,4.0,7.6,94.8,186.6,7.0,0.0,0.8,0.0,370.0,0.5300953375037574,0.42521008403361343
Sean Daugherty,0.0,1.0,0.0,0.0,0.0,0.0,0.0,0.0,0.0,4.0,5.0,0.0,0.0,0.0,0.0,0.0,0.0,0.0
Sean Gannon,0.0,8.0,0.0,0.0,0.0,0.0,0.0,0.0,0.0,3.0,12.0,0.0,0.0,0.0,0.0,0.0,0.0,0.0
Sean McCorkle,4.0,6.666666666666667,0.6666666666666666,3.3333333333333335,0.6666666666666666,0.0,1.6666666666666667,0.0,2.3333333333333335,9.0,12.0,1.6666666666666667,0.0,1.3333333333333333,0.0,88.66666666666667,0.3386243386243386,0.5
Sean O'Connell,36.0,53.8,0.0,26.2,7.8,2.0,23.4,9.6,3.0,74.2,93.2,1.0,0.4,0.0,0.0,80.4,0.4479638300513907,0.0
Sean O'Malley,83.4,87.2,0.0,53.4,22.2,7.8,78.4,1.8,3.2,140.0,144.2,0.2,0.2,0.0,0.0,4.6,0.5895280180184382,0.0
Sean Pierson,37.2,63.2,0.2,24.8,8.0,4.4,28.4,6.4,2.4,99.0,127.6,1.6,0.0,0.2,0.4,125.8,0.34232169321028577,0.125
Sean Salmon,5.5,8.0,1.0,5.0,0.5,0.0,1.0,1.0,3.5,14.5,17.0,2.0,0.0,0.0,0.0,28.5,0.6785714285714286,0.3333333333333333
Sean Sharaf,53.0,54.0,1.0,39.0,7.0,7.0,44.0,1.0,8.0,118.0,122.0,8.0,0.0,0.0,0.0,46.0,0.4491525423728814,0.125
Sean Sherk,47.6,96.2,5.0,33.8,6.0,7.8,35.4,4.8,7.4,157.8,210.8,9.8,0.0,0.4,0.4,400.4,0.34934766821382335,0.37635756056808684
Sean Soriano,36.0,43.0,1.0,21.2,6.4,8.4,25.6,5.8,4.6,58.4,67.2,1.8,0.0,0.0,1.0,95.8,0.6222876526277945,0.7142857142857143
Sean Spencer,48.0,58.2,0.2,35.0,8.6,4.4,41.8,3.2,3.0,154.2,164.8,0.4,0.6,0.0,0.2,71.4,0.30512122748035064,0.5
Sean Strickland,140.2,142.2,0.0,103.2,30.4,6.6,133.6,2.8,3.8,304.0,306.2,0.0,0.4,0.0,0.0,5.0,0.46465130684950784,0.0
Sean Woodson,68.2,92.2,1.0,45.4,10.8,12.0,63.2,3.8,1.2,141.2,168.0,1.8,0.2,0.0,0.0,92.8,0.4930549446049991,0.37777777777777777
Sedriques Dumas,12.2,22.8,0.8,6.0,3.0,3.2,10.0,0.6,1.6,31.2,43.0,3.0,0.0,0.0,0.0,96.6,0.26944055944055945,0.25
Semmy Schilt,8.0,13.0,0.0,2.5,4.0,1.5,6.0,1.0,1.0,13.5,20.0,0.0,1.0,0.0,0.0,27.0,0.7884615384615384,0.0
Seo Hee Ham,63.0,74.25,0.0,37.5,16.0,9.5,55.75,6.25,1.0,158.75,171.0,2.0,0.0,0.25,0.25,58.75,0.4010022522369887,0.0
Seokhyeon Ko,34.5,102.0,5.0,26.0,2.5,6.0,13.0,1.5,20.0,51.5,142.0,6.5,0.0,0.5,0.0,702.5,0.6990632318501171,0.8333333333333333
Sergei Pavlovich,33.8,58.2,0.4,25.0,5.4,3.4,32.8,0.2,0.8,83.8,114.0,1.2,0.2,0.0,0.0,80.4,0.3569966839838842,0.3333333333333333
Sergey Khandozhko,44.666666666666664,99.0,0.6666666666666666,25.666666666666668,8.0,11.0,41.666666666666664,2.3333333333333335,0.6666666666666666,108.33333333333333,165.0,2.3333333333333335,1.0,0.0,0.0,38.666666666666664,0.42829354739658726,0.5833333333333334
Sergey Morozov,37.4,63.2,3.0,26.8,5.4,5.2,29.4,3.4,4.6,86.0,115.4,9.4,0.2,0.0,0.0,273.2,0.40644505508506734,0.29759615384615384
Serghei Spivac,17.8,28.4,2.0,14.8,1.4,1.6,12.2,0.6,5.0,43.4,56.0,3.4,0.0,0.4,0.2,92.2,0.4721008403361345,0.6166666666666666
Sergio Moraes,33.8,38.4,1.2,26.6,6.0,1.2,33.2,0.2,0.4,87.8,93.0,2.0,0.0,0.4,0.0,141.6,0.4170858777239947,0.5625
Sergio Pettis,59.2,80.0,0.2,48.0,4.6,6.6,55.6,3.0,0.6,160.2,183.0,0.6,0.0,0.0,0.0,3.6,0.35361740118159407,0.25
Serhiy Sidey,67.33333333333333,74.0,1.6666666666666667,40.333333333333336,19.0,8.0,60.666666666666664,6.333333333333333,0.3333333333333333,167.33333333333334,176.33333333333334,6.666666666666667,0.0,1.3333333333333333,0.3333333333333333,107.66666666666667,0.4128154703375942,0.1388888888888889
Seth Baczynski,31.2,35.6,0.8,19.2,7.6,4.4,25.0,4.2,2.0,105.6,110.8,4.4,0.0,0.0,0.0,122.0,0.25880256835480714,0.19318181818181818
Seth Petruzelli,16.5,33.5,0.25,10.75,3.0,2.75,10.5,3.0,3.0,40.0,58.5,0.5,0.5,1.25,0.0,23.75,0.37039302929180573,0.5
SeungGuk Choi,20.0,30.0,0.0,12.0,3.0,5.0,20.0,0.0,0.0,69.0,83.0,2.0,1.0,0.0,0.0,158.0,0.2898550724637681,0.0
SeungWoo Choi,30.6,44.6,0.4,16.2,3.6,10.8,28.0,1.4,1.2,82.0,99.4,0.8,0.4,0.0,0.0,96.6,0.4177931715788386,0.5
Shamar Bailey,23.666666666666668,39.666666666666664,1.6666666666666667,14.333333333333334,4.666666666666667,4.666666666666667,17.666666666666668,3.6666666666666665,2.3333333333333335,93.0,111.33333333333333,4.666666666666667,0.0,0.0,0.0,191.0,0.46605459406219224,0.2777777777777778
Shamil Abdurakhimov,16.0,16.4,0.0,9.0,4.0,3.0,13.8,2.2,0.0,38.6,39.0,0.8,0.2,0.0,0.0,0.0,0.5307744937055282,0.0
Shamil Gamzatov,49.5,58.5,0.0,13.0,18.0,18.5,49.0,0.5,0.0,102.5,112.5,1.5,0.0,0.0,0.0,5.5,0.49307808782176077,0.0
Shamil Gaziev,24.4,39.2,0.6,17.2,6.6,0.6,16.6,5.0,2.8,51.8,70.0,2.0,0.2,0.0,0.0,225.8,0.46698849104859336,0.40476190476190477
Shana Dobson,29.2,49.8,0.6,16.8,9.0,3.4,19.6,5.4,4.2,76.0,100.2,1.2,0.0,0.0,0.4,42.4,0.47121422267053337,0.625
Shane Burgos,109.6,137.6,0.4,63.8,24.6,21.2,86.0,13.0,10.6,190.6,222.4,1.4,0.2,0.6,0.0,149.0,0.5658005376344086,0.2857142857142857
Shane Campbell,35.2,49.6,0.8,13.4,9.4,12.4,26.4,3.4,5.4,58.8,75.2,2.8,0.0,0.0,0.2,114.6,0.60392577461387,0.26666666666666666
Shane Carwin,25.2,36.8,0.4,20.4,0.8,4.0,5.2,8.2,11.8,53.4,66.4,1.4,0.6,0.0,0.0,87.4,0.48922830878222534,0.27777777777777773
Shane Howell,11.0,14.0,0.0,5.5,4.0,1.5,10.0,0.0,1.0,33.5,36.5,0.0,0.0,0.0,0.5,8.0,0.171875,0.0
Shane Nelson,15.75,49.75,1.0,9.75,5.0,1.0,9.0,3.75,3.0,50.75,87.5,5.5,0.25,1.25,0.0,140.5,0.335709790673026,0.14761904761904762
Shane Primm,7.0,12.0,1.0,2.0,4.0,1.0,1.0,6.0,0.0,26.0,31.0,5.0,0.0,0.0,0.0,77.0,0.2692307692307692,0.2
Shane Roller,19.6,33.2,1.0,16.0,1.8,1.8,11.2,1.6,6.8,48.2,63.8,4.4,0.0,0.4,0.4,175.4,0.26031215161649945,0.2817460317460317
Shane Young,50.2,53.2,0.2,25.6,14.8,9.8,48.6,1.6,0.0,124.0,127.4,2.0,0.2,0.0,0.0,45.2,0.41145949288806427,0.06666666666666667
Shane del Rosario,23.0,33.0,0.5,5.5,11.0,6.5,17.5,5.5,0.0,37.0,47.0,2.0,0.0,1.0,0.0,98.5,0.6065306122448979,0.25
Shanna Young,35.0,41.75,0.0,23.5,8.75,2.75,27.0,4.5,3.5,76.25,84.25,0.25,0.0,0.5,0.25,25.5,0.45935774378456296,0.0
Shannon Gugerty,8.8,20.0,1.0,2.8,2.2,3.8,5.6,2.0,1.2,22.4,35.2,3.6,0.0,1.6,0.0,139.0,0.298969095591577,0.5307692307692308
Shannon Ross,16.666666666666668,21.333333333333332,0.0,8.666666666666666,3.3333333333333335,4.666666666666667,16.333333333333332,0.3333333333333333,0.0,40.666666666666664,47.333333333333336,0.0,0.0,0.0,0.0,0.0,0.4417874396135266,0.0
Shara Magomedov,75.0,90.2,0.0,30.8,25.6,18.6,62.6,11.4,1.0,124.2,141.6,0.2,0.4,0.0,0.0,23.2,0.6018243626627962,0.0
Shauna Bannon,49.0,95.25,0.0,21.75,17.25,10.0,46.25,2.75,0.0,113.75,165.0,1.25,0.0,0.5,0.0,33.5,0.4181816412332607,0.0
Shavkat Rakhmonov,42.0,66.0,1.2,29.8,10.8,1.4,23.4,10.4,8.2,69.2,97.2,4.8,0.2,0.8,0.2,397.4,0.5906729984025073,0.3466666666666667
Shawn Jordan,20.4,42.6,1.4,15.0,2.8,2.6,8.2,4.0,8.2,44.8,71.0,3.8,0.4,0.0,0.0,170.4,0.4569081604144718,0.4027777777777778
Shayilan Nuerdanbieke,21.4,56.0,2.4,18.0,1.4,2.0,12.6,0.8,8.0,41.4,90.4,5.2,0.6,0.2,1.2,306.0,0.5467877952868911,0.475
Shayna Baszler,4.5,10.0,0.5,4.5,0.0,0.0,2.5,2.0,0.0,19.0,24.5,3.0,0.0,0.5,0.0,58.0,0.19583333333333333,0.125
Sheila Gaff,5.0,10.0,0.0,1.0,4.0,0.0,1.0,4.0,0.0,10.0,15.0,0.0,0.0,0.0,0.0,6.5,0.4791666666666667,0.0
Sheldon Westcott,21.0,38.666666666666664,2.0,16.0,4.333333333333333,0.6666666666666666,3.3333333333333335,6.666666666666667,11.0,51.666666666666664,74.0,5.333333333333333,0.0,0.0,0.0,316.3333333333333,0.404951378491599,0.5909090909090909
Shem Rock,44.0,77.0,1.0,9.0,18.0,17.0,40.0,4.0,0.0,104.0,141.0,9.0,0.0,0.0,0.0,32.0,0.4230769230769231,0.1111111111111111
Sherman Pendergarst,4.0,14.0,1.0,4.0,0.0,0.0,0.0,0.0,4.0,11.0,21.0,1.0,0.0,0.0,0.0,164.0,0.36363636363636365,1.0
Sheymon Moraes,37.6,40.8,0.0,16.6,17.0,4.0,30.0,6.0,1.6,89.0,92.8,0.8,0.4,0.0,0.0,37.4,0.45528327495632637,0.0
Shi Ming,30.0,33.0,1.0,13.0,11.0,6.0,28.0,0.0,2.0,108.0,112.0,2.0,1.0,0.0,0.0,55.0,0.2777777777777778,0.5
Shinsho Anzai,26.5,48.25,1.0,18.5,5.75,2.25,14.75,11.25,0.5,45.5,73.25,6.25,0.0,0.0,0.0,184.25,0.5124110094075769,0.3162878787878788
Shonie Carter,18.2,33.6,1.0,6.6,4.2,7.4,13.2,3.6,1.4,47.0,64.8,1.8,0.4,0.0,0.6,123.4,0.396251622714291,0.5833333333333333
Shunichi Shimizu,2.0,5.0,0.0,0.0,0.0,2.0,2.0,0.0,0.0,6.0,15.0,6.0,0.0,0.0,1.0,108.0,0.3333333333333333,0.0
Sijara Eubanks,41.4,63.6,1.4,31.0,7.6,2.8,27.2,1.6,12.6,89.0,115.4,3.6,0.0,0.6,0.4,326.0,0.45813586167816867,0.33571428571428574
Silvana Gomez Juarez,24.5,25.5,0.0,16.5,6.0,2.0,21.75,1.0,1.75,76.5,78.0,0.0,0.5,0.0,0.0,20.25,0.4364417795976731,0.0
Simeon Thoresen,34.333333333333336,50.0,0.6666666666666666,21.333333333333332,9.333333333333334,3.6666666666666665,22.0,10.0,2.3333333333333335,78.66666666666667,96.66666666666667,1.6666666666666667,0.0,1.0,0.3333333333333333,142.0,0.43104685910223445,0.625
Sione Latu,9.0,14.0,1.0,6.0,2.0,1.0,3.0,4.0,2.0,19.0,26.0,1.0,0.0,0.0,1.0,0.0,0.47368421052631576,1.0
Sirwan Kakai,53.5,73.5,4.0,38.5,8.5,6.5,39.5,12.5,1.5,129.5,150.0,9.5,0.5,0.0,0.0,216.5,0.421445023639229,0.41666666666666663
Siyar Bahadurzada,42.4,70.8,1.4,32.6,7.4,2.4,20.2,7.4,14.8,100.0,131.6,2.2,0.8,0.4,0.2,164.6,0.4221526724202943,0.8095238095238096
Soa Palelei,14.2,37.0,0.8,11.8,1.6,0.8,5.8,0.6,7.8,26.4,51.6,3.0,0.0,0.0,0.0,96.2,0.6049747899159664,0.5066666666666666
Sodiq Yusuff,57.8,70.2,0.6,31.0,8.6,18.2,49.2,5.6,3.0,114.8,131.8,1.6,0.2,0.2,0.0,104.4,0.5692104723074661,0.38888888888888884
Solomon Hutcherson,11.0,25.0,1.0,5.0,5.0,1.0,5.0,6.0,0.0,28.0,44.0,1.0,0.0,0.0,1.0,98.0,0.39285714285714285,1.0
Song Kenan,57.6,71.6,0.6,36.8,10.4,10.4,48.4,8.4,0.8,121.2,138.2,2.0,0.4,0.0,0.0,30.2,0.46822554731753313,0.21666666666666667
Song Yadong,81.2,117.6,1.0,48.6,15.0,17.6,67.8,4.4,9.0,177.6,222.2,2.8,0.4,0.0,0.0,177.4,0.4543033775838278,0.44791666666666663
Spencer Fisher,45.2,77.6,0.4,20.0,12.0,13.2,34.0,9.2,2.0,110.2,147.2,1.6,0.0,0.4,0.0,33.0,0.41980712158731787,0.3888888888888889
Spike Carlyle,26.666666666666668,40.333333333333336,2.3333333333333335,22.333333333333332,1.6666666666666667,2.6666666666666665,11.0,3.0,12.666666666666666,49.333333333333336,68.33333333333333,6.333333333333333,0.0,0.3333333333333333,1.3333333333333333,268.6666666666667,0.5614078323902657,0.40384615384615385
Stanislav Nedkov,22.5,29.75,1.25,17.25,3.5,1.75,8.0,9.0,5.5,51.75,60.25,3.0,0.5,0.0,0.0,136.0,0.4564425770308123,0.20833333333333334
Stefan Sekulic,27.5,35.0,2.0,10.0,4.0,13.5,25.0,1.5,1.0,55.0,63.5,6.0,0.0,0.5,0.0,129.0,0.5069628647214854,0.3142857142857143
Stefan Struve,26.2,29.6,0.2,10.2,7.0,9.0,23.6,2.0,0.6,50.2,54.4,1.2,0.0,0.2,0.2,39.2,0.4458835143045669,0.25
Stephan Bonnar,35.2,89.2,2.2,20.8,10.2,4.2,12.4,15.2,7.6,85.2,146.0,4.6,0.2,0.4,0.2,379.2,0.4103639980384166,0.4333333333333333
Stephanie Egger,16.2,41.8,1.2,10.8,3.2,2.2,9.0,3.6,3.6,36.8,66.4,2.2,0.0,0.4,0.2,122.0,0.5109622985709942,0.8214285714285714
Stephanie Luciano,71.33333333333333,89.33333333333333,1.3333333333333333,38.666666666666664,17.0,15.666666666666666,63.666666666666664,4.333333333333333,3.3333333333333335,183.33333333333334,205.33333333333334,2.0,0.3333333333333333,0.3333333333333333,0.0,106.0,0.40733092208738014,0.625
Stephen Bass,73.0,78.0,0.0,39.0,24.0,10.0,59.0,13.0,1.0,140.0,145.0,6.0,0.0,0.0,0.0,24.0,0.5214285714285715,0.0
Stephen Thompson,57.8,79.2,0.0,36.4,15.0,6.4,50.6,6.2,1.0,103.0,127.6,0.6,0.0,0.0,0.2,26.0,0.5558917933993816,0.0
Steve Berger,4.333333333333333,45.333333333333336,0.3333333333333333,1.3333333333333333,2.6666666666666665,0.3333333333333333,0.6666666666666666,3.6666666666666665,0.0,19.0,61.666666666666664,1.0,0.0,1.0,0.3333333333333333,31.0,0.13613613613613615,0.3333333333333333
Steve Bosse,32.666666666666664,41.666666666666664,0.3333333333333333,26.333333333333332,4.333333333333333,2.0,20.333333333333332,5.0,7.333333333333333,61.666666666666664,71.66666666666667,1.0,0.3333333333333333,0.0,0.0,54.666666666666664,0.31912144702842377,0.3333333333333333
Steve Bruno,12.333333333333334,28.333333333333332,1.6666666666666667,6.0,1.3333333333333333,5.0,8.333333333333334,3.0,1.0,23.666666666666668,40.333333333333336,6.666666666666667,0.0,0.3333333333333333,0.0,130.0,0.48730158730158735,0.5256410256410257
Steve Byrnes,18.0,45.0,3.0,16.0,2.0,0.0,1.0,3.0,14.0,35.0,64.0,5.0,0.0,4.0,1.0,539.0,0.5142857142857142,0.6
Steve Cantwell,47.0,52.6,0.4,21.8,17.6,7.6,39.6,5.6,1.8,152.0,158.2,1.8,0.0,0.4,0.0,21.8,0.3036099482440946,0.38095238095238093
Steve Erceg,58.0,66.0,0.8,43.8,9.2,5.0,54.6,2.8,0.6,129.0,139.6,3.4,0.2,0.2,0.2,64.8,0.4198562110707681,0.15555555555555556
Steve Garcia,36.8,45.2,0.0,27.2,6.6,3.0,25.2,1.8,9.8,85.0,96.8,0.2,0.8,0.2,0.2,37.2,0.5228489898720314,0.0
Steve Jennum,6.333333333333333,12.333333333333334,1.0,6.333333333333333,0.0,0.0,0.3333333333333333,0.0,6.0,17.333333333333332,28.333333333333332,1.3333333333333333,0.0,0.3333333333333333,0.0,0.0,0.2901515151515151,0.8333333333333333
Steve Judson,7.0,10.5,0.0,5.5,1.5,0.0,0.0,7.0,0.0,13.5,18.0,0.5,0.0,0.0,0.0,10.0,0.5185185185185185,0.0
Steve Kennedy,20.5,32.0,1.5,16.0,1.5,3.0,18.0,0.0,2.5,57.0,70.0,4.5,0.0,0.0,0.0,145.5,0.3112745098039216,0.1875
Steve Lopez,14.5,41.5,0.0,5.0,2.5,7.0,13.5,0.0,1.0,60.0,88.0,0.0,0.0,0.0,0.0,0.0,0.22319632078183388,0.0
Steve Montgomery,43.0,51.0,0.0,28.5,13.0,1.5,29.0,13.0,1.0,109.5,118.0,0.0,0.0,0.0,0.0,1.0,0.36228496634255797,0.0
Steve Nelmark,7.5,20.5,1.0,6.5,1.0,0.0,1.0,1.0,5.5,9.0,22.5,1.0,0.0,0.5,0.0,0.0,0.90625,1.0
Steve Steinbeiss,46.0,81.0,0.0,11.0,30.5,4.5,13.5,32.5,0.0,74.0,109.5,0.5,0.0,0.0,0.0,161.5,0.5136678906568747,0.0
Steve Vigneault,6.0,8.0,0.0,1.0,1.0,4.0,1.0,5.0,0.0,13.0,15.0,1.0,0.0,0.0,0.0,13.0,0.46153846153846156,0.0
Steven Graham,0.0,0.5,0.5,0.0,0.0,0.0,0.0,0.0,0.0,0.0,0.5,0.5,0.0,0.5,0.0,0.0,0.0,1.0
Steven Koslow,11.0,20.0,5.0,8.0,1.0,2.0,8.0,1.0,2.0,29.0,42.0,9.0,0.0,1.0,2.0,280.0,0.3793103448275862,0.5555555555555556
Steven Nguyen,77.5,85.5,0.5,61.5,6.0,10.0,54.5,4.0,19.0,200.0,210.5,0.5,3.0,0.0,0.0,93.0,0.40374834706540536,1.0
Steven Peterson,67.8,88.6,0.6,46.6,11.4,9.8,57.6,4.4,5.8,147.8,170.4,1.8,0.2,0.8,0.0,142.4,0.4702420754954272,0.5
Steven Siler,25.0,49.0,0.2,18.2,4.2,2.6,16.4,4.2,4.4,63.2,91.4,0.8,0.2,1.0,0.2,136.2,0.40257033552805394,0.25
Stevie Lynch,7.0,7.0,0.0,5.0,1.0,1.0,7.0,0.0,0.0,28.0,28.0,0.0,0.0,0.0,0.0,19.0,0.25,0.0
Stevie Ray,38.2,45.8,0.8,20.4,2.6,15.2,29.8,1.4,7.0,88.8,97.0,1.8,0.0,0.2,0.0,75.8,0.40152653078007494,0.3333333333333333
Stewart Nicoll,26.5,30.5,1.5,22.5,2.0,2.0,23.5,0.0,3.0,77.5,84.0,10.5,0.0,0.0,0.0,107.0,0.3983375959079284,0.55
Stipe Miocic,62.2,77.8,0.4,39.0,14.6,8.6,53.2,8.4,0.6,113.8,130.2,2.2,0.4,0.0,0.0,105.4,0.5922973322823818,0.3333333333333333
SuYoung You,39.333333333333336,76.0,2.3333333333333335,26.666666666666668,6.333333333333333,6.333333333333333,33.666666666666664,4.666666666666667,1.0,76.33333333333333,115.66666666666667,7.0,0.0,0.3333333333333333,0.0,255.66666666666666,0.5241771159874608,0.3
Sultan Aliev,15.0,35.0,1.25,12.75,1.75,0.5,9.25,3.25,2.5,32.75,54.75,3.25,0.0,0.0,0.25,261.5,0.4934371184371184,0.42857142857142855
Suman Mokhtarian,19.0,36.5,0.0,7.5,5.5,6.0,16.0,2.0,1.0,44.0,62.5,0.5,0.0,0.0,0.0,31.5,0.4866385372714487,0.0
Sumudaerji,52.2,64.8,0.0,28.4,8.4,15.4,43.8,6.4,2.0,99.0,113.2,1.6,0.2,0.4,0.6,40.0,0.516051365805941,0.0
Sung Bin Jo,21.0,23.0,1.0,13.0,7.0,1.0,12.0,8.0,1.0,63.0,65.0,3.0,0.0,1.0,0.0,10.0,0.3333333333333333,0.3333333333333333
Syuri Kondo,61.5,65.0,0.0,44.25,11.0,6.25,53.5,7.25,0.75,137.0,141.5,0.0,0.0,0.25,0.0,5.0,0.526539762708984,0.0
TJ Brown,37.0,64.4,2.4,28.2,6.4,2.4,29.2,4.8,3.0,75.4,111.0,4.2,0.0,1.6,1.6,268.8,0.4894348925927874,0.6071428571428571
TJ Dillashaw,36.8,51.4,0.4,22.2,3.6,11.0,27.4,4.6,4.8,90.0,105.8,4.0,0.8,0.0,0.0,110.2,0.3846773964933169,0.05263157894736842
TJ Grant,67.2,87.2,1.0,41.6,20.0,5.6,46.4,15.2,5.6,124.4,145.4,2.4,0.8,0.8,0.2,167.8,0.5208163478922828,0.4761904761904762
TJ Laramie,7.5,11.0,0.5,4.5,1.0,2.0,6.0,0.0,1.5,17.5,21.5,2.5,0.0,0.0,0.5,135.0,0.24193548387096775,0.125
TJ O'Brien,30.0,33.0,0.5,14.0,4.5,11.5,28.0,0.0,2.0,65.0,69.0,0.5,0.0,0.0,0.0,17.0,0.461392254692326,1.0
TJ Waldburger,15.2,20.6,0.6,8.4,3.2,3.6,10.6,3.0,1.6,32.0,38.4,2.8,0.4,2.0,0.0,74.8,0.606139312946335,0.44000000000000006
Tabatha Ricci,57.6,84.8,1.2,42.6,6.4,8.6,49.8,4.8,3.0,157.0,188.8,5.4,0.0,0.0,0.0,193.6,0.3536432017791177,0.2866666666666667
Tae Hyun Bang,33.2,39.0,0.4,28.2,3.4,1.6,27.6,2.0,3.6,86.6,92.6,1.2,0.6,0.4,0.6,53.4,0.38038615313456314,0.4
Tafon Nchukwi,54.6,64.2,0.8,25.2,15.8,13.6,42.8,10.0,1.8,107.2,119.8,1.0,0.0,0.0,0.0,66.6,0.5467028413314465,0.75
Tagir Ulanbekov,28.8,48.4,1.4,23.4,4.4,1.0,21.4,3.6,3.8,54.0,76.2,4.0,0.2,1.6,0.2,234.6,0.4776607413531762,0.5
Tai Bowden,4.0,20.0,0.0,2.0,0.0,2.0,2.0,2.0,0.0,4.0,20.0,0.0,0.0,0.0,0.0,0.0,1.0,0.0
Tai Tuivasa,22.2,23.2,0.0,10.2,3.6,8.4,19.8,2.0,0.4,63.2,64.2,0.0,0.2,0.0,0.0,1.0,0.3724807876082402,0.0
Taila Santos,44.4,90.0,1.8,25.2,6.8,12.4,30.8,4.4,9.2,89.0,139.6,2.4,0.6,1.2,0.4,373.0,0.5424262390042637,0.75
Tainara Lisboa,27.0,61.0,1.5,16.25,9.5,1.25,16.25,10.25,0.5,61.0,100.25,4.75,0.0,0.25,0.0,170.75,0.4133255345092463,0.28125
Taiyilake Nueraji,27.0,31.0,1.0,25.0,2.0,0.0,2.0,0.0,25.0,38.0,42.0,3.0,0.0,0.0,0.0,191.0,0.7105263157894737,0.3333333333333333
Takanori Gomi,2.2,2.2,0.0,0.6,1.4,0.2,2.2,0.0,0.0,8.2,8.2,0.0,0.0,0.0,0.0,0.0,0.2816666666666666,0.0
Takashi Sato,14.8,21.4,0.4,10.6,3.4,0.8,6.8,3.0,5.0,31.4,39.4,1.2,0.2,0.0,0.2,30.8,0.4790731533929084,0.3333333333333333
Takenori Sato,0.5,1.0,0.0,0.0,0.0,0.5,0.5,0.0,0.0,1.5,2.0,2.0,0.0,0.0,0.0,1.0,0.3333333333333333,0.0
Takeya Mizugaki,20.4,25.8,0.0,13.2,5.8,1.4,13.6,6.8,0.0,52.2,58.2,0.4,0.0,0.0,0.0,42.2,0.34329365079365076,0.0
Talita Alencar,45.5,69.75,2.75,28.5,12.75,4.25,25.25,7.0,13.25,120.75,151.75,8.0,0.0,0.75,0.0,332.5,0.42520563546631795,0.40902777777777777
Talita Bernardo,43.5,62.25,1.5,26.5,6.0,11.0,37.0,1.75,4.75,103.25,125.5,6.75,0.0,0.5,0.5,295.0,0.42630155510480056,0.2132034632034632
Tallison Teixeira,5.5,6.0,0.0,4.0,1.5,0.0,2.0,1.5,2.0,7.0,7.5,0.5,0.5,0.0,0.0,5.5,0.7444444444444445,0.0
Tamdan McCrory,16.0,33.0,1.0,12.4,2.0,1.6,5.2,1.2,9.6,36.0,54.8,2.2,0.0,0.4,0.6,165.4,0.42754885256936126,0.611111111111111
Tamires Vidal,31.5,50.75,0.0,11.25,5.25,15.0,28.0,3.5,0.0,59.0,80.5,1.25,0.25,0.5,0.0,79.5,0.5366651536617013,0.0
Tanner Boser,53.0,86.0,0.0,33.0,11.6,8.4,42.0,7.8,3.2,104.6,142.8,0.0,0.2,0.0,0.2,88.6,0.45933494631421834,0.0
Tarec Saffiedine,48.0,57.2,0.6,27.2,9.8,11.0,37.6,10.4,0.0,116.4,126.0,1.8,0.0,0.0,0.0,80.6,0.41972685334379617,0.3333333333333333
Tateki Matsuda,48.0,66.0,0.0,31.5,5.0,11.5,42.5,4.0,1.5,139.0,159.5,1.0,0.0,0.0,0.5,58.0,0.34935534336731944,0.0
Tatiana Suarez,28.0,58.0,2.6,6.8,11.8,9.4,15.4,7.4,5.2,55.8,89.2,9.8,0.0,0.4,0.0,382.6,0.5225882769142326,0.3915384615384615
Tatsuro Taira,34.8,60.2,2.8,27.0,2.0,5.8,20.6,0.6,13.6,59.4,89.8,5.0,0.4,0.6,0.2,374.2,0.6159592345638857,0.7166666666666667
Tatsuya Kawajiri,20.8,51.6,3.0,15.4,2.6,2.8,12.6,2.0,6.2,51.0,84.4,9.2,0.0,0.2,0.4,453.8,0.47255098455785094,0.32571428571428573
Taylor Lapilus,76.2,83.6,0.0,51.0,18.0,7.2,62.4,12.0,1.8,156.8,165.2,0.2,0.0,0.0,0.0,22.8,0.4795707779437387,0.0
Te Edwards,14.0,15.0,0.5,10.0,2.0,2.0,10.0,2.0,2.0,35.5,36.5,0.5,0.5,0.0,0.0,373.5,0.37202380952380953,1.0
Tecia Pennington,71.4,83.0,0.2,32.0,12.2,27.2,66.8,4.4,0.2,149.0,163.2,1.6,0.0,0.0,0.0,50.8,0.4943192709837475,0.125
Tedd Williams,17.0,29.5,0.5,7.0,10.0,0.0,1.5,4.5,11.0,24.0,36.5,5.0,0.5,0.0,0.0,238.0,0.6678765880217785,0.1
Teemu Packalen,12.5,14.0,0.75,9.25,3.0,0.25,8.5,1.25,2.75,23.0,25.25,3.0,0.25,0.5,0.0,51.0,0.6350694172091929,0.13636363636363635
Tereza Bleda,37.5,103.0,2.0,23.0,9.5,5.0,15.0,6.0,16.5,73.0,145.0,8.5,0.0,1.0,0.0,473.5,0.47936814958091556,0.22142857142857142
Terrance McKinney,20.8,23.8,0.2,18.8,2.0,0.0,5.4,2.8,12.6,31.4,35.6,0.6,0.2,0.6,0.2,25.0,0.5730702024874088,0.5
Terrence Mitchell,4.5,6.0,0.5,4.0,0.5,0.0,3.0,1.0,0.5,13.0,15.0,1.0,0.0,0.0,0.0,33.0,0.3721804511278195,0.5
Terrion Ware,60.25,76.0,0.5,41.25,11.75,7.25,52.5,4.0,3.75,185.25,204.75,2.25,0.0,0.0,0.0,43.5,0.3134846438082428,0.1111111111111111
Terry Etim,13.6,14.6,0.4,6.2,1.6,5.8,12.0,1.6,0.0,50.0,51.2,1.2,0.0,0.6,0.0,29.0,0.3877750828684615,0.3333333333333333
Terry Martin,24.2,38.0,1.4,11.6,7.8,4.8,6.6,14.4,3.2,47.8,61.8,4.2,0.2,0.0,0.0,203.6,0.5895701357466063,0.34375
Teruto Ishihara,23.8,31.0,0.6,11.8,4.0,8.0,15.6,3.4,4.8,59.4,67.0,2.4,0.6,0.0,0.0,83.6,0.43134195698429834,0.19444444444444442
Thaddeus Luster,0.0,0.0,0.0,0.0,0.0,0.0,0.0,0.0,0.0,0.0,0.0,1.0,0.0,0.0,0.0,0.0,0.0,0.0
Thales Leites,30.6,35.6,1.4,14.8,5.2,10.6,27.6,2.2,0.8,69.6,75.2,6.8,0.0,0.8,0.0,184.8,0.4603239897357545,0.25357142857142856
Themba Gorimbo,29.2,69.6,3.6,14.4,10.2,4.6,14.4,8.8,6.0,47.8,97.2,5.0,0.2,0.4,0.4,302.2,0.6260065830931973,0.5694444444444444
Thiago Alves,48.6,51.2,0.4,20.2,7.6,20.8,44.6,4.0,0.0,117.8,120.4,1.0,0.0,0.0,0.0,32.8,0.4281386785322095,0.4444444444444444
Thiago Moises,26.6,38.2,0.6,13.6,3.6,9.4,17.8,1.0,7.8,52.8,68.2,2.6,0.2,0.6,0.2,185.8,0.5137568707506937,0.4444444444444444
Thiago Perpetuo,28.666666666666668,38.0,1.0,19.333333333333332,7.666666666666667,1.6666666666666667,13.666666666666666,3.6666666666666665,11.333333333333334,41.0,53.0,2.0,0.6666666666666666,0.0,0.0,124.0,0.45542046605876396,0.75
Thiago Santos,49.2,64.6,1.2,19.8,13.6,15.8,37.6,5.0,6.6,99.6,116.2,4.4,0.4,0.0,0.0,89.8,0.5095629308305143,0.09999999999999999
Thiago Silva,56.8,88.0,0.8,29.6,8.8,18.4,37.0,9.8,10.0,116.6,153.4,0.8,0.4,0.4,0.0,176.4,0.4952218894118766,1.0
Thiago Tavares,13.6,38.8,2.2,11.4,1.2,1.0,6.6,0.8,6.2,29.6,57.6,3.4,0.0,0.6,0.0,186.2,0.46352334007790424,0.803030303030303
Thibault Gouti,36.0,47.0,0.8,28.0,4.4,3.6,29.0,3.4,3.6,104.2,116.6,1.0,0.2,0.2,0.2,85.6,0.36918487053706867,0.8
Thomas Almeida,45.2,45.4,0.2,23.8,8.0,13.4,42.2,2.6,0.4,115.6,116.2,1.4,0.2,0.0,0.0,10.0,0.38863468297880155,0.25
Thomas Gifford,59.0,87.5,0.5,30.5,11.5,17.0,52.0,6.0,1.0,156.0,186.5,1.5,0.0,0.0,0.0,50.5,0.39610389610389607,0.5
Thomas Petersen,39.4,75.8,2.6,24.6,11.8,3.0,31.6,2.4,5.4,68.8,116.0,5.8,0.0,0.2,0.0,238.2,0.5580258473460162,0.5133333333333334
Thomas Ramirez,1.0,1.0,0.0,1.0,0.0,0.0,1.0,0.0,0.0,2.0,2.0,0.0,0.0,0.0,0.0,0.0,0.5,0.0
Tiago dos Santos e Silva,44.25,57.5,0.5,19.75,10.5,14.0,34.25,9.75,0.25,124.25,139.75,4.5,0.0,0.25,0.5,155.25,0.41748273492239096,0.1111111111111111
Tiki Ghosn,14.75,18.75,0.0,5.25,5.25,4.25,9.5,5.25,0.0,33.25,37.25,0.0,0.0,0.0,0.0,38.5,0.39370748299319724,0.0
Tim Boetsch,21.8,28.2,0.0,10.8,6.0,5.0,17.2,3.8,0.8,43.6,50.2,0.4,0.2,0.0,0.0,2.4,0.5149020955461222,0.0
Tim Credeur,26.2,31.2,0.2,20.8,3.8,1.6,23.4,1.6,1.2,84.8,92.2,0.2,0.4,1.6,0.0,55.6,0.32247489478817126,1.0
Tim Elliott,34.8,81.8,2.6,19.0,6.2,9.6,23.6,5.8,5.4,74.2,135.2,4.6,0.2,1.0,0.0,221.4,0.49734308744686323,0.638095238095238
Tim Gorman,41.0,60.5,1.0,37.5,1.0,2.5,36.0,5.0,0.0,129.0,150.5,10.5,0.0,0.0,0.0,269.5,0.2859443294225903,0.09090909090909091
Tim Hague,19.4,24.8,0.8,16.2,1.8,1.4,10.2,4.8,4.4,40.8,46.6,2.4,0.0,0.4,0.0,98.0,0.27214285714285713,0.5714285714285714
Tim Kennedy,38.6,54.6,2.0,18.4,9.6,10.6,23.8,9.8,5.0,84.6,104.0,5.8,0.2,0.2,0.2,265.4,0.4505894623778996,0.33238636363636365
Tim Lajcik,9.666666666666666,51.0,0.0,7.333333333333333,2.3333333333333335,0.0,1.6666666666666667,1.3333333333333333,6.666666666666667,25.0,71.0,0.3333333333333333,0.0,0.0,0.0,214.0,0.38141321044546855,0.0
Tim McKenzie,1.0,2.0,0.0,1.0,0.0,0.0,1.0,0.0,0.0,4.0,5.0,0.0,0.0,0.0,0.0,0.0,0.25,0.0
Tim Means,40.6,68.8,1.0,20.6,15.2,4.8,26.6,9.8,4.2,75.0,105.2,2.4,0.4,0.0,0.2,76.4,0.4784237169773814,0.4
Tim Sylvia,58.4,92.4,0.0,39.8,7.4,11.2,37.0,14.4,7.0,159.2,195.8,0.0,0.2,0.2,0.2,203.2,0.370246794625115,0.0
Tim Williams,25.5,30.0,1.0,16.5,2.5,6.5,23.0,1.5,1.0,65.5,72.0,2.5,0.0,0.0,0.0,46.0,0.4124877089478859,0.4
Timmy Cuamba,37.0,45.5,1.5,24.25,8.5,4.25,29.5,4.0,3.5,76.5,86.5,4.75,0.25,0.0,0.25,155.0,0.5235148798606016,0.32916666666666666
Timothy Johnson,47.2,82.2,0.4,29.6,8.4,9.2,19.6,22.2,5.4,102.2,144.0,3.8,0.2,0.0,0.0,289.8,0.46150163889591617,0.10833333333333334
Timur Valiev,67.5,83.25,1.5,31.5,18.25,17.75,55.0,4.25,8.25,127.25,146.75,3.75,0.25,0.25,0.0,211.25,0.5796561969439729,0.4444444444444444
Tina Lahdemaki,29.0,49.0,0.0,21.0,5.0,3.0,26.0,3.0,0.0,141.0,170.0,0.0,0.0,0.0,0.0,0.0,0.20567375886524822,0.0
Tito Ortiz,21.2,30.6,0.8,16.2,3.0,2.0,17.0,2.8,1.4,63.8,74.0,2.0,0.2,0.4,0.0,58.4,0.3509704395965341,0.375
Todd Brown,21.5,33.0,0.0,7.0,5.5,9.0,12.5,9.0,0.0,47.5,59.5,1.5,0.0,0.0,0.0,129.0,0.5205314009661836,0.0
Todd Butler,1.0,1.0,0.0,1.0,0.0,0.0,1.0,0.0,0.0,4.0,4.0,0.0,0.0,0.0,0.0,0.0,0.25,0.0
Todd Duffee,23.6,25.6,0.2,19.6,3.6,0.4,18.6,4.2,0.8,63.8,65.8,0.6,0.6,0.0,0.0,31.4,0.45098530501756307,0.3333333333333333
Todd Medina,2.0,32.0,0.5,1.5,0.5,0.0,0.0,0.0,2.0,2.0,33.0,0.5,0.0,0.5,0.0,0.0,1.0,1.0
Tofiq Musayev,2.0,17.0,0.0,0.0,2.0,0.0,2.0,0.0,0.0,6.0,23.0,0.0,0.0,0.0,0.0,12.0,0.3333333333333333,0.0
Tom Aspinall,13.4,13.4,0.0,9.4,1.4,2.6,9.6,0.0,3.8,19.0,19.0,0.2,0.6,0.0,0.0,4.0,0.6931315468157573,0.0
Tom Blackledge,8.0,8.0,0.0,6.0,1.0,1.0,4.0,0.0,4.0,13.0,13.0,0.0,0.0,0.0,0.0,9.0,0.6153846153846154,0.0
Tom Breese,21.4,22.8,0.0,13.8,6.2,1.4,19.2,0.8,1.4,46.6,48.6,1.0,0.4,0.6,0.2,18.0,0.5215171321053674,0.0
Tom DeBlass,22.5,42.0,1.0,13.5,4.5,4.5,18.0,4.5,0.0,63.0,84.0,2.0,0.0,0.5,1.0,220.0,0.26666666666666666,0.5
Tom Duquesnoy,45.333333333333336,60.666666666666664,0.3333333333333333,22.0,10.0,13.333333333333334,38.333333333333336,6.666666666666667,0.3333333333333333,100.0,116.66666666666667,1.3333333333333333,0.6666666666666666,0.0,0.0,12.0,0.5031123560535326,0.5
Tom Egan,0.0,15.0,0.0,0.0,0.0,0.0,0.0,0.0,0.0,1.0,16.0,0.0,0.0,0.0,0.0,0.0,0.0,0.0
Tom Gallicchio,53.0,57.0,1.0,24.0,17.0,12.0,51.0,2.0,0.0,200.0,204.0,9.0,0.0,0.0,0.0,61.0,0.265,0.1111111111111111
Tom Lawlor,17.0,20.6,0.6,13.6,1.6,1.8,13.2,3.6,0.2,50.0,54.2,3.4,0.4,0.6,0.0,119.0,0.39917637917637916,0.3125
Tom Murphy,30.0,82.0,6.0,30.0,0.0,0.0,0.0,4.0,26.0,42.0,100.0,7.0,0.0,2.0,0.0,490.0,0.7142857142857143,0.8571428571428571
Tom Niinimaki,14.5,25.25,1.5,4.75,4.25,5.5,9.75,1.25,3.5,26.5,37.5,3.25,0.0,0.25,0.25,191.75,0.5079045664983165,0.47619047619047616
Tom Nolan,44.8,60.2,0.4,23.0,14.0,7.8,36.8,7.0,1.0,99.2,119.0,1.8,0.0,1.0,0.0,35.8,0.4826825899510325,0.5625
Tom Watson,55.8,62.6,0.2,23.4,9.0,23.4,46.6,8.8,0.4,134.6,142.4,2.4,0.0,0.0,0.0,54.6,0.4232274876414513,0.0625
Tomasz Drwal,16.4,21.6,1.6,13.6,0.6,2.2,8.4,3.6,4.4,40.2,46.6,2.6,0.2,0.2,0.0,87.6,0.3472404521929535,0.7428571428571429
Tommy Hayden,6.5,8.5,1.0,5.5,0.5,0.5,5.5,0.5,0.5,24.0,27.0,3.0,0.5,0.0,0.0,53.5,0.2777777777777778,0.3333333333333333
Tommy Speer,2.0,2.5,0.0,0.0,1.0,1.0,0.0,2.0,0.0,7.0,7.5,1.0,0.0,0.0,0.0,14.0,0.2857142857142857,0.0
Tony DeSouza,3.4,19.4,0.2,2.4,0.8,0.2,0.2,1.4,1.8,7.6,23.8,1.8,0.0,0.8,0.2,82.8,0.44666666666666666,0.5
Tony Ferguson,45.2,53.8,0.2,22.6,12.0,10.6,41.6,0.4,3.2,93.6,104.0,1.2,0.0,0.0,0.0,4.2,0.4900344830690832,0.16666666666666666
Tony Fryklund,17.25,35.5,0.25,14.25,2.0,1.0,1.75,2.0,13.5,29.25,49.0,0.5,0.25,0.5,0.0,104.5,0.4699754901960784,0.5
Tony Gravely,39.0,49.0,3.4,23.8,6.8,8.4,26.6,6.6,5.8,89.8,102.6,10.2,0.4,0.0,0.0,228.4,0.4212879895857512,0.307579185520362
Tony Halme,0.0,0.0,0.0,0.0,0.0,0.0,0.0,0.0,0.0,0.0,0.0,0.0,0.0,0.0,0.0,0.0,0.0,0.0
Tony Kelley,59.75,99.0,0.0,28.0,22.25,9.5,36.0,18.0,5.75,126.5,168.75,0.25,0.0,1.0,0.0,81.0,0.4421907216485961,0.0
Tony Petarra,4.0,6.0,0.0,3.0,0.0,1.0,0.0,4.0,0.0,5.0,7.0,2.0,0.0,0.0,0.0,0.0,0.8,0.0
Tony Sims,12.666666666666666,21.0,0.3333333333333333,11.666666666666666,0.6666666666666666,0.3333333333333333,4.666666666666667,0.3333333333333333,7.666666666666667,20.0,29.0,0.6666666666666666,0.3333333333333333,0.3333333333333333,0.0,33.333333333333336,0.578695301472071,0.5
Tonya Evinger,15.666666666666666,39.0,0.6666666666666666,5.666666666666667,6.333333333333333,3.6666666666666665,11.666666666666666,3.6666666666666665,0.3333333333333333,37.333333333333336,64.0,3.0,0.0,0.0,0.0,152.0,0.4948083778966132,0.16666666666666666
Tor Troeng,14.0,34.5,0.5,7.5,4.25,2.25,6.25,5.75,2.0,30.0,53.0,6.5,0.0,0.25,0.75,240.5,0.49294825602710457,0.3
Torrez Finney,4.0,17.0,8.0,2.0,2.0,0.0,1.0,0.0,3.0,8.0,35.0,17.0,0.0,0.0,0.0,796.0,0.5,0.47058823529411764
Toshiomi Kazama,5.25,22.0,0.5,3.5,0.75,1.0,4.75,0.0,0.5,11.5,31.75,3.0,0.0,0.5,0.5,66.0,0.42795698924731185,0.3703703703703704
Townsend Saunders,23.5,43.5,1.0,7.0,9.5,7.0,10.0,10.0,3.5,48.5,70.5,4.5,0.0,0.0,0.5,0.0,0.4610177404295051,0.3333333333333333
Tra Telligman,14.0,18.0,0.0,9.4,2.2,2.4,11.2,2.6,0.2,35.4,39.8,0.2,0.2,0.2,0.0,4.6,0.3352174185702834,0.0
Tracy Cortez,61.6,84.6,1.6,41.4,10.2,10.0,45.2,4.6,11.8,136.6,162.2,3.4,0.0,0.4,0.4,217.0,0.47952170969207053,0.4
Travis Browne,30.0,33.0,0.6,16.0,10.2,3.8,22.0,3.0,5.0,80.4,83.6,1.0,0.2,0.0,0.0,53.6,0.37361963182665675,0.5555555555555555
Travis Fulton,15.5,32.5,0.5,8.5,6.0,1.0,1.0,6.0,8.5,27.0,49.5,1.5,0.5,0.0,0.0,230.5,0.5269886363636364,0.25
Travis Lutter,3.6,14.0,1.2,2.4,1.2,0.0,0.8,1.0,1.8,9.6,20.4,4.8,0.0,0.4,0.2,165.2,0.2711988304093567,0.44222222222222224
Travis Wiuff,1.5,6.5,1.0,1.0,0.5,0.0,0.5,0.5,0.5,2.5,7.5,2.5,0.0,0.5,0.0,37.0,0.6,0.5
Tre'ston Vines,0.0,0.0,0.0,0.0,0.0,0.0,0.0,0.0,0.0,1.0,1.0,2.0,0.0,0.0,0.0,6.0,0.0,0.0
Tresean Gore,15.8,18.8,0.8,8.2,2.0,5.6,15.2,0.6,0.0,44.4,48.4,1.0,0.0,0.4,0.0,43.8,0.4925964912280702,0.875
Trevin Giles,36.6,44.2,0.4,22.0,2.2,12.4,32.2,1.6,2.8,67.8,76.6,1.6,0.0,0.0,0.4,97.0,0.4710603245385855,0.13333333333333333
Trevin Jones,25.6,42.6,0.4,12.8,6.6,6.2,21.8,1.8,2.0,73.0,94.8,3.6,0.2,0.2,0.0,145.4,0.39698311524118146,0.125
Trevor Peek,53.0,64.8,1.2,31.2,14.2,7.6,41.4,8.8,2.8,102.4,116.4,2.4,0.4,0.0,0.2,126.8,0.5256888018516818,0.30952380952380953
Trevor Prangley,27.75,72.75,3.5,11.25,7.5,9.0,5.5,14.5,7.75,47.0,96.0,5.5,0.0,1.0,0.0,396.0,0.5608641358641359,0.5083333333333333
Trevor Smith,46.8,70.4,1.4,23.6,14.6,8.6,27.2,11.6,8.0,96.2,123.8,4.2,0.2,0.0,0.2,248.0,0.5038637595283089,0.21103896103896103
Trey Ogden,43.6,119.2,2.2,26.6,6.4,10.6,38.6,3.4,1.6,80.0,174.6,5.4,0.0,0.6,0.0,307.0,0.5492220482789282,0.5475
Trey Waters,72.66666666666667,77.0,0.3333333333333333,63.333333333333336,5.333333333333333,4.0,71.33333333333333,1.0,0.3333333333333333,155.33333333333334,159.66666666666666,1.0,0.0,0.3333333333333333,0.3333333333333333,9.0,0.47088871604298105,0.25
Tristan Connelly,49.666666666666664,114.66666666666667,0.3333333333333333,36.333333333333336,7.333333333333333,6.0,26.333333333333332,13.0,10.333333333333334,97.33333333333333,168.33333333333334,2.3333333333333335,0.0,0.3333333333333333,0.0,160.66666666666666,0.4853675213675214,0.5
Troy Mandaloniz,34.0,40.0,2.0,23.5,2.5,8.0,20.5,10.5,3.0,60.0,66.0,3.0,1.0,0.0,0.0,131.5,0.6264441591784339,0.5
Tsuyoshi Kohsaka,13.6,52.8,1.4,6.6,3.2,3.8,7.0,1.2,5.4,29.0,71.2,4.2,0.0,1.6,0.4,21.6,0.5189545915077829,0.38666666666666666
Tucker Lutz,45.0,56.0,1.75,23.75,13.5,7.75,39.5,4.75,0.75,99.75,111.5,4.5,0.0,0.0,0.0,181.75,0.433571476986187,0.5208333333333333
Tuco Tokkos,15.333333333333334,23.0,2.6666666666666665,8.666666666666666,1.6666666666666667,5.0,11.666666666666666,1.3333333333333333,2.3333333333333335,38.666666666666664,51.666666666666664,6.0,0.0,0.3333333333333333,0.0,229.0,0.5351851851851852,0.4444444444444444
Tulio Palhares,31.0,53.0,4.0,26.0,1.0,4.0,11.0,1.0,19.0,44.0,66.0,4.0,0.0,0.0,0.0,0.0,0.7045454545454546,1.0
Tyler Diamond,51.0,72.0,3.0,34.0,12.0,5.0,20.0,1.0,30.0,107.0,129.0,4.0,0.0,0.0,2.0,512.0,0.4766355140186916,0.75
Tyler Toner,21.0,30.0,0.0,10.0,4.0,7.0,20.0,0.0,1.0,78.0,87.0,0.0,0.0,0.0,0.0,0.0,0.2692307692307692,0.0
Tyron Woodley,34.2,57.4,0.2,18.8,12.4,3.0,14.0,11.2,9.0,63.4,87.2,1.8,0.2,0.2,0.0,106.4,0.5370648416450613,0.2
Tyrone Roberts,16.0,105.0,1.0,11.0,3.0,2.0,12.0,4.0,0.0,60.0,163.0,1.0,0.0,0.0,0.0,288.0,0.26666666666666666,1.0
Tyson Griffin,26.6,47.4,1.6,10.8,4.6,11.2,20.0,5.6,1.0,58.0,83.4,3.6,0.2,0.4,0.0,134.8,0.3848190476190476,0.20512820512820515
Tyson Nam,40.0,43.4,0.0,20.6,8.4,11.0,35.8,1.0,3.2,108.2,114.0,0.0,0.4,0.0,0.0,11.2,0.40331785970801626,0.0
Tyson Pedro,23.8,26.2,0.4,9.6,7.6,6.6,21.2,1.4,1.2,42.0,44.6,1.0,0.6,0.0,0.0,40.4,0.5822709857192615,0.3333333333333333
Ulysses Gomez,25.5,25.5,0.0,7.5,1.5,16.5,24.0,1.5,0.0,101.0,101.0,4.0,0.0,0.0,0.0,15.0,0.29610940470966796,0.0
Umar Nurmagomedov,67.6,99.6,4.6,46.4,13.4,7.8,50.6,3.2,13.8,125.4,163.6,9.4,0.2,0.0,0.0,348.4,0.5910470466156031,0.5759157509157509
Uran Satybaldiev,19.0,24.0,0.0,10.0,3.0,6.0,17.0,2.0,0.0,75.0,82.0,1.0,0.5,1.0,0.5,45.0,0.2387706855791962,0.0
Uriah Hall,41.4,49.6,0.0,26.8,9.2,5.4,35.2,0.4,5.8,94.8,104.0,0.0,0.6,0.0,0.4,11.6,0.40410455007893925,0.0
Urijah Faber,31.0,40.0,1.2,24.2,3.8,3.0,18.2,2.8,10.0,97.6,107.8,4.6,0.4,0.2,0.0,83.2,0.3871992087136079,0.16666666666666666
Uros Medic,7.2,9.0,0.0,5.0,2.0,0.2,4.0,2.0,1.2,12.8,15.0,0.2,0.6,0.0,0.0,2.4,0.5878917378917379,0.0
Vagner Rocha,21.25,31.0,0.75,14.0,2.25,5.0,18.5,0.25,2.5,50.0,60.25,2.25,0.0,1.0,0.0,105.5,0.4282822327044025,0.5714285714285714
Val Woodburn,12.5,16.0,1.0,10.5,1.0,1.0,8.5,2.5,1.5,35.0,39.5,1.0,0.5,0.0,0.5,58.0,0.2996357012750455,1.0
Valentina Shevchenko,65.0,173.8,4.6,47.2,7.6,10.2,55.0,5.0,5.0,124.2,239.8,8.0,0.2,0.2,0.0,544.2,0.5391180054564663,0.5920634920634921
Valeri Ignatov,4.5,26.0,0.0,3.5,1.0,0.0,3.0,1.5,0.0,16.5,39.0,0.0,0.0,0.5,0.0,0.0,0.265,0.0
Valerie Letourneau,67.4,88.0,1.0,44.0,15.6,7.8,53.8,9.4,4.2,177.2,201.6,1.8,0.2,0.4,0.2,125.2,0.393963211587253,0.8
Valmir Lazaro,73.0,81.0,1.3333333333333333,51.0,11.0,11.0,66.66666666666667,6.333333333333333,0.0,195.66666666666666,204.33333333333334,3.3333333333333335,0.0,0.0,0.0,97.0,0.37947328776416317,0.4
Valter Walker,9.4,18.4,1.8,4.8,1.6,3.0,6.6,1.0,1.8,18.0,30.2,2.6,0.0,0.8,0.2,158.0,0.6379014020805066,0.6933333333333334
Vanessa Demopoulos,37.6,58.6,0.0,24.2,9.6,3.8,31.4,3.2,3.0,103.4,131.2,1.8,0.0,0.0,0.2,22.2,0.3557817435191456,0.0
Vanessa Melo,52.25,69.5,0.0,36.25,7.5,8.5,49.75,2.0,0.5,169.75,187.0,0.75,0.0,0.0,0.0,6.25,0.3141735700197239,0.0
Vaughan Lee,41.4,78.6,0.0,20.8,13.0,7.6,35.4,3.6,2.4,88.2,126.0,0.4,0.0,0.2,0.0,29.2,0.58423771795249,0.0
Vernon Ramos Ho,2.0,2.0,0.0,0.0,0.0,2.0,2.0,0.0,0.0,8.0,8.0,0.0,0.0,0.0,0.0,0.0,0.25,0.0
Vernon White,29.0,60.0,0.5,15.5,6.5,7.0,9.5,10.5,9.0,59.5,92.5,3.0,0.0,0.0,0.5,149.0,0.4500659195781147,0.1
Veronica Hardy,45.2,64.4,1.0,27.4,8.8,9.0,32.6,5.6,7.0,86.8,108.6,1.2,0.2,0.2,0.0,141.4,0.531815556547653,0.75
Viacheslav Borshchev,46.2,54.2,0.0,22.0,14.6,9.6,44.2,1.0,1.0,108.6,120.4,0.2,0.0,0.2,0.2,43.8,0.5315228043763658,0.0
Vicente Luque,29.8,43.4,1.6,17.2,6.0,6.6,27.4,1.6,0.8,71.0,87.8,3.4,0.0,0.2,0.0,148.8,0.40041487960081856,0.18181818181818182
Victor Altamirano,50.0,86.6,2.6,24.2,16.0,9.8,36.8,4.0,9.2,98.2,143.4,7.0,0.2,0.0,0.0,157.0,0.5306137761518607,0.48863636363636365
Victor Henry,77.0,109.6,1.2,46.2,22.8,8.0,58.6,12.0,6.4,138.0,176.8,2.4,0.6,0.4,0.8,152.4,0.5570374911109875,0.3333333333333333
Victor Hugo,56.5,66.0,0.5,27.0,17.5,12.0,50.0,6.5,0.0,124.5,138.0,2.0,0.5,0.5,0.0,33.5,0.45419354838709675,0.25
Victor Martinez,12.5,14.5,0.0,5.0,3.5,4.0,11.5,0.5,0.5,27.0,30.0,0.5,0.5,0.0,0.0,24.0,0.47115384615384615,0.0
Victor Rodriguez,3.0,4.5,0.0,2.5,0.5,0.0,3.0,0.0,0.0,8.0,9.5,1.5,0.0,0.0,0.0,27.0,0.23076923076923078,0.0
Victor Valimaki,33.0,41.5,0.5,23.0,4.0,6.0,26.5,4.0,2.5,109.5,118.0,3.5,0.0,0.0,0.0,32.0,0.15789473684210525,0.16666666666666666
Victoria Leonardo,21.4,34.0,0.4,9.6,6.8,5.0,17.2,3.6,0.6,61.8,77.0,2.2,0.0,0.0,0.4,115.0,0.30738989405656075,0.08333333333333333
Vik Grujic,21.25,49.5,0.75,16.0,4.25,1.0,8.5,12.75,0.0,44.0,73.75,2.25,0.0,0.25,0.0,129.75,0.5141509433962264,0.29166666666666663
Viktor Pesta,15.8,47.8,2.2,11.6,2.8,1.4,6.4,2.0,7.4,43.4,83.2,7.6,0.0,0.0,0.0,260.0,0.3915956775903252,0.3606837606837607
Viktoriia Dudakova,34.75,55.0,1.5,23.25,10.75,0.75,28.25,6.25,0.25,76.0,99.75,5.0,0.25,0.0,0.25,114.75,0.3841302580600526,0.4083333333333333
Vinc Pichel,64.0,84.0,1.0,29.0,17.8,17.2,52.2,6.6,5.2,137.0,158.6,3.2,0.0,0.0,0.0,124.2,0.4771759905901954,0.32
Vince Cachero,45.5,72.0,0.0,33.0,6.5,6.0,36.0,8.0,1.5,99.0,128.0,2.0,0.0,0.5,0.5,32.0,0.41304347826086957,0.0
Vince Morales,37.2,47.8,1.0,26.2,8.8,2.2,34.0,2.8,0.4,108.4,120.0,2.2,0.0,1.0,0.6,104.4,0.3842284755044535,0.611111111111111
Vinicius Moreira,9.5,9.75,0.0,1.0,4.25,4.25,8.5,1.0,0.0,17.25,17.5,2.25,0.0,0.0,0.0,43.0,0.5238095238095238,0.0
Vinicius Oliveira,75.5,88.5,1.75,42.0,17.0,16.5,63.25,2.75,9.5,176.75,192.5,3.5,0.5,0.25,0.0,171.25,0.4353952452189831,0.5875
Vinicius Queiroz,47.0,63.0,5.0,36.0,8.0,3.0,33.0,2.0,12.0,103.0,131.0,7.0,0.0,0.0,0.0,333.0,0.4563106796116505,0.7142857142857143
Vinicius Salvador,50.666666666666664,63.0,0.3333333333333333,28.666666666666668,13.333333333333334,8.666666666666666,47.666666666666664,1.6666666666666667,1.3333333333333333,119.66666666666667,132.66666666666666,2.6666666666666665,0.0,0.0,0.0,7.333333333333333,0.4376068376068376,0.08333333333333333
Vinny Magalhaes,16.6,19.2,0.8,7.8,5.0,3.8,12.0,2.4,2.2,67.8,71.0,1.8,0.0,0.4,0.0,37.4,0.4822512788145413,0.4444444444444444
Virna Jandiroba,35.2,100.2,3.6,27.4,4.8,3.0,26.0,5.0,4.2,79.2,157.0,9.8,0.0,2.0,0.8,530.0,0.43883280343895503,0.33058653764536117
Viscardi Andrade,38.0,59.5,1.5,23.5,9.25,5.25,26.0,6.75,5.25,89.5,114.75,3.0,0.5,0.25,0.0,148.0,0.46813511090952287,0.375
Vitor Belfort,12.2,12.8,0.0,9.0,3.0,0.2,8.6,2.8,0.8,29.8,30.6,0.0,0.0,0.0,0.0,0.4,0.42117216117216116,0.0
Vitor Miranda,40.0,68.4,1.0,24.4,5.4,10.2,21.6,7.4,11.0,88.8,118.8,1.6,0.0,0.2,0.2,106.0,0.48807159867417066,0.5625
Vitor Petrino,22.2,26.6,1.2,14.8,3.8,3.6,17.8,1.8,2.6,50.6,56.6,3.6,0.4,0.4,0.0,148.8,0.46105723905723905,0.4533333333333333
Viviane Araujo,33.2,71.4,1.2,24.4,3.4,5.4,30.4,1.2,1.6,72.8,118.6,3.6,0.0,0.8,0.2,206.4,0.46117545265997373,0.48148148148148145
Viviane Pereira,40.5,64.0,0.25,30.5,7.0,3.0,35.25,3.25,2.0,135.0,167.5,0.25,0.0,0.25,0.0,86.25,0.35377797612348494,1.0
Vladimir Matyushenko,6.4,9.8,0.4,6.2,0.2,0.0,2.6,0.0,3.8,11.8,15.6,0.4,0.2,0.0,0.0,10.8,0.41792929292929293,1.0
Volkan Oezdemir,42.8,58.2,0.4,27.8,6.0,9.0,38.0,1.8,3.0,82.4,101.6,0.8,0.8,0.2,0.0,27.8,0.5063986902312027,0.6666666666666666
Wade Shipp,20.0,42.0,0.0,11.0,7.0,2.0,4.0,15.0,1.0,23.0,48.0,0.0,0.0,0.0,0.0,44.0,0.8695652173913043,0.0
Wagner Campos,17.0,58.0,2.0,5.0,4.0,8.0,17.0,0.0,0.0,41.0,97.0,2.0,0.0,0.0,0.0,391.0,0.4146341463414634,1.0
Wagner Prado,10.666666666666666,15.333333333333334,0.0,5.333333333333333,5.333333333333333,0.0,9.333333333333334,1.3333333333333333,0.0,26.666666666666668,32.666666666666664,0.3333333333333333,0.0,0.0,0.3333333333333333,24.333333333333332,0.27837335620354486,0.0
Wagner Silva,16.5,21.5,0.0,7.0,3.0,6.5,15.0,1.0,0.5,55.5,61.0,0.5,0.0,0.0,0.0,1.0,0.2990547588005215,0.0
Waldo Cortes Acosta,48.6,53.2,0.0,35.2,5.4,8.0,44.4,1.6,2.6,100.2,105.2,0.2,0.8,0.0,0.0,32.4,0.5258735829449221,0.0
Walel Watson,17.0,22.25,0.0,9.25,3.25,4.5,14.25,0.75,2.0,58.0,64.0,0.25,0.5,0.75,0.25,19.75,0.26702636576102834,0.0
Wallid Ismail,1.0,19.0,1.0,1.0,0.0,0.0,1.0,0.0,0.0,17.0,38.0,10.0,0.0,0.0,0.0,0.0,0.058823529411764705,0.1
Walt Harris,17.0,17.0,0.0,12.4,3.8,0.8,10.4,1.6,5.0,36.2,36.4,0.2,0.6,0.0,0.0,11.8,0.5100533661740558,0.0
Wanderlei Silva,37.8,46.0,0.2,27.6,4.0,6.2,28.6,4.8,4.4,109.4,120.2,0.6,1.0,0.2,0.0,29.6,0.3742479419942212,0.5
Wang Cong,75.5,77.25,0.5,33.0,17.75,24.75,71.25,3.25,1.0,135.0,136.75,0.75,0.5,0.0,0.0,5.25,0.5030586791636515,0.5
Wang Guan,71.0,75.0,0.0,30.0,11.0,30.0,61.0,2.0,8.0,164.0,169.0,3.0,1.0,0.0,0.0,23.0,0.4329268292682927,0.0
War Machine,15.0,64.5,0.5,13.5,1.0,0.5,2.0,0.0,13.0,25.0,79.5,1.0,0.0,0.0,0.5,216.5,0.5520833333333333,0.5
Warlley Alves,25.2,28.6,0.4,13.0,5.2,7.0,21.4,2.0,1.8,47.2,51.0,1.0,0.2,0.2,0.2,56.8,0.6642525431225121,0.4444444444444444
Waylon Lowe,22.0,41.5,3.5,20.0,2.0,0.0,16.5,1.75,3.75,39.0,61.5,6.75,0.0,0.25,0.0,336.75,0.47067720530835283,0.5119047619047619
Wellington Turman,43.4,62.4,0.8,22.4,9.8,11.2,36.8,5.4,1.2,77.2,99.6,4.2,0.0,0.6,0.0,138.8,0.603796426771443,0.3111111111111111
Wendell Oliveira Marques,15.0,16.0,0.0,3.5,0.5,11.0,6.0,9.0,0.0,31.5,32.5,1.5,0.0,0.0,0.0,59.5,0.4487179487179487,0.0
Wes Albritton,0.0,0.0,0.0,0.0,0.0,0.0,0.0,0.0,0.0,0.0,0.0,0.0,0.0,0.0,0.0,0.0,0.0,0.0
Wes Combs,7.0,13.5,0.0,1.5,0.5,5.0,6.0,1.0,0.0,14.5,24.5,0.0,0.0,0.0,0.0,0.5,0.4607843137254902,0.0
Wes Sims,6.333333333333333,32.333333333333336,0.0,0.6666666666666666,5.666666666666667,0.0,0.6666666666666666,1.6666666666666667,4.0,9.333333333333334,39.333333333333336,0.3333333333333333,0.0,1.0,0.0,21.0,0.5733333333333334,0.0
Wesley Correira,16.25,31.0,0.0,14.25,1.25,0.75,8.25,7.75,0.25,40.0,54.75,0.25,0.25,0.0,0.0,5.25,0.40085180623973726,0.0
Westin Wilson,3.75,6.75,0.25,2.0,0.75,1.0,3.5,0.25,0.0,11.75,14.75,1.5,0.0,1.25,0.0,9.75,0.2013888888888889,0.16666666666666666
Will Brooks,37.25,50.5,1.75,20.25,11.25,5.75,23.5,12.0,1.75,62.5,78.5,4.5,0.0,0.25,0.0,135.75,0.7256787330316742,0.3888888888888889
Will Campuzano,30.75,52.75,1.25,18.75,10.25,1.75,26.25,2.0,2.5,85.5,111.5,2.75,0.0,0.25,0.5,130.75,0.3123359257525043,0.3333333333333333
Will Chope,33.0,34.0,0.0,23.0,2.0,8.0,28.0,5.0,0.0,121.0,122.0,5.0,0.0,0.0,0.0,61.0,0.2727272727272727,0.0
Willamy Freire,23.0,67.0,1.0,16.0,3.0,4.0,7.0,2.0,14.0,50.0,98.0,1.0,0.0,0.0,0.0,88.0,0.46,1.0
William Gomis,54.4,68.4,0.4,22.2,15.2,17.0,46.2,8.2,0.0,107.8,124.2,1.6,0.0,0.4,0.2,88.6,0.5016493117799786,0.3333333333333333
William Knight,23.8,35.0,1.0,11.4,5.0,7.4,17.8,4.0,2.0,55.4,66.8,3.4,0.4,0.4,0.2,66.2,0.4284543445232111,0.3958333333333333
William Macario,50.0,52.75,1.25,31.5,8.75,9.75,34.75,11.75,3.5,91.0,93.75,2.75,0.0,0.0,0.0,86.75,0.48976418318523585,0.3333333333333333
Willie Gates,16.75,26.25,0.0,9.0,5.75,2.0,10.5,2.25,4.0,43.0,52.5,0.0,0.5,0.25,0.0,100.0,0.4203977272727273,0.0
Wilson Gouveia,20.8,24.0,0.2,16.4,1.2,3.2,14.4,2.0,4.4,56.8,61.0,0.2,0.4,0.6,0.0,25.8,0.41088060147901534,1.0
Wilson Reis,13.2,25.4,3.2,6.0,1.4,5.8,12.8,0.4,0.0,75.0,91.0,8.8,0.0,0.2,0.0,173.8,0.18737738858907782,0.23235294117647057
Wu Yanan,57.4,68.2,0.4,30.2,15.4,11.8,47.4,8.6,1.4,139.0,151.4,1.6,0.0,0.2,0.2,94.0,0.4617238494857441,0.375
Wulijiburen,21.666666666666668,36.666666666666664,3.0,11.666666666666666,5.666666666666667,4.333333333333333,15.0,3.0,3.6666666666666665,50.666666666666664,67.0,7.0,0.0,0.3333333333333333,0.6666666666666666,208.33333333333334,0.44663905047300073,0.4545454545454546
Xavier Foupa-Pokam,11.5,16.0,0.0,4.0,6.0,1.5,9.0,2.0,0.5,26.5,31.0,0.0,0.0,0.0,0.5,3.0,0.4339622641509434,0.0
Xiao Long,74.33333333333333,102.66666666666667,0.6666666666666666,48.666666666666664,16.0,9.666666666666666,48.0,25.666666666666668,0.6666666666666666,169.66666666666666,204.66666666666666,2.6666666666666665,0.3333333333333333,0.0,0.0,141.66666666666666,0.4770253947010253,0.2
Yadier del Valle,5.0,28.0,0.5,2.0,0.5,2.5,3.5,0.0,1.5,6.5,38.5,0.5,0.0,2.0,0.0,128.5,0.875,1.0
Yair Rodriguez,50.0,72.8,0.2,28.2,11.6,10.2,36.6,3.8,9.6,94.0,122.8,0.4,0.4,0.2,0.0,39.0,0.526294122740989,0.5
Yan Cabral,23.0,45.8,2.2,17.6,2.8,2.6,11.6,3.8,7.6,49.2,74.4,7.2,0.2,0.8,0.2,347.4,0.4892803842184647,0.3555555555555555
Yan Xiaonan,55.4,80.6,0.6,28.8,10.2,16.4,47.2,2.0,6.2,104.2,133.4,0.6,0.4,0.0,0.4,84.0,0.5356854881407311,1.0
Yana Santos,68.2,121.6,0.0,23.8,26.8,17.6,42.4,25.8,0.0,115.6,180.6,0.4,0.2,0.0,0.0,93.4,0.5700177013781501,0.0
Yanal Ashmouz,33.25,50.25,2.5,21.5,6.0,5.75,19.25,8.25,5.75,65.5,87.5,6.5,0.0,0.0,0.25,157.75,0.5672868797868797,0.375
Yancy Medeiros,54.4,56.4,0.6,36.8,12.6,5.0,44.8,6.0,3.6,130.8,133.4,0.8,0.4,0.4,0.4,62.0,0.34382580243570643,0.6666666666666666
Yanis Ghemmouri,14.5,20.5,0.0,0.0,3.5,11.0,12.5,2.0,0.0,37.5,45.0,2.0,0.0,0.0,0.0,81.0,0.4417808219178082,0.0
Yao Zhikui,16.5,38.25,0.5,12.25,1.5,2.75,11.25,2.0,3.25,76.25,99.5,3.0,0.0,0.0,0.5,98.25,0.22171401059220028,0.16666666666666666
Yaotzin Meza,23.0,53.6,1.0,10.6,4.6,7.8,19.0,2.2,1.8,54.4,90.4,5.6,0.0,0.8,0.6,221.4,0.45927453547470803,0.32222222222222224
Yasuhiro Urushitani,35.0,37.0,0.0,19.5,7.5,8.0,35.0,0.0,0.0,88.0,90.0,0.5,0.0,0.0,0.0,0.0,0.4184247538677918,0.0
Yazmin Jauregui,56.4,64.4,0.0,35.2,9.4,11.8,46.4,5.4,4.6,143.0,153.0,1.0,0.4,0.0,0.0,36.6,0.3316909563771297,0.0
Yizha,26.0,50.0,1.6666666666666667,17.666666666666668,4.666666666666667,3.6666666666666665,20.666666666666668,3.0,2.3333333333333335,56.0,85.66666666666667,8.333333333333334,0.6666666666666666,0.0,0.0,169.66666666666666,0.5272224998611805,0.11904761904761904
Yoel Romero,73.8,96.0,1.6,47.0,11.8,15.0,58.2,10.6,5.0,162.4,186.8,7.0,0.8,0.0,0.0,119.2,0.4579615225882687,0.19305555555555554
Yohan Lainesse,16.5,17.0,0.5,6.75,4.0,5.75,14.75,1.0,0.75,39.75,40.25,1.5,0.25,0.25,0.0,29.75,0.3055239898989899,0.25
Yoislandy Izquierdo,31.5,43.5,0.0,15.5,10.5,5.5,27.0,3.5,1.0,60.5,73.5,1.0,0.0,0.0,0.0,8.5,0.5180921052631579,0.0
Yoji Anjo,3.0,10.0,0.0,0.3333333333333333,0.3333333333333333,2.3333333333333335,2.6666666666666665,0.3333333333333333,0.0,5.333333333333333,12.666666666666666,0.6666666666666666,0.0,0.3333333333333333,0.3333333333333333,8.0,0.3333333333333333,0.0
Yorgan De Castro,19.5,37.0,0.0,8.5,3.0,8.0,19.5,0.0,0.0,48.0,68.0,0.25,0.25,0.0,0.0,53.25,0.3357444005270092,0.0
Yosdenis Cedeno,20.5,36.5,0.0,8.25,3.25,9.0,15.75,2.0,2.75,68.5,86.25,0.5,0.25,0.25,1.25,87.5,0.36381423952087344,0.0
Yoshihiro Akiyama,43.8,57.8,0.8,33.6,3.4,6.8,34.0,1.4,8.4,108.8,126.4,2.2,0.0,0.0,0.0,125.0,0.3524181087341758,0.225
Yoshiki Takahashi,20.0,72.0,1.0,20.0,0.0,0.0,9.0,3.0,8.0,43.0,99.0,1.0,0.0,0.0,0.0,0.0,0.46511627906976744,1.0
Yoshinori Horie,39.0,41.0,0.0,24.0,7.0,8.0,35.0,4.0,0.0,79.0,81.0,1.0,0.0,0.0,0.0,2.0,0.4936708860759494,0.0
Yoshiyuki Yoshida,3.6,4.6,0.4,1.6,1.4,0.6,1.8,1.2,0.6,10.0,11.0,1.4,0.0,0.8,0.4,81.2,0.33145780051150897,0.5833333333333334
Yousri Belgaroui,102.0,110.0,1.0,73.0,17.0,12.0,94.0,4.0,4.0,138.0,148.0,1.0,0.0,0.0,0.0,40.0,0.7391304347826086,1.0
Youssef Zalal,26.0,28.6,1.0,16.4,2.4,7.2,24.6,0.0,1.4,45.8,49.2,3.0,0.2,1.0,0.0,83.6,0.4920983013088276,0.6
Yui Chul Nam,53.0,87.33333333333333,1.3333333333333333,35.666666666666664,12.333333333333334,5.0,14.333333333333334,27.0,11.666666666666666,103.33333333333333,144.0,8.333333333333334,1.0,0.3333333333333333,0.0,330.3333333333333,0.5057692307692307,0.5714285714285714
Yuki Kondo,12.0,47.333333333333336,0.0,9.666666666666666,2.3333333333333335,0.0,4.0,1.6666666666666667,6.333333333333333,20.333333333333332,57.333333333333336,0.6666666666666666,0.6666666666666666,0.0,0.6666666666666666,86.0,0.48148148148148145,0.0
Yuki Sasaki,26.0,32.0,0.0,19.0,2.0,5.0,22.0,4.0,0.0,66.0,72.0,0.0,0.0,0.0,0.0,277.0,0.3939393939393939,0.0
Yuneisy Duben,14.0,14.0,0.0,8.0,0.0,6.0,14.0,0.0,0.0,41.0,41.0,0.0,0.0,0.0,0.0,0.0,0.34146341463414637,0.0
Yuri Vaulin,1.0,114.0,0.0,1.0,0.0,0.0,1.0,0.0,0.0,5.0,131.0,0.0,0.0,0.0,0.0,0.0,0.2,0.0
Yuri Villefort,58.5,59.5,2.0,28.0,10.0,20.5,54.5,2.5,1.5,141.5,143.5,6.5,0.0,0.5,0.5,105.0,0.41604010025062654,0.3214285714285714
Yusaku Kinoshita,13.5,14.0,0.0,10.5,1.5,1.5,13.5,0.0,0.0,38.5,39.0,0.5,0.0,0.0,0.0,0.5,0.3687106918238994,0.0
Yushin Okami,12.6,26.6,1.8,9.2,2.2,1.2,7.6,1.6,3.4,35.0,50.6,6.8,0.0,0.2,0.0,235.6,0.3686711351924244,0.2653846153846154
Yusuke Kasuya,24.0,25.5,1.0,11.0,8.5,4.5,23.0,1.0,0.0,54.5,56.0,3.0,0.0,0.0,0.5,51.5,0.4222222222222222,0.375
Yuta Sasaki,20.6,34.4,1.4,13.2,5.4,2.0,13.2,2.0,5.4,49.0,64.4,2.2,0.0,0.4,0.6,126.0,0.4837593707105903,0.4603174603174603
Yves Edwards,31.4,33.4,0.4,13.8,8.0,9.6,27.4,4.0,0.0,74.4,77.8,0.8,0.0,0.0,0.0,42.8,0.4168430432161857,0.6666666666666666
Yves Jabouin,27.6,41.2,1.8,18.0,8.0,1.6,20.4,3.6,3.6,67.2,84.2,2.4,0.0,0.0,0.6,228.4,0.4608191555360174,0.90625
Zabit Magomedsharipov,67.0,80.8,5.2,43.6,8.4,15.0,56.6,1.4,9.0,143.8,160.2,9.0,0.0,0.4,0.2,253.4,0.5152671369998834,0.534004329004329
Zac Pauga,43.75,52.25,0.25,21.75,14.25,7.75,31.0,12.25,0.5,69.5,79.0,3.25,0.0,0.0,0.0,180.25,0.6401533433886375,0.06666666666666667
Zach Light,2.0,13.0,1.0,2.0,0.0,0.0,1.0,0.0,1.0,5.0,16.0,1.0,0.0,0.0,0.0,124.0,0.4,1.0
Zach Makovsky,28.8,46.2,3.0,16.4,5.8,6.6,18.4,5.4,5.0,65.4,84.4,12.2,0.0,0.2,0.6,211.6,0.46558319770595985,0.28119617224880383
Zach Reese,34.4,55.8,2.0,19.4,9.2,5.8,23.6,5.2,5.6,62.0,87.2,3.0,0.0,0.4,0.2,116.0,0.5267288052171774,0.7407407407407408
Zachary Scroggin,3.0,3.0,0.0,1.0,0.0,2.0,3.0,0.0,0.0,8.0,8.0,0.0,0.0,0.0,0.0,0.0,0.375,0.0
Zak Cummings,52.2,59.2,0.0,29.8,9.6,12.8,46.0,2.6,3.6,124.4,131.6,1.4,1.2,0.2,0.0,69.6,0.38983445789951887,0.0
Zak Ottow,11.4,19.2,0.6,7.2,2.4,1.8,7.2,0.6,3.6,37.0,46.6,2.2,0.4,0.2,0.0,102.6,0.3257762781623327,0.47222222222222227
Zane Frazier,1.0,1.0,0.0,0.0,1.0,0.0,1.0,0.0,0.0,2.0,2.0,0.0,0.0,0.0,0.0,0.0,0.5,0.0
Zarah Fairn,42.75,51.75,0.0,32.0,6.5,4.25,40.0,2.75,0.0,135.75,147.25,0.5,0.0,0.0,0.25,8.75,0.3702500807580489,0.0
Zarrukh Adashev,28.75,29.5,0.0,19.0,4.0,5.75,26.75,1.5,0.5,71.25,72.0,1.25,0.0,0.25,0.0,11.75,0.41122292341804534,0.0
Zelim Imadaev,38.333333333333336,46.666666666666664,0.3333333333333333,23.666666666666668,9.333333333333334,5.333333333333333,29.333333333333332,9.0,0.0,103.66666666666667,113.33333333333333,0.6666666666666666,0.0,0.0,0.0,121.66666666666667,0.35886280646844027,0.5
Zhalgas Zhumagulov,60.0,70.8,0.8,22.8,17.8,19.4,56.4,3.4,0.2,147.2,159.6,4.4,0.0,0.2,0.0,95.4,0.401372179756712,0.20128205128205132
Zhang Lipeng,19.25,66.25,1.75,6.0,4.25,9.0,9.5,8.0,1.75,39.5,96.75,5.75,0.0,0.75,0.0,267.5,0.4773068917668825,0.35
Zhang Mingyang,29.25,35.0,0.0,18.0,4.0,7.25,19.75,1.75,7.75,47.5,55.5,0.0,0.5,0.0,0.0,44.0,0.5776131374535629,0.0
Zhang Tiequan,13.0,14.5,0.5,10.5,0.5,2.0,13.0,0.0,0.0,35.25,37.5,0.5,0.0,1.25,0.0,30.25,0.3051611188283514,1.0
Zhang Weili,78.2,181.2,2.6,50.2,17.4,10.6,32.4,7.8,38.0,127.4,247.0,4.0,0.2,0.8,0.2,504.2,0.5672792596608464,0.46428571428571425
Zubaira Tukhugov,46.4,49.4,1.8,42.8,2.8,0.8,40.8,1.8,3.8,107.4,112.0,5.2,0.6,0.0,0.2,177.6,0.4746095513399412,0.29464285714285715
Zviad Lazishvili,63.0,66.0,0.0,25.0,17.0,21.0,60.0,3.0,0.0,160.0,163.0,6.0,0.0,0.0,0.0,90.0,0.39375,0.0
Zygimantas Ramaska,6.0,12.0,0.0,5.0,1.0,0.0,2.0,4.0,0.0,10.0,16.0,0.0,0.0,1.0,2.0,111.0,0.6,0.0
